CueNumber;ChannelID;FixtureID;AttributeName;Value;betweenCuesTime;FixtureType;MaxPower;Layer;Name;PowerUsed;Energy_J;Energy_Wh
1;1;;DIM;30;306;2 Dimmer 00 (2)                     ;2000.0;FRENTES;FT 1.1;235.29;72000;20
1;2;;DIM;30;306;2 Dimmer 00 (2)                     ;2000.0;FRENTES;FT 1.2;235.29;72000;20
1;3;;DIM;30;306;2 Dimmer 00 (2)                     ;2000.0;FRENTES;FT 1.3;235.29;72000;20
1;4;;DIM;30;306;2 Dimmer 00 (2)                     ;2000.0;FRENTES;FT 1.4;235.29;72000;20
1;5;;DIM;30;306;2 Dimmer 00 (2)                     ;2000.0;FRENTES;FT 1.5;235.29;72000;20
1;6;;DIM;30;306;2 Dimmer 00 (2)                     ;2000.0;FRENTES;FT 2.1;235.29;72000;20
1;7;;DIM;30;306;2 Dimmer 00 (2)                     ;2000.0;FRENTES;FT 2.2;235.29;72000;20
1;8;;DIM;30;306;2 Dimmer 00 (2)                     ;2000.0;FRENTES;FT 2.3;235.29;72000;20
1;9;;DIM;30;306;2 Dimmer 00 (2)                     ;2000.0;FRENTES;FT 2.4;235.29;72000;20
1;10;;DIM;30;306;2 Dimmer 00 (2)                     ;2000.0;FRENTES;FT 2.5;235.29;72000;20
1;11;;DIM;30;306;2 Dimmer 00 (2)                     ;1000.0;FRENTES;FT 201_3.1;117.65;36000;10
1;12;;DIM;30;306;2 Dimmer 00 (2)                     ;1000.0;FRENTES;FT 201_3.2;117.65;36000;10
1;13;;DIM;30;306;2 Dimmer 00 (2)                     ;1000.0;FRENTES;FT 201_3.3;117.65;36000;10
1;14;;DIM;30;306;2 Dimmer 00 (2)                     ;1000.0;FRENTES;FT 201_3.4;117.65;36000;10
1;15;;DIM;30;306;2 Dimmer 00 (2)                     ;1000.0;FRENTES;FT 201_3.5;117.65;36000;10
1;16;;DIM;30;306;2 Dimmer 00 (2)                     ;1000.0;FRENTES;FT 201_4.1;117.65;36000;10
1;17;;DIM;30;306;2 Dimmer 00 (2)                     ;1000.0;FRENTES;FT 201_4.2;117.65;36000;10
1;18;;DIM;30;306;2 Dimmer 00 (2)                     ;1000.0;FRENTES;FT 201_4.3;117.65;36000;10
1;19;;DIM;30;306;2 Dimmer 00 (2)                     ;1000.0;FRENTES;FT 115_3.1;117.65;36000;10
1;20;;DIM;30;306;2 Dimmer 00 (2)                     ;1000.0;FRENTES;FT 115_3.2;117.65;36000;10
1;21;;DIM;30;306;2 Dimmer 00 (2)                     ;1000.0;FRENTES;FT 115_3.3;117.65;36000;10
1;22;;DIM;30;306;2 Dimmer 00 (2)                     ;1000.0;FRENTES;FT 115_3.4;117.65;36000;10
1;23;;DIM;30;306;2 Dimmer 00 (2)                     ;1000.0;FRENTES;FT 115_3.5;117.65;36000;10
1;24;;DIM;30;306;2 Dimmer 00 (2)                     ;1000.0;FRENTES;FT 115_4.1;117.65;36000;10
1;25;;DIM;30;306;2 Dimmer 00 (2)                     ;1000.0;FRENTES;FT 115_4.2;117.65;36000;10
1;26;;DIM;30;306;2 Dimmer 00 (2)                     ;1000.0;FRENTES;FT 115_4.3;117.65;36000;10
1;27;;DIM;30;306;2 Dimmer 00 (2)                     ;1000.0;CONTRAS;CRT 201_1.1;117.65;36000;10
1;28;;DIM;30;306;2 Dimmer 00 (2)                     ;1000.0;CONTRAS;CRT 201_1.2;117.65;36000;10
1;29;;DIM;30;306;2 Dimmer 00 (2)                     ;1000.0;CONTRAS;CRT 201_1.3;117.65;36000;10
1;30;;DIM;30;306;2 Dimmer 00 (2)                     ;1000.0;CONTRAS;CRT 201_1.4;117.65;36000;10
1;31;;DIM;30;306;2 Dimmer 00 (2)                     ;1000.0;CONTRAS;CRT 201_2.1;117.65;36000;10
1;32;;DIM;30;306;2 Dimmer 00 (2)                     ;1000.0;CONTRAS;CRT 201_2.2;117.65;36000;10
1;33;;DIM;30;306;2 Dimmer 00 (2)                     ;1000.0;CONTRAS;CRT 201_2.3;117.65;36000;10
1;34;;DIM;30;306;2 Dimmer 00 (2)                     ;1000.0;CONTRAS;CRT 115_1.1;117.65;36000;10
1;35;;DIM;30;306;2 Dimmer 00 (2)                     ;1000.0;CONTRAS;CRT 115_1.2;117.65;36000;10
1;36;;DIM;30;306;2 Dimmer 00 (2)                     ;1000.0;CONTRAS;CRT 115_1.3;117.65;36000;10
1;37;;DIM;30;306;2 Dimmer 00 (2)                     ;1000.0;CONTRAS;CRT 115_1.4;117.65;36000;10
1;38;;DIM;30;306;2 Dimmer 00 (2)                     ;1000.0;CONTRAS;CRT 115_2.1;117.65;36000;10
1;39;;DIM;30;306;2 Dimmer 00 (2)                     ;1000.0;CONTRAS;CRT 115_2.2;117.65;36000;10
1;40;;DIM;30;306;2 Dimmer 00 (2)                     ;1000.0;CONTRAS;CRT 115_2.3;117.65;36000;10
1;41;;DIM;30;306;2 Dimmer 00 (2)                     ;750.0;LEQUE PAREDES;PAREDE 1;88.24;27000;7.5
1;42;;DIM;30;306;2 Dimmer 00 (2)                     ;750.0;LEQUE PAREDES;PAREDE 2;88.24;27000;7.5
1;43;;DIM;30;306;2 Dimmer 00 (2)                     ;750.0;LEQUE PAREDES;PAREDE 3;88.24;27000;7.5
1;44;;DIM;30;306;2 Dimmer 00 (2)                     ;750.0;LEQUE PAREDES;PAREDE 4;88.24;27000;7.5
1;45;;DIM;30;306;2 Dimmer 00 (2)                     ;750.0;LEQUE PAREDES;PAREDE 5;88.24;27000;7.5
1;46;;DIM;30;306;2 Dimmer 00 (2)                     ;750.0;LEQUE PAREDES;PAREDE 6;88.24;27000;7.5
1;47;;DIM;30;306;2 Dimmer 00 (2)                     ;750.0;LEQUE PAREDES;PAREDE 7;88.24;27000;7.5
1;48;;DIM;30;306;2 Dimmer 00 (2)                     ;1000.0;LATERAIS RED;RED 1;117.65;36000;10
1;49;;DIM;30;306;2 Dimmer 00 (2)                     ;1000.0;LATERAIS RED;RED 2;117.65;36000;10
1;50;;DIM;30;306;2 Dimmer 00 (2)                     ;1000.0;LATERAIS RED;RED 3;117.65;36000;10
1;51;;DIM;30;306;2 Dimmer 00 (2)                     ;1000.0;LATERAIS RED;RED 4;117.65;36000;10
1;52;;DIM;30;306;2 Dimmer 00 (2)                     ;750.0;BANHEIRA;BANHEIRA FRT;88.24;27000;7.5
1;53;;DIM;30;306;2 Dimmer 00 (2)                     ;750.0;BANHEIRA;BANHEIRA PIC.;88.24;27000;7.5
1;54;;DIM;30;306;2 Dimmer 00 (2)                     ;750.0;BANHEIRA;BANHEIRA CRT;88.24;27000;7.5
1;55;;DIM;30;306;2 Dimmer 00 (2)                     ;1000.0;BANCOS;BANCO FR L;117.65;36000;10
1;56;;DIM;30;306;2 Dimmer 00 (2)                     ;1000.0;BANCOS;BANCO CRT L;117.65;36000;10
1;57;;DIM;30;306;2 Dimmer 00 (2)                     ;1000.0;BANCOS;BANCO FR R;117.65;36000;10
1;58;;DIM;30;306;2 Dimmer 00 (2)                     ;1000.0;BANCOS;BANCO CRT R;117.65;36000;10
1;59;;DIM;30;306;2 Dimmer 00 (2)                     ;750.0;CADEIRA COUMIER;COUMIER;88.24;27000;7.5
1;60;;DIM;30;306;2 Dimmer 00 (2)                     ;750.0;GUILHOTINA;GUILHO PIC.;88.24;27000;7.5
1;61;;DIM;30;306;2 Dimmer 00 (2)                     ;750.0;GUILHOTINA;GUILHO CRT;88.24;27000;7.5
1;62;;DIM;30;306;2 Dimmer 00 (2)                     ;1000.0;CANTORES;CANTORES CRT;117.65;36000;10
1;63;;DIM;30;306;2 Dimmer 00 (2)                     ;1000.0;PORTA;PORTA FR PICADO;117.65;36000;10
1;64;;DIM;30;306;2 Dimmer 00 (2)                     ;1000.0;PORTA;PORTA CRT;117.65;36000;10
1;73;;DIM;30;306;2 Dimmer 00 (2)                     ;750.0;PORTA;PORTA RÉGIE;88.24;27000;7.5
1;65;;DIM;30;306;2 Dimmer 00 (2)                     ;1000.0;MUSICOS;MUSICO FR;117.65;36000;10
1;66;;DIM;30;306;2 Dimmer 00 (2)                     ;1000.0;MUSICOS;PAUTAS CRT;117.65;36000;10
1;67;;DIM;30;306;2 Dimmer 00 (2)                     ;750.0;MUSICOS;KEYS;88.24;27000;7.5
1;68;;DIM;30;306;2 Dimmer 00 (2)                     ;1000.0;ALCOVAS LAT.;DIR ALCOVA;117.65;36000;10
1;69;;DIM;30;306;2 Dimmer 00 (2)                     ;1000.0;ALCOVAS LAT.;BANHEIRA DIR;117.65;36000;10
1;70;;DIM;30;306;2 Dimmer 00 (2)                     ;750.0;ALCOVAS LAT.;ESQ ALCOVA;88.24;27000;7.5
1;71;;DIM;30;306;2 Dimmer 00 (2)                     ;750.0;ALCOVAS LAT.;BANHEIRA ESQ;88.24;27000;7.5
1;72;;DIM;0;306;2 Dimmer 00 (2)                     ;3000.0;FUMO;VAPOR;0;0;0
1;231;;DIM;30;306;2 Dimmer 00 (2)                     ;3000.0;VENTOINHAS;FAN 1;352.94;108000;30
1;232;;DIM;30;306;2 Dimmer 00 (2)                     ;1000.0;CODA PUB;PUB 1;117.65;36000;10
1;233;;DIM;30;306;2 Dimmer 00 (2)                     ;1000.0;CODA PUB;PUB 2;117.65;36000;10
1;234;;DIM;30;306;2 Dimmer 00 (2)                     ;1000.0;CODA PUB;PUB 3;117.65;36000;10
1;235;;DIM;30;306;2 Dimmer 00 (2)                     ;1000.0;CODA PUB;PUB 4;117.65;36000;10
2;1;;DIM;0;10;2 Dimmer 00 (2)                     ;2000.0;FRENTES;FT 1.1;0;0;0
2;2;;DIM;0;10;2 Dimmer 00 (2)                     ;2000.0;FRENTES;FT 1.2;0;0;0
2;3;;DIM;0;10;2 Dimmer 00 (2)                     ;2000.0;FRENTES;FT 1.3;0;0;0
2;4;;DIM;0;10;2 Dimmer 00 (2)                     ;2000.0;FRENTES;FT 1.4;0;0;0
2;5;;DIM;0;10;2 Dimmer 00 (2)                     ;2000.0;FRENTES;FT 1.5;0;0;0
2;6;;DIM;0;10;2 Dimmer 00 (2)                     ;2000.0;FRENTES;FT 2.1;0;0;0
2;7;;DIM;0;10;2 Dimmer 00 (2)                     ;2000.0;FRENTES;FT 2.2;0;0;0
2;8;;DIM;0;10;2 Dimmer 00 (2)                     ;2000.0;FRENTES;FT 2.3;0;0;0
2;9;;DIM;0;10;2 Dimmer 00 (2)                     ;2000.0;FRENTES;FT 2.4;0;0;0
2;10;;DIM;0;10;2 Dimmer 00 (2)                     ;2000.0;FRENTES;FT 2.5;0;0;0
2;11;;DIM;0;10;2 Dimmer 00 (2)                     ;1000.0;FRENTES;FT 201_3.1;0;0;0
2;12;;DIM;0;10;2 Dimmer 00 (2)                     ;1000.0;FRENTES;FT 201_3.2;0;0;0
2;13;;DIM;0;10;2 Dimmer 00 (2)                     ;1000.0;FRENTES;FT 201_3.3;0;0;0
2;14;;DIM;0;10;2 Dimmer 00 (2)                     ;1000.0;FRENTES;FT 201_3.4;0;0;0
2;15;;DIM;0;10;2 Dimmer 00 (2)                     ;1000.0;FRENTES;FT 201_3.5;0;0;0
2;16;;DIM;0;10;2 Dimmer 00 (2)                     ;1000.0;FRENTES;FT 201_4.1;0;0;0
2;17;;DIM;0;10;2 Dimmer 00 (2)                     ;1000.0;FRENTES;FT 201_4.2;0;0;0
2;18;;DIM;0;10;2 Dimmer 00 (2)                     ;1000.0;FRENTES;FT 201_4.3;0;0;0
2;19;;DIM;0;10;2 Dimmer 00 (2)                     ;1000.0;FRENTES;FT 115_3.1;0;0;0
2;20;;DIM;0;10;2 Dimmer 00 (2)                     ;1000.0;FRENTES;FT 115_3.2;0;0;0
2;21;;DIM;0;10;2 Dimmer 00 (2)                     ;1000.0;FRENTES;FT 115_3.3;0;0;0
2;22;;DIM;0;10;2 Dimmer 00 (2)                     ;1000.0;FRENTES;FT 115_3.4;0;0;0
2;23;;DIM;0;10;2 Dimmer 00 (2)                     ;1000.0;FRENTES;FT 115_3.5;0;0;0
2;24;;DIM;0;10;2 Dimmer 00 (2)                     ;1000.0;FRENTES;FT 115_4.1;0;0;0
2;25;;DIM;0;10;2 Dimmer 00 (2)                     ;1000.0;FRENTES;FT 115_4.2;0;0;0
2;26;;DIM;0;10;2 Dimmer 00 (2)                     ;1000.0;FRENTES;FT 115_4.3;0;0;0
2;27;;DIM;0;10;2 Dimmer 00 (2)                     ;1000.0;CONTRAS;CRT 201_1.1;0;0;0
2;28;;DIM;0;10;2 Dimmer 00 (2)                     ;1000.0;CONTRAS;CRT 201_1.2;0;0;0
2;29;;DIM;0;10;2 Dimmer 00 (2)                     ;1000.0;CONTRAS;CRT 201_1.3;0;0;0
2;30;;DIM;0;10;2 Dimmer 00 (2)                     ;1000.0;CONTRAS;CRT 201_1.4;0;0;0
2;31;;DIM;0;10;2 Dimmer 00 (2)                     ;1000.0;CONTRAS;CRT 201_2.1;0;0;0
2;32;;DIM;0;10;2 Dimmer 00 (2)                     ;1000.0;CONTRAS;CRT 201_2.2;0;0;0
2;33;;DIM;0;10;2 Dimmer 00 (2)                     ;1000.0;CONTRAS;CRT 201_2.3;0;0;0
2;34;;DIM;0;10;2 Dimmer 00 (2)                     ;1000.0;CONTRAS;CRT 115_1.1;0;0;0
2;35;;DIM;0;10;2 Dimmer 00 (2)                     ;1000.0;CONTRAS;CRT 115_1.2;0;0;0
2;36;;DIM;0;10;2 Dimmer 00 (2)                     ;1000.0;CONTRAS;CRT 115_1.3;0;0;0
2;37;;DIM;0;10;2 Dimmer 00 (2)                     ;1000.0;CONTRAS;CRT 115_1.4;0;0;0
2;38;;DIM;0;10;2 Dimmer 00 (2)                     ;1000.0;CONTRAS;CRT 115_2.1;0;0;0
2;39;;DIM;0;10;2 Dimmer 00 (2)                     ;1000.0;CONTRAS;CRT 115_2.2;0;0;0
2;40;;DIM;0;10;2 Dimmer 00 (2)                     ;1000.0;CONTRAS;CRT 115_2.3;0;0;0
2;41;;DIM;0;10;2 Dimmer 00 (2)                     ;750.0;LEQUE PAREDES;PAREDE 1;0;0;0
2;42;;DIM;0;10;2 Dimmer 00 (2)                     ;750.0;LEQUE PAREDES;PAREDE 2;0;0;0
2;43;;DIM;0;10;2 Dimmer 00 (2)                     ;750.0;LEQUE PAREDES;PAREDE 3;0;0;0
2;44;;DIM;0;10;2 Dimmer 00 (2)                     ;750.0;LEQUE PAREDES;PAREDE 4;0;0;0
2;45;;DIM;0;10;2 Dimmer 00 (2)                     ;750.0;LEQUE PAREDES;PAREDE 5;0;0;0
2;46;;DIM;0;10;2 Dimmer 00 (2)                     ;750.0;LEQUE PAREDES;PAREDE 6;0;0;0
2;47;;DIM;0;10;2 Dimmer 00 (2)                     ;750.0;LEQUE PAREDES;PAREDE 7;0;0;0
2;48;;DIM;0;10;2 Dimmer 00 (2)                     ;1000.0;LATERAIS RED;RED 1;0;0;0
2;49;;DIM;0;10;2 Dimmer 00 (2)                     ;1000.0;LATERAIS RED;RED 2;0;0;0
2;50;;DIM;0;10;2 Dimmer 00 (2)                     ;1000.0;LATERAIS RED;RED 3;0;0;0
2;51;;DIM;0;10;2 Dimmer 00 (2)                     ;1000.0;LATERAIS RED;RED 4;0;0;0
2;52;;DIM;0;10;2 Dimmer 00 (2)                     ;750.0;BANHEIRA;BANHEIRA FRT;0;0;0
2;53;;DIM;0;10;2 Dimmer 00 (2)                     ;750.0;BANHEIRA;BANHEIRA PIC.;0;0;0
2;54;;DIM;0;10;2 Dimmer 00 (2)                     ;750.0;BANHEIRA;BANHEIRA CRT;0;0;0
2;55;;DIM;0;10;2 Dimmer 00 (2)                     ;1000.0;BANCOS;BANCO FR L;0;0;0
2;56;;DIM;0;10;2 Dimmer 00 (2)                     ;1000.0;BANCOS;BANCO CRT L;0;0;0
2;57;;DIM;0;10;2 Dimmer 00 (2)                     ;1000.0;BANCOS;BANCO FR R;0;0;0
2;58;;DIM;0;10;2 Dimmer 00 (2)                     ;1000.0;BANCOS;BANCO CRT R;0;0;0
2;59;;DIM;0;10;2 Dimmer 00 (2)                     ;750.0;CADEIRA COUMIER;COUMIER;0;0;0
2;60;;DIM;0;10;2 Dimmer 00 (2)                     ;750.0;GUILHOTINA;GUILHO PIC.;0;0;0
2;61;;DIM;0;10;2 Dimmer 00 (2)                     ;750.0;GUILHOTINA;GUILHO CRT;0;0;0
2;62;;DIM;0;10;2 Dimmer 00 (2)                     ;1000.0;CANTORES;CANTORES CRT;0;0;0
2;63;;DIM;0;10;2 Dimmer 00 (2)                     ;1000.0;PORTA;PORTA FR PICADO;0;0;0
2;64;;DIM;0;10;2 Dimmer 00 (2)                     ;1000.0;PORTA;PORTA CRT;0;0;0
2;73;;DIM;0;10;2 Dimmer 00 (2)                     ;750.0;PORTA;PORTA RÉGIE;0;0;0
2;65;;DIM;0;10;2 Dimmer 00 (2)                     ;1000.0;MUSICOS;MUSICO FR;0;0;0
2;66;;DIM;0;10;2 Dimmer 00 (2)                     ;1000.0;MUSICOS;PAUTAS CRT;0;0;0
2;67;;DIM;0;10;2 Dimmer 00 (2)                     ;750.0;MUSICOS;KEYS;0;0;0
2;68;;DIM;0;10;2 Dimmer 00 (2)                     ;1000.0;ALCOVAS LAT.;DIR ALCOVA;0;0;0
2;69;;DIM;0;10;2 Dimmer 00 (2)                     ;1000.0;ALCOVAS LAT.;BANHEIRA DIR;0;0;0
2;70;;DIM;0;10;2 Dimmer 00 (2)                     ;750.0;ALCOVAS LAT.;ESQ ALCOVA;0;0;0
2;71;;DIM;0;10;2 Dimmer 00 (2)                     ;750.0;ALCOVAS LAT.;BANHEIRA ESQ;0;0;0
2;72;;DIM;0;10;2 Dimmer 00 (2)                     ;3000.0;FUMO;VAPOR;0;0;0
2;231;;DIM;0;10;2 Dimmer 00 (2)                     ;3000.0;VENTOINHAS;FAN 1;0;0;0
2;232;;DIM;0;10;2 Dimmer 00 (2)                     ;1000.0;CODA PUB;PUB 1;0;0;0
2;233;;DIM;0;10;2 Dimmer 00 (2)                     ;1000.0;CODA PUB;PUB 2;0;0;0
2;234;;DIM;0;10;2 Dimmer 00 (2)                     ;1000.0;CODA PUB;PUB 3;0;0;0
2;235;;DIM;0;10;2 Dimmer 00 (2)                     ;1000.0;CODA PUB;PUB 4;0;0;0
2;1;;DIM;0;10;2 Dimmer 00 (2)                     ;2000.0;FRENTES;FT 1.1;0;0;0
2;2;;DIM;0;10;2 Dimmer 00 (2)                     ;2000.0;FRENTES;FT 1.2;0;0;0
2;3;;DIM;0;10;2 Dimmer 00 (2)                     ;2000.0;FRENTES;FT 1.3;0;0;0
2;4;;DIM;0;10;2 Dimmer 00 (2)                     ;2000.0;FRENTES;FT 1.4;0;0;0
2;5;;DIM;0;10;2 Dimmer 00 (2)                     ;2000.0;FRENTES;FT 1.5;0;0;0
2;6;;DIM;0;10;2 Dimmer 00 (2)                     ;2000.0;FRENTES;FT 2.1;0;0;0
2;7;;DIM;0;10;2 Dimmer 00 (2)                     ;2000.0;FRENTES;FT 2.2;0;0;0
2;8;;DIM;0;10;2 Dimmer 00 (2)                     ;2000.0;FRENTES;FT 2.3;0;0;0
2;9;;DIM;0;10;2 Dimmer 00 (2)                     ;2000.0;FRENTES;FT 2.4;0;0;0
2;10;;DIM;0;10;2 Dimmer 00 (2)                     ;2000.0;FRENTES;FT 2.5;0;0;0
2;11;;DIM;0;10;2 Dimmer 00 (2)                     ;1000.0;FRENTES;FT 201_3.1;0;0;0
2;12;;DIM;0;10;2 Dimmer 00 (2)                     ;1000.0;FRENTES;FT 201_3.2;0;0;0
2;13;;DIM;0;10;2 Dimmer 00 (2)                     ;1000.0;FRENTES;FT 201_3.3;0;0;0
2;14;;DIM;0;10;2 Dimmer 00 (2)                     ;1000.0;FRENTES;FT 201_3.4;0;0;0
2;15;;DIM;0;10;2 Dimmer 00 (2)                     ;1000.0;FRENTES;FT 201_3.5;0;0;0
2;16;;DIM;0;10;2 Dimmer 00 (2)                     ;1000.0;FRENTES;FT 201_4.1;0;0;0
2;17;;DIM;0;10;2 Dimmer 00 (2)                     ;1000.0;FRENTES;FT 201_4.2;0;0;0
2;18;;DIM;0;10;2 Dimmer 00 (2)                     ;1000.0;FRENTES;FT 201_4.3;0;0;0
2;19;;DIM;16;10;2 Dimmer 00 (2)                     ;1000.0;FRENTES;FT 115_3.1;62.75;627.45;0.17
2;20;;DIM;16;10;2 Dimmer 00 (2)                     ;1000.0;FRENTES;FT 115_3.2;62.75;627.45;0.17
2;21;;DIM;16;10;2 Dimmer 00 (2)                     ;1000.0;FRENTES;FT 115_3.3;62.75;627.45;0.17
2;22;;DIM;16;10;2 Dimmer 00 (2)                     ;1000.0;FRENTES;FT 115_3.4;62.75;627.45;0.17
2;23;;DIM;16;10;2 Dimmer 00 (2)                     ;1000.0;FRENTES;FT 115_3.5;62.75;627.45;0.17
2;24;;DIM;16;10;2 Dimmer 00 (2)                     ;1000.0;FRENTES;FT 115_4.1;62.75;627.45;0.17
2;25;;DIM;16;10;2 Dimmer 00 (2)                     ;1000.0;FRENTES;FT 115_4.2;62.75;627.45;0.17
2;26;;DIM;16;10;2 Dimmer 00 (2)                     ;1000.0;FRENTES;FT 115_4.3;62.75;627.45;0.17
2;27;;DIM;0;10;2 Dimmer 00 (2)                     ;1000.0;CONTRAS;CRT 201_1.1;0;0;0
2;28;;DIM;0;10;2 Dimmer 00 (2)                     ;1000.0;CONTRAS;CRT 201_1.2;0;0;0
2;29;;DIM;0;10;2 Dimmer 00 (2)                     ;1000.0;CONTRAS;CRT 201_1.3;0;0;0
2;30;;DIM;0;10;2 Dimmer 00 (2)                     ;1000.0;CONTRAS;CRT 201_1.4;0;0;0
2;31;;DIM;0;10;2 Dimmer 00 (2)                     ;1000.0;CONTRAS;CRT 201_2.1;0;0;0
2;32;;DIM;0;10;2 Dimmer 00 (2)                     ;1000.0;CONTRAS;CRT 201_2.2;0;0;0
2;33;;DIM;0;10;2 Dimmer 00 (2)                     ;1000.0;CONTRAS;CRT 201_2.3;0;0;0
2;34;;DIM;19.5;10;2 Dimmer 00 (2)                     ;1000.0;CONTRAS;CRT 115_1.1;76.47;764.71;0.21
2;35;;DIM;19.5;10;2 Dimmer 00 (2)                     ;1000.0;CONTRAS;CRT 115_1.2;76.47;764.71;0.21
2;36;;DIM;19.5;10;2 Dimmer 00 (2)                     ;1000.0;CONTRAS;CRT 115_1.3;76.47;764.71;0.21
2;37;;DIM;19.5;10;2 Dimmer 00 (2)                     ;1000.0;CONTRAS;CRT 115_1.4;76.47;764.71;0.21
2;38;;DIM;19.5;10;2 Dimmer 00 (2)                     ;1000.0;CONTRAS;CRT 115_2.1;76.47;764.71;0.21
2;39;;DIM;19.5;10;2 Dimmer 00 (2)                     ;1000.0;CONTRAS;CRT 115_2.2;76.47;764.71;0.21
2;40;;DIM;19.5;10;2 Dimmer 00 (2)                     ;1000.0;CONTRAS;CRT 115_2.3;76.47;764.71;0.21
2;41;;DIM;27;10;2 Dimmer 00 (2)                     ;750.0;LEQUE PAREDES;PAREDE 1;79.41;794.12;0.22
2;42;;DIM;27;10;2 Dimmer 00 (2)                     ;750.0;LEQUE PAREDES;PAREDE 2;79.41;794.12;0.22
2;43;;DIM;27;10;2 Dimmer 00 (2)                     ;750.0;LEQUE PAREDES;PAREDE 3;79.41;794.12;0.22
2;44;;DIM;27;10;2 Dimmer 00 (2)                     ;750.0;LEQUE PAREDES;PAREDE 4;79.41;794.12;0.22
2;45;;DIM;27;10;2 Dimmer 00 (2)                     ;750.0;LEQUE PAREDES;PAREDE 5;79.41;794.12;0.22
2;46;;DIM;27;10;2 Dimmer 00 (2)                     ;750.0;LEQUE PAREDES;PAREDE 6;79.41;794.12;0.22
2;47;;DIM;27;10;2 Dimmer 00 (2)                     ;750.0;LEQUE PAREDES;PAREDE 7;79.41;794.12;0.22
2;48;;DIM;0;10;2 Dimmer 00 (2)                     ;1000.0;LATERAIS RED;RED 1;0;0;0
2;49;;DIM;0;10;2 Dimmer 00 (2)                     ;1000.0;LATERAIS RED;RED 2;0;0;0
2;50;;DIM;0;10;2 Dimmer 00 (2)                     ;1000.0;LATERAIS RED;RED 3;0;0;0
2;51;;DIM;0;10;2 Dimmer 00 (2)                     ;1000.0;LATERAIS RED;RED 4;0;0;0
2;52;;DIM;0;10;2 Dimmer 00 (2)                     ;750.0;BANHEIRA;BANHEIRA FRT;0;0;0
2;53;;DIM;26;10;2 Dimmer 00 (2)                     ;750.0;BANHEIRA;BANHEIRA PIC.;76.47;764.71;0.21
2;54;;DIM;31.5;10;2 Dimmer 00 (2)                     ;750.0;BANHEIRA;BANHEIRA CRT;92.65;926.47;0.26
2;55;;DIM;0;10;2 Dimmer 00 (2)                     ;1000.0;BANCOS;BANCO FR L;0;0;0
2;56;;DIM;0;10;2 Dimmer 00 (2)                     ;1000.0;BANCOS;BANCO CRT L;0;0;0
2;57;;DIM;0;10;2 Dimmer 00 (2)                     ;1000.0;BANCOS;BANCO FR R;0;0;0
2;58;;DIM;0;10;2 Dimmer 00 (2)                     ;1000.0;BANCOS;BANCO CRT R;0;0;0
2;59;;DIM;0;10;2 Dimmer 00 (2)                     ;750.0;CADEIRA COUMIER;COUMIER;0;0;0
2;60;;DIM;0;10;2 Dimmer 00 (2)                     ;750.0;GUILHOTINA;GUILHO PIC.;0;0;0
2;61;;DIM;0;10;2 Dimmer 00 (2)                     ;750.0;GUILHOTINA;GUILHO CRT;0;0;0
2;62;;DIM;0;10;2 Dimmer 00 (2)                     ;1000.0;CANTORES;CANTORES CRT;0;0;0
2;63;;DIM;0;10;2 Dimmer 00 (2)                     ;1000.0;PORTA;PORTA FR PICADO;0;0;0
2;64;;DIM;0;10;2 Dimmer 00 (2)                     ;1000.0;PORTA;PORTA CRT;0;0;0
2;73;;DIM;0;10;2 Dimmer 00 (2)                     ;750.0;PORTA;PORTA RÉGIE;0;0;0
2;65;;DIM;0;10;2 Dimmer 00 (2)                     ;1000.0;MUSICOS;MUSICO FR;0;0;0
2;66;;DIM;0;10;2 Dimmer 00 (2)                     ;1000.0;MUSICOS;PAUTAS CRT;0;0;0
2;67;;DIM;0;10;2 Dimmer 00 (2)                     ;750.0;MUSICOS;KEYS;0;0;0
2;68;;DIM;0;10;2 Dimmer 00 (2)                     ;1000.0;ALCOVAS LAT.;DIR ALCOVA;0;0;0
2;69;;DIM;0;10;2 Dimmer 00 (2)                     ;1000.0;ALCOVAS LAT.;BANHEIRA DIR;0;0;0
2;70;;DIM;0;10;2 Dimmer 00 (2)                     ;750.0;ALCOVAS LAT.;ESQ ALCOVA;0;0;0
2;71;;DIM;0;10;2 Dimmer 00 (2)                     ;750.0;ALCOVAS LAT.;BANHEIRA ESQ;0;0;0
2;72;;DIM;0;10;2 Dimmer 00 (2)                     ;3000.0;FUMO;VAPOR;0;0;0
2;231;;DIM;0;10;2 Dimmer 00 (2)                     ;3000.0;VENTOINHAS;FAN 1;0;0;0
2;232;;DIM;60;10;2 Dimmer 00 (2)                     ;1000.0;CODA PUB;PUB 1;235.29;2352.94;0.65
2;233;;DIM;60;10;2 Dimmer 00 (2)                     ;1000.0;CODA PUB;PUB 2;235.29;2352.94;0.65
2;234;;DIM;60;10;2 Dimmer 00 (2)                     ;1000.0;CODA PUB;PUB 3;235.29;2352.94;0.65
2;235;;DIM;60;10;2 Dimmer 00 (2)                     ;1000.0;CODA PUB;PUB 4;235.29;2352.94;0.65
3;1;;DIM;0;80;2 Dimmer 00 (2)                     ;2000.0;FRENTES;FT 1.1;0;0;0
3;2;;DIM;0;80;2 Dimmer 00 (2)                     ;2000.0;FRENTES;FT 1.2;0;0;0
3;3;;DIM;0;80;2 Dimmer 00 (2)                     ;2000.0;FRENTES;FT 1.3;0;0;0
3;4;;DIM;0;80;2 Dimmer 00 (2)                     ;2000.0;FRENTES;FT 1.4;0;0;0
3;5;;DIM;0;80;2 Dimmer 00 (2)                     ;2000.0;FRENTES;FT 1.5;0;0;0
3;6;;DIM;0;80;2 Dimmer 00 (2)                     ;2000.0;FRENTES;FT 2.1;0;0;0
3;7;;DIM;0;80;2 Dimmer 00 (2)                     ;2000.0;FRENTES;FT 2.2;0;0;0
3;8;;DIM;0;80;2 Dimmer 00 (2)                     ;2000.0;FRENTES;FT 2.3;0;0;0
3;9;;DIM;0;80;2 Dimmer 00 (2)                     ;2000.0;FRENTES;FT 2.4;0;0;0
3;10;;DIM;0;80;2 Dimmer 00 (2)                     ;2000.0;FRENTES;FT 2.5;0;0;0
3;11;;DIM;0;80;2 Dimmer 00 (2)                     ;1000.0;FRENTES;FT 201_3.1;0;0;0
3;12;;DIM;0;80;2 Dimmer 00 (2)                     ;1000.0;FRENTES;FT 201_3.2;0;0;0
3;13;;DIM;0;80;2 Dimmer 00 (2)                     ;1000.0;FRENTES;FT 201_3.3;0;0;0
3;14;;DIM;0;80;2 Dimmer 00 (2)                     ;1000.0;FRENTES;FT 201_3.4;0;0;0
3;15;;DIM;0;80;2 Dimmer 00 (2)                     ;1000.0;FRENTES;FT 201_3.5;0;0;0
3;16;;DIM;0;80;2 Dimmer 00 (2)                     ;1000.0;FRENTES;FT 201_4.1;0;0;0
3;17;;DIM;0;80;2 Dimmer 00 (2)                     ;1000.0;FRENTES;FT 201_4.2;0;0;0
3;18;;DIM;0;80;2 Dimmer 00 (2)                     ;1000.0;FRENTES;FT 201_4.3;0;0;0
3;19;;DIM;16;80;2 Dimmer 00 (2)                     ;1000.0;FRENTES;FT 115_3.1;62.75;5019.61;1.39
3;20;;DIM;16;80;2 Dimmer 00 (2)                     ;1000.0;FRENTES;FT 115_3.2;62.75;5019.61;1.39
3;21;;DIM;16;80;2 Dimmer 00 (2)                     ;1000.0;FRENTES;FT 115_3.3;62.75;5019.61;1.39
3;22;;DIM;16;80;2 Dimmer 00 (2)                     ;1000.0;FRENTES;FT 115_3.4;62.75;5019.61;1.39
3;23;;DIM;16;80;2 Dimmer 00 (2)                     ;1000.0;FRENTES;FT 115_3.5;62.75;5019.61;1.39
3;24;;DIM;16;80;2 Dimmer 00 (2)                     ;1000.0;FRENTES;FT 115_4.1;62.75;5019.61;1.39
3;25;;DIM;16;80;2 Dimmer 00 (2)                     ;1000.0;FRENTES;FT 115_4.2;62.75;5019.61;1.39
3;26;;DIM;16;80;2 Dimmer 00 (2)                     ;1000.0;FRENTES;FT 115_4.3;62.75;5019.61;1.39
3;27;;DIM;0;80;2 Dimmer 00 (2)                     ;1000.0;CONTRAS;CRT 201_1.1;0;0;0
3;28;;DIM;0;80;2 Dimmer 00 (2)                     ;1000.0;CONTRAS;CRT 201_1.2;0;0;0
3;29;;DIM;0;80;2 Dimmer 00 (2)                     ;1000.0;CONTRAS;CRT 201_1.3;0;0;0
3;30;;DIM;0;80;2 Dimmer 00 (2)                     ;1000.0;CONTRAS;CRT 201_1.4;0;0;0
3;31;;DIM;0;80;2 Dimmer 00 (2)                     ;1000.0;CONTRAS;CRT 201_2.1;0;0;0
3;32;;DIM;0;80;2 Dimmer 00 (2)                     ;1000.0;CONTRAS;CRT 201_2.2;0;0;0
3;33;;DIM;0;80;2 Dimmer 00 (2)                     ;1000.0;CONTRAS;CRT 201_2.3;0;0;0
3;34;;DIM;19.5;80;2 Dimmer 00 (2)                     ;1000.0;CONTRAS;CRT 115_1.1;76.47;6117.65;1.7
3;35;;DIM;19.5;80;2 Dimmer 00 (2)                     ;1000.0;CONTRAS;CRT 115_1.2;76.47;6117.65;1.7
3;36;;DIM;19.5;80;2 Dimmer 00 (2)                     ;1000.0;CONTRAS;CRT 115_1.3;76.47;6117.65;1.7
3;37;;DIM;19.5;80;2 Dimmer 00 (2)                     ;1000.0;CONTRAS;CRT 115_1.4;76.47;6117.65;1.7
3;38;;DIM;19.5;80;2 Dimmer 00 (2)                     ;1000.0;CONTRAS;CRT 115_2.1;76.47;6117.65;1.7
3;39;;DIM;19.5;80;2 Dimmer 00 (2)                     ;1000.0;CONTRAS;CRT 115_2.2;76.47;6117.65;1.7
3;40;;DIM;19.5;80;2 Dimmer 00 (2)                     ;1000.0;CONTRAS;CRT 115_2.3;76.47;6117.65;1.7
3;41;;DIM;27;80;2 Dimmer 00 (2)                     ;750.0;LEQUE PAREDES;PAREDE 1;79.41;6352.94;1.76
3;42;;DIM;27;80;2 Dimmer 00 (2)                     ;750.0;LEQUE PAREDES;PAREDE 2;79.41;6352.94;1.76
3;43;;DIM;27;80;2 Dimmer 00 (2)                     ;750.0;LEQUE PAREDES;PAREDE 3;79.41;6352.94;1.76
3;44;;DIM;27;80;2 Dimmer 00 (2)                     ;750.0;LEQUE PAREDES;PAREDE 4;79.41;6352.94;1.76
3;45;;DIM;27;80;2 Dimmer 00 (2)                     ;750.0;LEQUE PAREDES;PAREDE 5;79.41;6352.94;1.76
3;46;;DIM;27;80;2 Dimmer 00 (2)                     ;750.0;LEQUE PAREDES;PAREDE 6;79.41;6352.94;1.76
3;47;;DIM;27;80;2 Dimmer 00 (2)                     ;750.0;LEQUE PAREDES;PAREDE 7;79.41;6352.94;1.76
3;48;;DIM;0;80;2 Dimmer 00 (2)                     ;1000.0;LATERAIS RED;RED 1;0;0;0
3;49;;DIM;0;80;2 Dimmer 00 (2)                     ;1000.0;LATERAIS RED;RED 2;0;0;0
3;50;;DIM;0;80;2 Dimmer 00 (2)                     ;1000.0;LATERAIS RED;RED 3;0;0;0
3;51;;DIM;0;80;2 Dimmer 00 (2)                     ;1000.0;LATERAIS RED;RED 4;0;0;0
3;52;;DIM;0;80;2 Dimmer 00 (2)                     ;750.0;BANHEIRA;BANHEIRA FRT;0;0;0
3;53;;DIM;26;80;2 Dimmer 00 (2)                     ;750.0;BANHEIRA;BANHEIRA PIC.;76.47;6117.65;1.7
3;54;;DIM;31.5;80;2 Dimmer 00 (2)                     ;750.0;BANHEIRA;BANHEIRA CRT;92.65;7411.76;2.06
3;55;;DIM;0;80;2 Dimmer 00 (2)                     ;1000.0;BANCOS;BANCO FR L;0;0;0
3;56;;DIM;0;80;2 Dimmer 00 (2)                     ;1000.0;BANCOS;BANCO CRT L;0;0;0
3;57;;DIM;0;80;2 Dimmer 00 (2)                     ;1000.0;BANCOS;BANCO FR R;0;0;0
3;58;;DIM;0;80;2 Dimmer 00 (2)                     ;1000.0;BANCOS;BANCO CRT R;0;0;0
3;59;;DIM;0;80;2 Dimmer 00 (2)                     ;750.0;CADEIRA COUMIER;COUMIER;0;0;0
3;60;;DIM;0;80;2 Dimmer 00 (2)                     ;750.0;GUILHOTINA;GUILHO PIC.;0;0;0
3;61;;DIM;0;80;2 Dimmer 00 (2)                     ;750.0;GUILHOTINA;GUILHO CRT;0;0;0
3;62;;DIM;0;80;2 Dimmer 00 (2)                     ;1000.0;CANTORES;CANTORES CRT;0;0;0
3;63;;DIM;0;80;2 Dimmer 00 (2)                     ;1000.0;PORTA;PORTA FR PICADO;0;0;0
3;64;;DIM;0;80;2 Dimmer 00 (2)                     ;1000.0;PORTA;PORTA CRT;0;0;0
3;73;;DIM;0;80;2 Dimmer 00 (2)                     ;750.0;PORTA;PORTA RÉGIE;0;0;0
3;65;;DIM;0;80;2 Dimmer 00 (2)                     ;1000.0;MUSICOS;MUSICO FR;0;0;0
3;66;;DIM;0;80;2 Dimmer 00 (2)                     ;1000.0;MUSICOS;PAUTAS CRT;0;0;0
3;67;;DIM;0;80;2 Dimmer 00 (2)                     ;750.0;MUSICOS;KEYS;0;0;0
3;68;;DIM;0;80;2 Dimmer 00 (2)                     ;1000.0;ALCOVAS LAT.;DIR ALCOVA;0;0;0
3;69;;DIM;0;80;2 Dimmer 00 (2)                     ;1000.0;ALCOVAS LAT.;BANHEIRA DIR;0;0;0
3;70;;DIM;0;80;2 Dimmer 00 (2)                     ;750.0;ALCOVAS LAT.;ESQ ALCOVA;0;0;0
3;71;;DIM;0;80;2 Dimmer 00 (2)                     ;750.0;ALCOVAS LAT.;BANHEIRA ESQ;0;0;0
3;72;;DIM;0;80;2 Dimmer 00 (2)                     ;3000.0;FUMO;VAPOR;0;0;0
3;231;;DIM;0;80;2 Dimmer 00 (2)                     ;3000.0;VENTOINHAS;FAN 1;0;0;0
3;232;;DIM;0;80;2 Dimmer 00 (2)                     ;1000.0;CODA PUB;PUB 1;0;0;0
3;233;;DIM;0;80;2 Dimmer 00 (2)                     ;1000.0;CODA PUB;PUB 2;0;0;0
3;234;;DIM;0;80;2 Dimmer 00 (2)                     ;1000.0;CODA PUB;PUB 3;0;0;0
3;235;;DIM;0;80;2 Dimmer 00 (2)                     ;1000.0;CODA PUB;PUB 4;0;0;0
4;1;;DIM;0;271;2 Dimmer 00 (2)                     ;2000.0;FRENTES;FT 1.1;0;0;0
4;2;;DIM;0;271;2 Dimmer 00 (2)                     ;2000.0;FRENTES;FT 1.2;0;0;0
4;3;;DIM;0;271;2 Dimmer 00 (2)                     ;2000.0;FRENTES;FT 1.3;0;0;0
4;4;;DIM;0;271;2 Dimmer 00 (2)                     ;2000.0;FRENTES;FT 1.4;0;0;0
4;5;;DIM;0;271;2 Dimmer 00 (2)                     ;2000.0;FRENTES;FT 1.5;0;0;0
4;6;;DIM;0;271;2 Dimmer 00 (2)                     ;2000.0;FRENTES;FT 2.1;0;0;0
4;7;;DIM;0;271;2 Dimmer 00 (2)                     ;2000.0;FRENTES;FT 2.2;0;0;0
4;8;;DIM;0;271;2 Dimmer 00 (2)                     ;2000.0;FRENTES;FT 2.3;0;0;0
4;9;;DIM;0;271;2 Dimmer 00 (2)                     ;2000.0;FRENTES;FT 2.4;0;0;0
4;10;;DIM;0;271;2 Dimmer 00 (2)                     ;2000.0;FRENTES;FT 2.5;0;0;0
4;11;;DIM;0;271;2 Dimmer 00 (2)                     ;1000.0;FRENTES;FT 201_3.1;0;0;0
4;12;;DIM;0;271;2 Dimmer 00 (2)                     ;1000.0;FRENTES;FT 201_3.2;0;0;0
4;13;;DIM;0;271;2 Dimmer 00 (2)                     ;1000.0;FRENTES;FT 201_3.3;0;0;0
4;14;;DIM;0;271;2 Dimmer 00 (2)                     ;1000.0;FRENTES;FT 201_3.4;0;0;0
4;15;;DIM;0;271;2 Dimmer 00 (2)                     ;1000.0;FRENTES;FT 201_3.5;0;0;0
4;16;;DIM;0;271;2 Dimmer 00 (2)                     ;1000.0;FRENTES;FT 201_4.1;0;0;0
4;17;;DIM;0;271;2 Dimmer 00 (2)                     ;1000.0;FRENTES;FT 201_4.2;0;0;0
4;18;;DIM;0;271;2 Dimmer 00 (2)                     ;1000.0;FRENTES;FT 201_4.3;0;0;0
4;19;;DIM;16;271;2 Dimmer 00 (2)                     ;1000.0;FRENTES;FT 115_3.1;62.75;17003.92;4.72
4;20;;DIM;16;271;2 Dimmer 00 (2)                     ;1000.0;FRENTES;FT 115_3.2;62.75;17003.92;4.72
4;21;;DIM;16;271;2 Dimmer 00 (2)                     ;1000.0;FRENTES;FT 115_3.3;62.75;17003.92;4.72
4;22;;DIM;16;271;2 Dimmer 00 (2)                     ;1000.0;FRENTES;FT 115_3.4;62.75;17003.92;4.72
4;23;;DIM;16;271;2 Dimmer 00 (2)                     ;1000.0;FRENTES;FT 115_3.5;62.75;17003.92;4.72
4;24;;DIM;16;271;2 Dimmer 00 (2)                     ;1000.0;FRENTES;FT 115_4.1;62.75;17003.92;4.72
4;25;;DIM;16;271;2 Dimmer 00 (2)                     ;1000.0;FRENTES;FT 115_4.2;62.75;17003.92;4.72
4;26;;DIM;16;271;2 Dimmer 00 (2)                     ;1000.0;FRENTES;FT 115_4.3;62.75;17003.92;4.72
4;27;;DIM;0;271;2 Dimmer 00 (2)                     ;1000.0;CONTRAS;CRT 201_1.1;0;0;0
4;28;;DIM;0;271;2 Dimmer 00 (2)                     ;1000.0;CONTRAS;CRT 201_1.2;0;0;0
4;29;;DIM;0;271;2 Dimmer 00 (2)                     ;1000.0;CONTRAS;CRT 201_1.3;0;0;0
4;30;;DIM;0;271;2 Dimmer 00 (2)                     ;1000.0;CONTRAS;CRT 201_1.4;0;0;0
4;31;;DIM;0;271;2 Dimmer 00 (2)                     ;1000.0;CONTRAS;CRT 201_2.1;0;0;0
4;32;;DIM;0;271;2 Dimmer 00 (2)                     ;1000.0;CONTRAS;CRT 201_2.2;0;0;0
4;33;;DIM;0;271;2 Dimmer 00 (2)                     ;1000.0;CONTRAS;CRT 201_2.3;0;0;0
4;34;;DIM;19.5;271;2 Dimmer 00 (2)                     ;1000.0;CONTRAS;CRT 115_1.1;76.47;20723.53;5.76
4;35;;DIM;19.5;271;2 Dimmer 00 (2)                     ;1000.0;CONTRAS;CRT 115_1.2;76.47;20723.53;5.76
4;36;;DIM;19.5;271;2 Dimmer 00 (2)                     ;1000.0;CONTRAS;CRT 115_1.3;76.47;20723.53;5.76
4;37;;DIM;19.5;271;2 Dimmer 00 (2)                     ;1000.0;CONTRAS;CRT 115_1.4;76.47;20723.53;5.76
4;38;;DIM;19.5;271;2 Dimmer 00 (2)                     ;1000.0;CONTRAS;CRT 115_2.1;76.47;20723.53;5.76
4;39;;DIM;19.5;271;2 Dimmer 00 (2)                     ;1000.0;CONTRAS;CRT 115_2.2;76.47;20723.53;5.76
4;40;;DIM;19.5;271;2 Dimmer 00 (2)                     ;1000.0;CONTRAS;CRT 115_2.3;76.47;20723.53;5.76
4;41;;DIM;27;271;2 Dimmer 00 (2)                     ;750.0;LEQUE PAREDES;PAREDE 1;79.41;21520.59;5.98
4;42;;DIM;27;271;2 Dimmer 00 (2)                     ;750.0;LEQUE PAREDES;PAREDE 2;79.41;21520.59;5.98
4;43;;DIM;27;271;2 Dimmer 00 (2)                     ;750.0;LEQUE PAREDES;PAREDE 3;79.41;21520.59;5.98
4;44;;DIM;27;271;2 Dimmer 00 (2)                     ;750.0;LEQUE PAREDES;PAREDE 4;79.41;21520.59;5.98
4;45;;DIM;27;271;2 Dimmer 00 (2)                     ;750.0;LEQUE PAREDES;PAREDE 5;79.41;21520.59;5.98
4;46;;DIM;27;271;2 Dimmer 00 (2)                     ;750.0;LEQUE PAREDES;PAREDE 6;79.41;21520.59;5.98
4;47;;DIM;27;271;2 Dimmer 00 (2)                     ;750.0;LEQUE PAREDES;PAREDE 7;79.41;21520.59;5.98
4;48;;DIM;0;271;2 Dimmer 00 (2)                     ;1000.0;LATERAIS RED;RED 1;0;0;0
4;49;;DIM;0;271;2 Dimmer 00 (2)                     ;1000.0;LATERAIS RED;RED 2;0;0;0
4;50;;DIM;0;271;2 Dimmer 00 (2)                     ;1000.0;LATERAIS RED;RED 3;0;0;0
4;51;;DIM;0;271;2 Dimmer 00 (2)                     ;1000.0;LATERAIS RED;RED 4;0;0;0
4;52;;DIM;0;271;2 Dimmer 00 (2)                     ;750.0;BANHEIRA;BANHEIRA FRT;0;0;0
4;53;;DIM;26;271;2 Dimmer 00 (2)                     ;750.0;BANHEIRA;BANHEIRA PIC.;76.47;20723.53;5.76
4;54;;DIM;31.5;271;2 Dimmer 00 (2)                     ;750.0;BANHEIRA;BANHEIRA CRT;92.65;25107.35;6.97
4;55;;DIM;0;271;2 Dimmer 00 (2)                     ;1000.0;BANCOS;BANCO FR L;0;0;0
4;56;;DIM;0;271;2 Dimmer 00 (2)                     ;1000.0;BANCOS;BANCO CRT L;0;0;0
4;57;;DIM;0;271;2 Dimmer 00 (2)                     ;1000.0;BANCOS;BANCO FR R;0;0;0
4;58;;DIM;0;271;2 Dimmer 00 (2)                     ;1000.0;BANCOS;BANCO CRT R;0;0;0
4;59;;DIM;0;271;2 Dimmer 00 (2)                     ;750.0;CADEIRA COUMIER;COUMIER;0;0;0
4;60;;DIM;0;271;2 Dimmer 00 (2)                     ;750.0;GUILHOTINA;GUILHO PIC.;0;0;0
4;61;;DIM;0;271;2 Dimmer 00 (2)                     ;750.0;GUILHOTINA;GUILHO CRT;0;0;0
4;62;;DIM;0;271;2 Dimmer 00 (2)                     ;1000.0;CANTORES;CANTORES CRT;0;0;0
4;63;;DIM;0;271;2 Dimmer 00 (2)                     ;1000.0;PORTA;PORTA FR PICADO;0;0;0
4;64;;DIM;0;271;2 Dimmer 00 (2)                     ;1000.0;PORTA;PORTA CRT;0;0;0
4;73;;DIM;0;271;2 Dimmer 00 (2)                     ;750.0;PORTA;PORTA RÉGIE;0;0;0
4;65;;DIM;0;271;2 Dimmer 00 (2)                     ;1000.0;MUSICOS;MUSICO FR;0;0;0
4;66;;DIM;0;271;2 Dimmer 00 (2)                     ;1000.0;MUSICOS;PAUTAS CRT;0;0;0
4;67;;DIM;0;271;2 Dimmer 00 (2)                     ;750.0;MUSICOS;KEYS;0;0;0
4;68;;DIM;0;271;2 Dimmer 00 (2)                     ;1000.0;ALCOVAS LAT.;DIR ALCOVA;0;0;0
4;69;;DIM;0;271;2 Dimmer 00 (2)                     ;1000.0;ALCOVAS LAT.;BANHEIRA DIR;0;0;0
4;70;;DIM;0;271;2 Dimmer 00 (2)                     ;750.0;ALCOVAS LAT.;ESQ ALCOVA;0;0;0
4;71;;DIM;0;271;2 Dimmer 00 (2)                     ;750.0;ALCOVAS LAT.;BANHEIRA ESQ;0;0;0
4;72;;DIM;0;271;2 Dimmer 00 (2)                     ;3000.0;FUMO;VAPOR;0;0;0
4;231;;DIM;0;271;2 Dimmer 00 (2)                     ;3000.0;VENTOINHAS;FAN 1;0;0;0
4;232;;DIM;0;271;2 Dimmer 00 (2)                     ;1000.0;CODA PUB;PUB 1;0;0;0
4;233;;DIM;0;271;2 Dimmer 00 (2)                     ;1000.0;CODA PUB;PUB 2;0;0;0
4;234;;DIM;0;271;2 Dimmer 00 (2)                     ;1000.0;CODA PUB;PUB 3;0;0;0
4;235;;DIM;0;271;2 Dimmer 00 (2)                     ;1000.0;CODA PUB;PUB 4;0;0;0
5;1;;DIM;30;242;2 Dimmer 00 (2)                     ;2000.0;FRENTES;FT 1.1;235.29;56941.18;15.82
5;2;;DIM;30;242;2 Dimmer 00 (2)                     ;2000.0;FRENTES;FT 1.2;235.29;56941.18;15.82
5;3;;DIM;30;242;2 Dimmer 00 (2)                     ;2000.0;FRENTES;FT 1.3;235.29;56941.18;15.82
5;4;;DIM;30;242;2 Dimmer 00 (2)                     ;2000.0;FRENTES;FT 1.4;235.29;56941.18;15.82
5;5;;DIM;30;242;2 Dimmer 00 (2)                     ;2000.0;FRENTES;FT 1.5;235.29;56941.18;15.82
5;6;;DIM;0;242;2 Dimmer 00 (2)                     ;2000.0;FRENTES;FT 2.1;0;0;0
5;7;;DIM;0;242;2 Dimmer 00 (2)                     ;2000.0;FRENTES;FT 2.2;0;0;0
5;8;;DIM;0;242;2 Dimmer 00 (2)                     ;2000.0;FRENTES;FT 2.3;0;0;0
5;9;;DIM;0;242;2 Dimmer 00 (2)                     ;2000.0;FRENTES;FT 2.4;0;0;0
5;10;;DIM;0;242;2 Dimmer 00 (2)                     ;2000.0;FRENTES;FT 2.5;0;0;0
5;11;;DIM;0;242;2 Dimmer 00 (2)                     ;1000.0;FRENTES;FT 201_3.1;0;0;0
5;12;;DIM;0;242;2 Dimmer 00 (2)                     ;1000.0;FRENTES;FT 201_3.2;0;0;0
5;13;;DIM;0;242;2 Dimmer 00 (2)                     ;1000.0;FRENTES;FT 201_3.3;0;0;0
5;14;;DIM;0;242;2 Dimmer 00 (2)                     ;1000.0;FRENTES;FT 201_3.4;0;0;0
5;15;;DIM;0;242;2 Dimmer 00 (2)                     ;1000.0;FRENTES;FT 201_3.5;0;0;0
5;16;;DIM;0;242;2 Dimmer 00 (2)                     ;1000.0;FRENTES;FT 201_4.1;0;0;0
5;17;;DIM;0;242;2 Dimmer 00 (2)                     ;1000.0;FRENTES;FT 201_4.2;0;0;0
5;18;;DIM;0;242;2 Dimmer 00 (2)                     ;1000.0;FRENTES;FT 201_4.3;0;0;0
5;19;;DIM;27;242;2 Dimmer 00 (2)                     ;1000.0;FRENTES;FT 115_3.1;105.88;25623.53;7.12
5;20;;DIM;27;242;2 Dimmer 00 (2)                     ;1000.0;FRENTES;FT 115_3.2;105.88;25623.53;7.12
5;21;;DIM;27;242;2 Dimmer 00 (2)                     ;1000.0;FRENTES;FT 115_3.3;105.88;25623.53;7.12
5;22;;DIM;27;242;2 Dimmer 00 (2)                     ;1000.0;FRENTES;FT 115_3.4;105.88;25623.53;7.12
5;23;;DIM;27;242;2 Dimmer 00 (2)                     ;1000.0;FRENTES;FT 115_3.5;105.88;25623.53;7.12
5;24;;DIM;27;242;2 Dimmer 00 (2)                     ;1000.0;FRENTES;FT 115_4.1;105.88;25623.53;7.12
5;25;;DIM;27;242;2 Dimmer 00 (2)                     ;1000.0;FRENTES;FT 115_4.2;105.88;25623.53;7.12
5;26;;DIM;27;242;2 Dimmer 00 (2)                     ;1000.0;FRENTES;FT 115_4.3;105.88;25623.53;7.12
5;27;;DIM;0;242;2 Dimmer 00 (2)                     ;1000.0;CONTRAS;CRT 201_1.1;0;0;0
5;28;;DIM;0;242;2 Dimmer 00 (2)                     ;1000.0;CONTRAS;CRT 201_1.2;0;0;0
5;29;;DIM;0;242;2 Dimmer 00 (2)                     ;1000.0;CONTRAS;CRT 201_1.3;0;0;0
5;30;;DIM;0;242;2 Dimmer 00 (2)                     ;1000.0;CONTRAS;CRT 201_1.4;0;0;0
5;31;;DIM;0;242;2 Dimmer 00 (2)                     ;1000.0;CONTRAS;CRT 201_2.1;0;0;0
5;32;;DIM;0;242;2 Dimmer 00 (2)                     ;1000.0;CONTRAS;CRT 201_2.2;0;0;0
5;33;;DIM;0;242;2 Dimmer 00 (2)                     ;1000.0;CONTRAS;CRT 201_2.3;0;0;0
5;34;;DIM;2.5;242;2 Dimmer 00 (2)                     ;1000.0;CONTRAS;CRT 115_1.1;9.8;2372.55;0.66
5;35;;DIM;2.5;242;2 Dimmer 00 (2)                     ;1000.0;CONTRAS;CRT 115_1.2;9.8;2372.55;0.66
5;36;;DIM;2.5;242;2 Dimmer 00 (2)                     ;1000.0;CONTRAS;CRT 115_1.3;9.8;2372.55;0.66
5;37;;DIM;2.5;242;2 Dimmer 00 (2)                     ;1000.0;CONTRAS;CRT 115_1.4;9.8;2372.55;0.66
5;38;;DIM;2.5;242;2 Dimmer 00 (2)                     ;1000.0;CONTRAS;CRT 115_2.1;9.8;2372.55;0.66
5;39;;DIM;2.5;242;2 Dimmer 00 (2)                     ;1000.0;CONTRAS;CRT 115_2.2;9.8;2372.55;0.66
5;40;;DIM;2.5;242;2 Dimmer 00 (2)                     ;1000.0;CONTRAS;CRT 115_2.3;9.8;2372.55;0.66
5;41;;DIM;35.5;242;2 Dimmer 00 (2)                     ;750.0;LEQUE PAREDES;PAREDE 1;104.41;25267.65;7.02
5;42;;DIM;35.5;242;2 Dimmer 00 (2)                     ;750.0;LEQUE PAREDES;PAREDE 2;104.41;25267.65;7.02
5;43;;DIM;35.5;242;2 Dimmer 00 (2)                     ;750.0;LEQUE PAREDES;PAREDE 3;104.41;25267.65;7.02
5;44;;DIM;35.5;242;2 Dimmer 00 (2)                     ;750.0;LEQUE PAREDES;PAREDE 4;104.41;25267.65;7.02
5;45;;DIM;35.5;242;2 Dimmer 00 (2)                     ;750.0;LEQUE PAREDES;PAREDE 5;104.41;25267.65;7.02
5;46;;DIM;35.5;242;2 Dimmer 00 (2)                     ;750.0;LEQUE PAREDES;PAREDE 6;104.41;25267.65;7.02
5;47;;DIM;35.5;242;2 Dimmer 00 (2)                     ;750.0;LEQUE PAREDES;PAREDE 7;104.41;25267.65;7.02
5;48;;DIM;0;242;2 Dimmer 00 (2)                     ;1000.0;LATERAIS RED;RED 1;0;0;0
5;49;;DIM;0;242;2 Dimmer 00 (2)                     ;1000.0;LATERAIS RED;RED 2;0;0;0
5;50;;DIM;0;242;2 Dimmer 00 (2)                     ;1000.0;LATERAIS RED;RED 3;0;0;0
5;51;;DIM;0;242;2 Dimmer 00 (2)                     ;1000.0;LATERAIS RED;RED 4;0;0;0
5;52;;DIM;0;242;2 Dimmer 00 (2)                     ;750.0;BANHEIRA;BANHEIRA FRT;0;0;0
5;53;;DIM;26;242;2 Dimmer 00 (2)                     ;750.0;BANHEIRA;BANHEIRA PIC.;76.47;18505.88;5.14
5;54;;DIM;31.5;242;2 Dimmer 00 (2)                     ;750.0;BANHEIRA;BANHEIRA CRT;92.65;22420.59;6.23
5;55;;DIM;0;242;2 Dimmer 00 (2)                     ;1000.0;BANCOS;BANCO FR L;0;0;0
5;56;;DIM;0;242;2 Dimmer 00 (2)                     ;1000.0;BANCOS;BANCO CRT L;0;0;0
5;57;;DIM;0;242;2 Dimmer 00 (2)                     ;1000.0;BANCOS;BANCO FR R;0;0;0
5;58;;DIM;0;242;2 Dimmer 00 (2)                     ;1000.0;BANCOS;BANCO CRT R;0;0;0
5;59;;DIM;0;242;2 Dimmer 00 (2)                     ;750.0;CADEIRA COUMIER;COUMIER;0;0;0
5;60;;DIM;0;242;2 Dimmer 00 (2)                     ;750.0;GUILHOTINA;GUILHO PIC.;0;0;0
5;61;;DIM;0;242;2 Dimmer 00 (2)                     ;750.0;GUILHOTINA;GUILHO CRT;0;0;0
5;62;;DIM;0;242;2 Dimmer 00 (2)                     ;1000.0;CANTORES;CANTORES CRT;0;0;0
5;63;;DIM;0;242;2 Dimmer 00 (2)                     ;1000.0;PORTA;PORTA FR PICADO;0;0;0
5;64;;DIM;0;242;2 Dimmer 00 (2)                     ;1000.0;PORTA;PORTA CRT;0;0;0
5;73;;DIM;0;242;2 Dimmer 00 (2)                     ;750.0;PORTA;PORTA RÉGIE;0;0;0
5;65;;DIM;0;242;2 Dimmer 00 (2)                     ;1000.0;MUSICOS;MUSICO FR;0;0;0
5;66;;DIM;0;242;2 Dimmer 00 (2)                     ;1000.0;MUSICOS;PAUTAS CRT;0;0;0
5;67;;DIM;0;242;2 Dimmer 00 (2)                     ;750.0;MUSICOS;KEYS;0;0;0
5;68;;DIM;0;242;2 Dimmer 00 (2)                     ;1000.0;ALCOVAS LAT.;DIR ALCOVA;0;0;0
5;69;;DIM;0;242;2 Dimmer 00 (2)                     ;1000.0;ALCOVAS LAT.;BANHEIRA DIR;0;0;0
5;70;;DIM;0;242;2 Dimmer 00 (2)                     ;750.0;ALCOVAS LAT.;ESQ ALCOVA;0;0;0
5;71;;DIM;0;242;2 Dimmer 00 (2)                     ;750.0;ALCOVAS LAT.;BANHEIRA ESQ;0;0;0
5;72;;DIM;10.5;242;2 Dimmer 00 (2)                     ;3000.0;FUMO;VAPOR;123.53;29894.12;8.3
5;231;;DIM;0;242;2 Dimmer 00 (2)                     ;3000.0;VENTOINHAS;FAN 1;0;0;0
5;232;;DIM;0;242;2 Dimmer 00 (2)                     ;1000.0;CODA PUB;PUB 1;0;0;0
5;233;;DIM;0;242;2 Dimmer 00 (2)                     ;1000.0;CODA PUB;PUB 2;0;0;0
5;234;;DIM;0;242;2 Dimmer 00 (2)                     ;1000.0;CODA PUB;PUB 3;0;0;0
5;235;;DIM;0;242;2 Dimmer 00 (2)                     ;1000.0;CODA PUB;PUB 4;0;0;0
6;69;;DIM;27.5;50;2 Dimmer 00 (2)                     ;1000.0;ALCOVAS LAT.;BANHEIRA DIR;107.84;5392.16;1.5
6;71;;DIM;27.5;50;2 Dimmer 00 (2)                     ;750.0;ALCOVAS LAT.;BANHEIRA ESQ;80.88;4044.12;1.12
11;11;;DIM;15.5;373;2 Dimmer 00 (2)                     ;1000.0;FRENTES;FT 201_3.1;60.78;22672.55;6.3
11;12;;DIM;15.5;373;2 Dimmer 00 (2)                     ;1000.0;FRENTES;FT 201_3.2;60.78;22672.55;6.3
11;13;;DIM;15.5;373;2 Dimmer 00 (2)                     ;1000.0;FRENTES;FT 201_3.3;60.78;22672.55;6.3
11;14;;DIM;15.5;373;2 Dimmer 00 (2)                     ;1000.0;FRENTES;FT 201_3.4;60.78;22672.55;6.3
11;15;;DIM;15.5;373;2 Dimmer 00 (2)                     ;1000.0;FRENTES;FT 201_3.5;60.78;22672.55;6.3
11;16;;DIM;15.5;373;2 Dimmer 00 (2)                     ;1000.0;FRENTES;FT 201_4.1;60.78;22672.55;6.3
11;17;;DIM;15.5;373;2 Dimmer 00 (2)                     ;1000.0;FRENTES;FT 201_4.2;60.78;22672.55;6.3
11;18;;DIM;15.5;373;2 Dimmer 00 (2)                     ;1000.0;FRENTES;FT 201_4.3;60.78;22672.55;6.3
12;1;;DIM;30;357;2 Dimmer 00 (2)                     ;2000.0;FRENTES;FT 1.1;235.29;84000;23.33
12;2;;DIM;30;357;2 Dimmer 00 (2)                     ;2000.0;FRENTES;FT 1.2;235.29;84000;23.33
12;3;;DIM;30;357;2 Dimmer 00 (2)                     ;2000.0;FRENTES;FT 1.3;235.29;84000;23.33
12;4;;DIM;30;357;2 Dimmer 00 (2)                     ;2000.0;FRENTES;FT 1.4;235.29;84000;23.33
12;5;;DIM;30;357;2 Dimmer 00 (2)                     ;2000.0;FRENTES;FT 1.5;235.29;84000;23.33
12;6;;DIM;0;357;2 Dimmer 00 (2)                     ;2000.0;FRENTES;FT 2.1;0;0;0
12;7;;DIM;0;357;2 Dimmer 00 (2)                     ;2000.0;FRENTES;FT 2.2;0;0;0
12;8;;DIM;0;357;2 Dimmer 00 (2)                     ;2000.0;FRENTES;FT 2.3;0;0;0
12;9;;DIM;0;357;2 Dimmer 00 (2)                     ;2000.0;FRENTES;FT 2.4;0;0;0
12;10;;DIM;0;357;2 Dimmer 00 (2)                     ;2000.0;FRENTES;FT 2.5;0;0;0
12;11;;DIM;21;357;2 Dimmer 00 (2)                     ;1000.0;FRENTES;FT 201_3.1;82.35;29400;8.17
12;12;;DIM;21;357;2 Dimmer 00 (2)                     ;1000.0;FRENTES;FT 201_3.2;82.35;29400;8.17
12;13;;DIM;21;357;2 Dimmer 00 (2)                     ;1000.0;FRENTES;FT 201_3.3;82.35;29400;8.17
12;14;;DIM;21;357;2 Dimmer 00 (2)                     ;1000.0;FRENTES;FT 201_3.4;82.35;29400;8.17
12;15;;DIM;21;357;2 Dimmer 00 (2)                     ;1000.0;FRENTES;FT 201_3.5;82.35;29400;8.17
12;16;;DIM;21;357;2 Dimmer 00 (2)                     ;1000.0;FRENTES;FT 201_4.1;82.35;29400;8.17
12;17;;DIM;21;357;2 Dimmer 00 (2)                     ;1000.0;FRENTES;FT 201_4.2;82.35;29400;8.17
12;18;;DIM;21;357;2 Dimmer 00 (2)                     ;1000.0;FRENTES;FT 201_4.3;82.35;29400;8.17
12;19;;DIM;27.5;357;2 Dimmer 00 (2)                     ;1000.0;FRENTES;FT 115_3.1;107.84;38500;10.69
12;20;;DIM;27.5;357;2 Dimmer 00 (2)                     ;1000.0;FRENTES;FT 115_3.2;107.84;38500;10.69
12;21;;DIM;27.5;357;2 Dimmer 00 (2)                     ;1000.0;FRENTES;FT 115_3.3;107.84;38500;10.69
12;22;;DIM;27.5;357;2 Dimmer 00 (2)                     ;1000.0;FRENTES;FT 115_3.4;107.84;38500;10.69
12;23;;DIM;27.5;357;2 Dimmer 00 (2)                     ;1000.0;FRENTES;FT 115_3.5;107.84;38500;10.69
12;24;;DIM;27.5;357;2 Dimmer 00 (2)                     ;1000.0;FRENTES;FT 115_4.1;107.84;38500;10.69
12;25;;DIM;27.5;357;2 Dimmer 00 (2)                     ;1000.0;FRENTES;FT 115_4.2;107.84;38500;10.69
12;26;;DIM;27.5;357;2 Dimmer 00 (2)                     ;1000.0;FRENTES;FT 115_4.3;107.84;38500;10.69
12;27;;DIM;0;357;2 Dimmer 00 (2)                     ;1000.0;CONTRAS;CRT 201_1.1;0;0;0
12;28;;DIM;0;357;2 Dimmer 00 (2)                     ;1000.0;CONTRAS;CRT 201_1.2;0;0;0
12;29;;DIM;0;357;2 Dimmer 00 (2)                     ;1000.0;CONTRAS;CRT 201_1.3;0;0;0
12;30;;DIM;0;357;2 Dimmer 00 (2)                     ;1000.0;CONTRAS;CRT 201_1.4;0;0;0
12;31;;DIM;0;357;2 Dimmer 00 (2)                     ;1000.0;CONTRAS;CRT 201_2.1;0;0;0
12;32;;DIM;0;357;2 Dimmer 00 (2)                     ;1000.0;CONTRAS;CRT 201_2.2;0;0;0
12;33;;DIM;0;357;2 Dimmer 00 (2)                     ;1000.0;CONTRAS;CRT 201_2.3;0;0;0
12;34;;DIM;37;357;2 Dimmer 00 (2)                     ;1000.0;CONTRAS;CRT 115_1.1;145.1;51800;14.39
12;35;;DIM;37;357;2 Dimmer 00 (2)                     ;1000.0;CONTRAS;CRT 115_1.2;145.1;51800;14.39
12;36;;DIM;37;357;2 Dimmer 00 (2)                     ;1000.0;CONTRAS;CRT 115_1.3;145.1;51800;14.39
12;37;;DIM;37;357;2 Dimmer 00 (2)                     ;1000.0;CONTRAS;CRT 115_1.4;145.1;51800;14.39
12;38;;DIM;37;357;2 Dimmer 00 (2)                     ;1000.0;CONTRAS;CRT 115_2.1;145.1;51800;14.39
12;39;;DIM;37;357;2 Dimmer 00 (2)                     ;1000.0;CONTRAS;CRT 115_2.2;145.1;51800;14.39
12;40;;DIM;37;357;2 Dimmer 00 (2)                     ;1000.0;CONTRAS;CRT 115_2.3;145.1;51800;14.39
12;41;;DIM;37;357;2 Dimmer 00 (2)                     ;750.0;LEQUE PAREDES;PAREDE 1;108.82;38850;10.79
12;42;;DIM;37;357;2 Dimmer 00 (2)                     ;750.0;LEQUE PAREDES;PAREDE 2;108.82;38850;10.79
12;43;;DIM;37;357;2 Dimmer 00 (2)                     ;750.0;LEQUE PAREDES;PAREDE 3;108.82;38850;10.79
12;44;;DIM;37;357;2 Dimmer 00 (2)                     ;750.0;LEQUE PAREDES;PAREDE 4;108.82;38850;10.79
12;45;;DIM;37;357;2 Dimmer 00 (2)                     ;750.0;LEQUE PAREDES;PAREDE 5;108.82;38850;10.79
12;46;;DIM;37;357;2 Dimmer 00 (2)                     ;750.0;LEQUE PAREDES;PAREDE 6;108.82;38850;10.79
12;47;;DIM;37;357;2 Dimmer 00 (2)                     ;750.0;LEQUE PAREDES;PAREDE 7;108.82;38850;10.79
12;48;;DIM;0;357;2 Dimmer 00 (2)                     ;1000.0;LATERAIS RED;RED 1;0;0;0
12;49;;DIM;0;357;2 Dimmer 00 (2)                     ;1000.0;LATERAIS RED;RED 2;0;0;0
12;50;;DIM;0;357;2 Dimmer 00 (2)                     ;1000.0;LATERAIS RED;RED 3;0;0;0
12;51;;DIM;0;357;2 Dimmer 00 (2)                     ;1000.0;LATERAIS RED;RED 4;0;0;0
12;52;;DIM;18.5;357;2 Dimmer 00 (2)                     ;750.0;BANHEIRA;BANHEIRA FRT;54.41;19425;5.4
12;53;;DIM;26;357;2 Dimmer 00 (2)                     ;750.0;BANHEIRA;BANHEIRA PIC.;76.47;27300;7.58
12;54;;DIM;31.5;357;2 Dimmer 00 (2)                     ;750.0;BANHEIRA;BANHEIRA CRT;92.65;33075;9.19
12;55;;DIM;0;357;2 Dimmer 00 (2)                     ;1000.0;BANCOS;BANCO FR L;0;0;0
12;56;;DIM;0;357;2 Dimmer 00 (2)                     ;1000.0;BANCOS;BANCO CRT L;0;0;0
12;57;;DIM;0;357;2 Dimmer 00 (2)                     ;1000.0;BANCOS;BANCO FR R;0;0;0
12;58;;DIM;0;357;2 Dimmer 00 (2)                     ;1000.0;BANCOS;BANCO CRT R;0;0;0
12;59;;DIM;0;357;2 Dimmer 00 (2)                     ;750.0;CADEIRA COUMIER;COUMIER;0;0;0
12;60;;DIM;0;357;2 Dimmer 00 (2)                     ;750.0;GUILHOTINA;GUILHO PIC.;0;0;0
12;61;;DIM;0;357;2 Dimmer 00 (2)                     ;750.0;GUILHOTINA;GUILHO CRT;0;0;0
12;62;;DIM;0;357;2 Dimmer 00 (2)                     ;1000.0;CANTORES;CANTORES CRT;0;0;0
12;63;;DIM;0;357;2 Dimmer 00 (2)                     ;1000.0;PORTA;PORTA FR PICADO;0;0;0
12;64;;DIM;0;357;2 Dimmer 00 (2)                     ;1000.0;PORTA;PORTA CRT;0;0;0
12;73;;DIM;0;357;2 Dimmer 00 (2)                     ;750.0;PORTA;PORTA RÉGIE;0;0;0
12;65;;DIM;0;357;2 Dimmer 00 (2)                     ;1000.0;MUSICOS;MUSICO FR;0;0;0
12;66;;DIM;0;357;2 Dimmer 00 (2)                     ;1000.0;MUSICOS;PAUTAS CRT;0;0;0
12;67;;DIM;0;357;2 Dimmer 00 (2)                     ;750.0;MUSICOS;KEYS;0;0;0
12;68;;DIM;0;357;2 Dimmer 00 (2)                     ;1000.0;ALCOVAS LAT.;DIR ALCOVA;0;0;0
12;69;;DIM;29;357;2 Dimmer 00 (2)                     ;1000.0;ALCOVAS LAT.;BANHEIRA DIR;113.73;40600;11.28
12;70;;DIM;0;357;2 Dimmer 00 (2)                     ;750.0;ALCOVAS LAT.;ESQ ALCOVA;0;0;0
12;71;;DIM;29;357;2 Dimmer 00 (2)                     ;750.0;ALCOVAS LAT.;BANHEIRA ESQ;85.29;30450;8.46
12;72;;DIM;0;357;2 Dimmer 00 (2)                     ;3000.0;FUMO;VAPOR;0;0;0
12;231;;DIM;0;357;2 Dimmer 00 (2)                     ;3000.0;VENTOINHAS;FAN 1;0;0;0
12;232;;DIM;0;357;2 Dimmer 00 (2)                     ;1000.0;CODA PUB;PUB 1;0;0;0
12;233;;DIM;0;357;2 Dimmer 00 (2)                     ;1000.0;CODA PUB;PUB 2;0;0;0
12;234;;DIM;0;357;2 Dimmer 00 (2)                     ;1000.0;CODA PUB;PUB 3;0;0;0
12;235;;DIM;0;357;2 Dimmer 00 (2)                     ;1000.0;CODA PUB;PUB 4;0;0;0
15;1;;DIM;30;243;2 Dimmer 00 (2)                     ;2000.0;FRENTES;FT 1.1;235.29;57176.47;15.88
15;2;;DIM;30;243;2 Dimmer 00 (2)                     ;2000.0;FRENTES;FT 1.2;235.29;57176.47;15.88
15;3;;DIM;30;243;2 Dimmer 00 (2)                     ;2000.0;FRENTES;FT 1.3;235.29;57176.47;15.88
15;4;;DIM;30;243;2 Dimmer 00 (2)                     ;2000.0;FRENTES;FT 1.4;235.29;57176.47;15.88
15;5;;DIM;30;243;2 Dimmer 00 (2)                     ;2000.0;FRENTES;FT 1.5;235.29;57176.47;15.88
15;6;;DIM;0;243;2 Dimmer 00 (2)                     ;2000.0;FRENTES;FT 2.1;0;0;0
15;7;;DIM;0;243;2 Dimmer 00 (2)                     ;2000.0;FRENTES;FT 2.2;0;0;0
15;8;;DIM;0;243;2 Dimmer 00 (2)                     ;2000.0;FRENTES;FT 2.3;0;0;0
15;9;;DIM;0;243;2 Dimmer 00 (2)                     ;2000.0;FRENTES;FT 2.4;0;0;0
15;10;;DIM;0;243;2 Dimmer 00 (2)                     ;2000.0;FRENTES;FT 2.5;0;0;0
15;11;;DIM;21;243;2 Dimmer 00 (2)                     ;1000.0;FRENTES;FT 201_3.1;82.35;20011.76;5.56
15;12;;DIM;21;243;2 Dimmer 00 (2)                     ;1000.0;FRENTES;FT 201_3.2;82.35;20011.76;5.56
15;13;;DIM;21;243;2 Dimmer 00 (2)                     ;1000.0;FRENTES;FT 201_3.3;82.35;20011.76;5.56
15;14;;DIM;21;243;2 Dimmer 00 (2)                     ;1000.0;FRENTES;FT 201_3.4;82.35;20011.76;5.56
15;15;;DIM;21;243;2 Dimmer 00 (2)                     ;1000.0;FRENTES;FT 201_3.5;82.35;20011.76;5.56
15;16;;DIM;21;243;2 Dimmer 00 (2)                     ;1000.0;FRENTES;FT 201_4.1;82.35;20011.76;5.56
15;17;;DIM;21;243;2 Dimmer 00 (2)                     ;1000.0;FRENTES;FT 201_4.2;82.35;20011.76;5.56
15;18;;DIM;21;243;2 Dimmer 00 (2)                     ;1000.0;FRENTES;FT 201_4.3;82.35;20011.76;5.56
15;19;;DIM;27.5;243;2 Dimmer 00 (2)                     ;1000.0;FRENTES;FT 115_3.1;107.84;26205.88;7.28
15;20;;DIM;27.5;243;2 Dimmer 00 (2)                     ;1000.0;FRENTES;FT 115_3.2;107.84;26205.88;7.28
15;21;;DIM;27.5;243;2 Dimmer 00 (2)                     ;1000.0;FRENTES;FT 115_3.3;107.84;26205.88;7.28
15;22;;DIM;27.5;243;2 Dimmer 00 (2)                     ;1000.0;FRENTES;FT 115_3.4;107.84;26205.88;7.28
15;23;;DIM;27.5;243;2 Dimmer 00 (2)                     ;1000.0;FRENTES;FT 115_3.5;107.84;26205.88;7.28
15;24;;DIM;27.5;243;2 Dimmer 00 (2)                     ;1000.0;FRENTES;FT 115_4.1;107.84;26205.88;7.28
15;25;;DIM;27.5;243;2 Dimmer 00 (2)                     ;1000.0;FRENTES;FT 115_4.2;107.84;26205.88;7.28
15;26;;DIM;27.5;243;2 Dimmer 00 (2)                     ;1000.0;FRENTES;FT 115_4.3;107.84;26205.88;7.28
15;27;;DIM;0;243;2 Dimmer 00 (2)                     ;1000.0;CONTRAS;CRT 201_1.1;0;0;0
15;28;;DIM;0;243;2 Dimmer 00 (2)                     ;1000.0;CONTRAS;CRT 201_1.2;0;0;0
15;29;;DIM;0;243;2 Dimmer 00 (2)                     ;1000.0;CONTRAS;CRT 201_1.3;0;0;0
15;30;;DIM;0;243;2 Dimmer 00 (2)                     ;1000.0;CONTRAS;CRT 201_1.4;0;0;0
15;31;;DIM;0;243;2 Dimmer 00 (2)                     ;1000.0;CONTRAS;CRT 201_2.1;0;0;0
15;32;;DIM;0;243;2 Dimmer 00 (2)                     ;1000.0;CONTRAS;CRT 201_2.2;0;0;0
15;33;;DIM;0;243;2 Dimmer 00 (2)                     ;1000.0;CONTRAS;CRT 201_2.3;0;0;0
15;34;;DIM;37;243;2 Dimmer 00 (2)                     ;1000.0;CONTRAS;CRT 115_1.1;145.1;35258.82;9.79
15;35;;DIM;37;243;2 Dimmer 00 (2)                     ;1000.0;CONTRAS;CRT 115_1.2;145.1;35258.82;9.79
15;36;;DIM;37;243;2 Dimmer 00 (2)                     ;1000.0;CONTRAS;CRT 115_1.3;145.1;35258.82;9.79
15;37;;DIM;37;243;2 Dimmer 00 (2)                     ;1000.0;CONTRAS;CRT 115_1.4;145.1;35258.82;9.79
15;38;;DIM;37;243;2 Dimmer 00 (2)                     ;1000.0;CONTRAS;CRT 115_2.1;145.1;35258.82;9.79
15;39;;DIM;37;243;2 Dimmer 00 (2)                     ;1000.0;CONTRAS;CRT 115_2.2;145.1;35258.82;9.79
15;40;;DIM;37;243;2 Dimmer 00 (2)                     ;1000.0;CONTRAS;CRT 115_2.3;145.1;35258.82;9.79
15;41;;DIM;37;243;2 Dimmer 00 (2)                     ;750.0;LEQUE PAREDES;PAREDE 1;108.82;26444.12;7.35
15;42;;DIM;37;243;2 Dimmer 00 (2)                     ;750.0;LEQUE PAREDES;PAREDE 2;108.82;26444.12;7.35
15;43;;DIM;37;243;2 Dimmer 00 (2)                     ;750.0;LEQUE PAREDES;PAREDE 3;108.82;26444.12;7.35
15;44;;DIM;37;243;2 Dimmer 00 (2)                     ;750.0;LEQUE PAREDES;PAREDE 4;108.82;26444.12;7.35
15;45;;DIM;37;243;2 Dimmer 00 (2)                     ;750.0;LEQUE PAREDES;PAREDE 5;108.82;26444.12;7.35
15;46;;DIM;37;243;2 Dimmer 00 (2)                     ;750.0;LEQUE PAREDES;PAREDE 6;108.82;26444.12;7.35
15;47;;DIM;37;243;2 Dimmer 00 (2)                     ;750.0;LEQUE PAREDES;PAREDE 7;108.82;26444.12;7.35
15;48;;DIM;0;243;2 Dimmer 00 (2)                     ;1000.0;LATERAIS RED;RED 1;0;0;0
15;49;;DIM;0;243;2 Dimmer 00 (2)                     ;1000.0;LATERAIS RED;RED 2;0;0;0
15;50;;DIM;0;243;2 Dimmer 00 (2)                     ;1000.0;LATERAIS RED;RED 3;0;0;0
15;51;;DIM;0;243;2 Dimmer 00 (2)                     ;1000.0;LATERAIS RED;RED 4;0;0;0
15;52;;DIM;8.5;243;2 Dimmer 00 (2)                     ;750.0;BANHEIRA;BANHEIRA FRT;25;6075;1.69
15;53;;DIM;26;243;2 Dimmer 00 (2)                     ;750.0;BANHEIRA;BANHEIRA PIC.;76.47;18582.35;5.16
15;54;;DIM;31.5;243;2 Dimmer 00 (2)                     ;750.0;BANHEIRA;BANHEIRA CRT;92.65;22513.24;6.25
15;55;;DIM;0;243;2 Dimmer 00 (2)                     ;1000.0;BANCOS;BANCO FR L;0;0;0
15;56;;DIM;0;243;2 Dimmer 00 (2)                     ;1000.0;BANCOS;BANCO CRT L;0;0;0
15;57;;DIM;0;243;2 Dimmer 00 (2)                     ;1000.0;BANCOS;BANCO FR R;0;0;0
15;58;;DIM;0;243;2 Dimmer 00 (2)                     ;1000.0;BANCOS;BANCO CRT R;0;0;0
15;59;;DIM;0;243;2 Dimmer 00 (2)                     ;750.0;CADEIRA COUMIER;COUMIER;0;0;0
15;60;;DIM;0;243;2 Dimmer 00 (2)                     ;750.0;GUILHOTINA;GUILHO PIC.;0;0;0
15;61;;DIM;0;243;2 Dimmer 00 (2)                     ;750.0;GUILHOTINA;GUILHO CRT;0;0;0
15;62;;DIM;0;243;2 Dimmer 00 (2)                     ;1000.0;CANTORES;CANTORES CRT;0;0;0
15;63;;DIM;0;243;2 Dimmer 00 (2)                     ;1000.0;PORTA;PORTA FR PICADO;0;0;0
15;64;;DIM;0;243;2 Dimmer 00 (2)                     ;1000.0;PORTA;PORTA CRT;0;0;0
15;73;;DIM;0;243;2 Dimmer 00 (2)                     ;750.0;PORTA;PORTA RÉGIE;0;0;0
15;65;;DIM;0;243;2 Dimmer 00 (2)                     ;1000.0;MUSICOS;MUSICO FR;0;0;0
15;66;;DIM;0;243;2 Dimmer 00 (2)                     ;1000.0;MUSICOS;PAUTAS CRT;0;0;0
15;67;;DIM;0;243;2 Dimmer 00 (2)                     ;750.0;MUSICOS;KEYS;0;0;0
15;68;;DIM;0;243;2 Dimmer 00 (2)                     ;1000.0;ALCOVAS LAT.;DIR ALCOVA;0;0;0
15;69;;DIM;22;243;2 Dimmer 00 (2)                     ;1000.0;ALCOVAS LAT.;BANHEIRA DIR;86.27;20964.71;5.82
15;70;;DIM;0;243;2 Dimmer 00 (2)                     ;750.0;ALCOVAS LAT.;ESQ ALCOVA;0;0;0
15;71;;DIM;22;243;2 Dimmer 00 (2)                     ;750.0;ALCOVAS LAT.;BANHEIRA ESQ;64.71;15723.53;4.37
15;72;;DIM;0;243;2 Dimmer 00 (2)                     ;3000.0;FUMO;VAPOR;0;0;0
15;231;;DIM;0;243;2 Dimmer 00 (2)                     ;3000.0;VENTOINHAS;FAN 1;0;0;0
15;232;;DIM;0;243;2 Dimmer 00 (2)                     ;1000.0;CODA PUB;PUB 1;0;0;0
15;233;;DIM;0;243;2 Dimmer 00 (2)                     ;1000.0;CODA PUB;PUB 2;0;0;0
15;234;;DIM;0;243;2 Dimmer 00 (2)                     ;1000.0;CODA PUB;PUB 3;0;0;0
15;235;;DIM;0;243;2 Dimmer 00 (2)                     ;1000.0;CODA PUB;PUB 4;0;0;0
16;1;;DIM;0;279;2 Dimmer 00 (2)                     ;2000.0;FRENTES;FT 1.1;0;0;0
16;2;;DIM;0;279;2 Dimmer 00 (2)                     ;2000.0;FRENTES;FT 1.2;0;0;0
16;3;;DIM;0;279;2 Dimmer 00 (2)                     ;2000.0;FRENTES;FT 1.3;0;0;0
16;4;;DIM;0;279;2 Dimmer 00 (2)                     ;2000.0;FRENTES;FT 1.4;0;0;0
16;5;;DIM;0;279;2 Dimmer 00 (2)                     ;2000.0;FRENTES;FT 1.5;0;0;0
16;6;;DIM;0;279;2 Dimmer 00 (2)                     ;2000.0;FRENTES;FT 2.1;0;0;0
16;7;;DIM;0;279;2 Dimmer 00 (2)                     ;2000.0;FRENTES;FT 2.2;0;0;0
16;8;;DIM;13.5;279;2 Dimmer 00 (2)                     ;2000.0;FRENTES;FT 2.3;105.88;29541.18;8.21
16;9;;DIM;20;279;2 Dimmer 00 (2)                     ;2000.0;FRENTES;FT 2.4;156.86;43764.71;12.16
16;10;;DIM;19;279;2 Dimmer 00 (2)                     ;2000.0;FRENTES;FT 2.5;149.02;41576.47;11.55
16;11;;DIM;0;279;2 Dimmer 00 (2)                     ;1000.0;FRENTES;FT 201_3.1;0;0;0
16;12;;DIM;0;279;2 Dimmer 00 (2)                     ;1000.0;FRENTES;FT 201_3.2;0;0;0
16;13;;DIM;0;279;2 Dimmer 00 (2)                     ;1000.0;FRENTES;FT 201_3.3;0;0;0
16;14;;DIM;0;279;2 Dimmer 00 (2)                     ;1000.0;FRENTES;FT 201_3.4;0;0;0
16;15;;DIM;0;279;2 Dimmer 00 (2)                     ;1000.0;FRENTES;FT 201_3.5;0;0;0
16;16;;DIM;12;279;2 Dimmer 00 (2)                     ;1000.0;FRENTES;FT 201_4.1;47.06;13129.41;3.65
16;17;;DIM;12;279;2 Dimmer 00 (2)                     ;1000.0;FRENTES;FT 201_4.2;47.06;13129.41;3.65
16;18;;DIM;12;279;2 Dimmer 00 (2)                     ;1000.0;FRENTES;FT 201_4.3;47.06;13129.41;3.65
16;19;;DIM;0;279;2 Dimmer 00 (2)                     ;1000.0;FRENTES;FT 115_3.1;0;0;0
16;20;;DIM;0;279;2 Dimmer 00 (2)                     ;1000.0;FRENTES;FT 115_3.2;0;0;0
16;21;;DIM;0;279;2 Dimmer 00 (2)                     ;1000.0;FRENTES;FT 115_3.3;0;0;0
16;22;;DIM;0;279;2 Dimmer 00 (2)                     ;1000.0;FRENTES;FT 115_3.4;0;0;0
16;23;;DIM;0;279;2 Dimmer 00 (2)                     ;1000.0;FRENTES;FT 115_3.5;0;0;0
16;24;;DIM;0;279;2 Dimmer 00 (2)                     ;1000.0;FRENTES;FT 115_4.1;0;0;0
16;25;;DIM;0;279;2 Dimmer 00 (2)                     ;1000.0;FRENTES;FT 115_4.2;0;0;0
16;26;;DIM;0;279;2 Dimmer 00 (2)                     ;1000.0;FRENTES;FT 115_4.3;0;0;0
16;27;;DIM;0;279;2 Dimmer 00 (2)                     ;1000.0;CONTRAS;CRT 201_1.1;0;0;0
16;28;;DIM;0;279;2 Dimmer 00 (2)                     ;1000.0;CONTRAS;CRT 201_1.2;0;0;0
16;29;;DIM;0;279;2 Dimmer 00 (2)                     ;1000.0;CONTRAS;CRT 201_1.3;0;0;0
16;30;;DIM;0;279;2 Dimmer 00 (2)                     ;1000.0;CONTRAS;CRT 201_1.4;0;0;0
16;31;;DIM;0;279;2 Dimmer 00 (2)                     ;1000.0;CONTRAS;CRT 201_2.1;0;0;0
16;32;;DIM;0;279;2 Dimmer 00 (2)                     ;1000.0;CONTRAS;CRT 201_2.2;0;0;0
16;33;;DIM;0;279;2 Dimmer 00 (2)                     ;1000.0;CONTRAS;CRT 201_2.3;0;0;0
16;34;;DIM;27.5;279;2 Dimmer 00 (2)                     ;1000.0;CONTRAS;CRT 115_1.1;107.84;30088.24;8.36
16;35;;DIM;27.5;279;2 Dimmer 00 (2)                     ;1000.0;CONTRAS;CRT 115_1.2;107.84;30088.24;8.36
16;36;;DIM;18.5;279;2 Dimmer 00 (2)                     ;1000.0;CONTRAS;CRT 115_1.3;72.55;20241.18;5.62
16;37;;DIM;27.5;279;2 Dimmer 00 (2)                     ;1000.0;CONTRAS;CRT 115_1.4;107.84;30088.24;8.36
16;38;;DIM;27.5;279;2 Dimmer 00 (2)                     ;1000.0;CONTRAS;CRT 115_2.1;107.84;30088.24;8.36
16;39;;DIM;27.5;279;2 Dimmer 00 (2)                     ;1000.0;CONTRAS;CRT 115_2.2;107.84;30088.24;8.36
16;40;;DIM;18.5;279;2 Dimmer 00 (2)                     ;1000.0;CONTRAS;CRT 115_2.3;72.55;20241.18;5.62
16;41;;DIM;31;279;2 Dimmer 00 (2)                     ;750.0;LEQUE PAREDES;PAREDE 1;91.18;25438.24;7.07
16;42;;DIM;31;279;2 Dimmer 00 (2)                     ;750.0;LEQUE PAREDES;PAREDE 2;91.18;25438.24;7.07
16;43;;DIM;31;279;2 Dimmer 00 (2)                     ;750.0;LEQUE PAREDES;PAREDE 3;91.18;25438.24;7.07
16;44;;DIM;31;279;2 Dimmer 00 (2)                     ;750.0;LEQUE PAREDES;PAREDE 4;91.18;25438.24;7.07
16;45;;DIM;31;279;2 Dimmer 00 (2)                     ;750.0;LEQUE PAREDES;PAREDE 5;91.18;25438.24;7.07
16;46;;DIM;31;279;2 Dimmer 00 (2)                     ;750.0;LEQUE PAREDES;PAREDE 6;91.18;25438.24;7.07
16;47;;DIM;31;279;2 Dimmer 00 (2)                     ;750.0;LEQUE PAREDES;PAREDE 7;91.18;25438.24;7.07
16;48;;DIM;0;279;2 Dimmer 00 (2)                     ;1000.0;LATERAIS RED;RED 1;0;0;0
16;49;;DIM;0;279;2 Dimmer 00 (2)                     ;1000.0;LATERAIS RED;RED 2;0;0;0
16;50;;DIM;0;279;2 Dimmer 00 (2)                     ;1000.0;LATERAIS RED;RED 3;0;0;0
16;51;;DIM;0;279;2 Dimmer 00 (2)                     ;1000.0;LATERAIS RED;RED 4;0;0;0
16;52;;DIM;11.5;279;2 Dimmer 00 (2)                     ;750.0;BANHEIRA;BANHEIRA FRT;33.82;9436.76;2.62
16;53;;DIM;0;279;2 Dimmer 00 (2)                     ;750.0;BANHEIRA;BANHEIRA PIC.;0;0;0
16;54;;DIM;50;279;2 Dimmer 00 (2)                     ;750.0;BANHEIRA;BANHEIRA CRT;147.06;41029.41;11.4
16;55;;DIM;14;279;2 Dimmer 00 (2)                     ;1000.0;BANCOS;BANCO FR L;54.9;15317.65;4.25
16;56;;DIM;0;279;2 Dimmer 00 (2)                     ;1000.0;BANCOS;BANCO CRT L;0;0;0
16;57;;DIM;0;279;2 Dimmer 00 (2)                     ;1000.0;BANCOS;BANCO FR R;0;0;0
16;58;;DIM;0;279;2 Dimmer 00 (2)                     ;1000.0;BANCOS;BANCO CRT R;0;0;0
16;59;;DIM;0;279;2 Dimmer 00 (2)                     ;750.0;CADEIRA COUMIER;COUMIER;0;0;0
16;60;;DIM;13.96;279;2 Dimmer 00 (2)                     ;750.0;GUILHOTINA;GUILHO PIC.;41.06;11456.05;3.18
16;61;;DIM;0;279;2 Dimmer 00 (2)                     ;750.0;GUILHOTINA;GUILHO CRT;0;0;0
16;62;;DIM;0;279;2 Dimmer 00 (2)                     ;1000.0;CANTORES;CANTORES CRT;0;0;0
16;63;;DIM;0;279;2 Dimmer 00 (2)                     ;1000.0;PORTA;PORTA FR PICADO;0;0;0
16;64;;DIM;0;279;2 Dimmer 00 (2)                     ;1000.0;PORTA;PORTA CRT;0;0;0
16;73;;DIM;0;279;2 Dimmer 00 (2)                     ;750.0;PORTA;PORTA RÉGIE;0;0;0
16;65;;DIM;0;279;2 Dimmer 00 (2)                     ;1000.0;MUSICOS;MUSICO FR;0;0;0
16;66;;DIM;0;279;2 Dimmer 00 (2)                     ;1000.0;MUSICOS;PAUTAS CRT;0;0;0
16;67;;DIM;0;279;2 Dimmer 00 (2)                     ;750.0;MUSICOS;KEYS;0;0;0
16;68;;DIM;16.5;279;2 Dimmer 00 (2)                     ;1000.0;ALCOVAS LAT.;DIR ALCOVA;64.71;18052.94;5.01
16;69;;DIM;0;279;2 Dimmer 00 (2)                     ;1000.0;ALCOVAS LAT.;BANHEIRA DIR;0;0;0
16;70;;DIM;16.5;279;2 Dimmer 00 (2)                     ;750.0;ALCOVAS LAT.;ESQ ALCOVA;48.53;13539.71;3.76
16;71;;DIM;30;279;2 Dimmer 00 (2)                     ;750.0;ALCOVAS LAT.;BANHEIRA ESQ;88.24;24617.65;6.84
16;72;;DIM;0;279;2 Dimmer 00 (2)                     ;3000.0;FUMO;VAPOR;0;0;0
16;231;;DIM;0;279;2 Dimmer 00 (2)                     ;3000.0;VENTOINHAS;FAN 1;0;0;0
16;232;;DIM;0;279;2 Dimmer 00 (2)                     ;1000.0;CODA PUB;PUB 1;0;0;0
16;233;;DIM;0;279;2 Dimmer 00 (2)                     ;1000.0;CODA PUB;PUB 2;0;0;0
16;234;;DIM;0;279;2 Dimmer 00 (2)                     ;1000.0;CODA PUB;PUB 3;0;0;0
16;235;;DIM;0;279;2 Dimmer 00 (2)                     ;1000.0;CODA PUB;PUB 4;0;0;0
19;1;;DIM;13.5;232;2 Dimmer 00 (2)                     ;2000.0;FRENTES;FT 1.1;105.88;24564.71;6.82
19;2;;DIM;13.5;232;2 Dimmer 00 (2)                     ;2000.0;FRENTES;FT 1.2;105.88;24564.71;6.82
19;3;;DIM;13.5;232;2 Dimmer 00 (2)                     ;2000.0;FRENTES;FT 1.3;105.88;24564.71;6.82
19;4;;DIM;13.5;232;2 Dimmer 00 (2)                     ;2000.0;FRENTES;FT 1.4;105.88;24564.71;6.82
19;5;;DIM;13.5;232;2 Dimmer 00 (2)                     ;2000.0;FRENTES;FT 1.5;105.88;24564.71;6.82
19;6;;DIM;0;232;2 Dimmer 00 (2)                     ;2000.0;FRENTES;FT 2.1;0;0;0
19;7;;DIM;0;232;2 Dimmer 00 (2)                     ;2000.0;FRENTES;FT 2.2;0;0;0
19;8;;DIM;18;232;2 Dimmer 00 (2)                     ;2000.0;FRENTES;FT 2.3;141.18;32752.94;9.1
19;9;;DIM;29;232;2 Dimmer 00 (2)                     ;2000.0;FRENTES;FT 2.4;227.45;52768.63;14.66
19;10;;DIM;0;232;2 Dimmer 00 (2)                     ;2000.0;FRENTES;FT 2.5;0;0;0
19;11;;DIM;8;232;2 Dimmer 00 (2)                     ;1000.0;FRENTES;FT 201_3.1;31.37;7278.43;2.02
19;12;;DIM;8;232;2 Dimmer 00 (2)                     ;1000.0;FRENTES;FT 201_3.2;31.37;7278.43;2.02
19;13;;DIM;8;232;2 Dimmer 00 (2)                     ;1000.0;FRENTES;FT 201_3.3;31.37;7278.43;2.02
19;14;;DIM;8;232;2 Dimmer 00 (2)                     ;1000.0;FRENTES;FT 201_3.4;31.37;7278.43;2.02
19;15;;DIM;8;232;2 Dimmer 00 (2)                     ;1000.0;FRENTES;FT 201_3.5;31.37;7278.43;2.02
19;16;;DIM;29;232;2 Dimmer 00 (2)                     ;1000.0;FRENTES;FT 201_4.1;113.73;26384.31;7.33
19;17;;DIM;29;232;2 Dimmer 00 (2)                     ;1000.0;FRENTES;FT 201_4.2;113.73;26384.31;7.33
19;18;;DIM;29;232;2 Dimmer 00 (2)                     ;1000.0;FRENTES;FT 201_4.3;113.73;26384.31;7.33
19;19;;DIM;20.5;232;2 Dimmer 00 (2)                     ;1000.0;FRENTES;FT 115_3.1;80.39;18650.98;5.18
19;20;;DIM;20.5;232;2 Dimmer 00 (2)                     ;1000.0;FRENTES;FT 115_3.2;80.39;18650.98;5.18
19;21;;DIM;20.5;232;2 Dimmer 00 (2)                     ;1000.0;FRENTES;FT 115_3.3;80.39;18650.98;5.18
19;22;;DIM;20.5;232;2 Dimmer 00 (2)                     ;1000.0;FRENTES;FT 115_3.4;80.39;18650.98;5.18
19;23;;DIM;20.5;232;2 Dimmer 00 (2)                     ;1000.0;FRENTES;FT 115_3.5;80.39;18650.98;5.18
19;24;;DIM;20.5;232;2 Dimmer 00 (2)                     ;1000.0;FRENTES;FT 115_4.1;80.39;18650.98;5.18
19;25;;DIM;20.5;232;2 Dimmer 00 (2)                     ;1000.0;FRENTES;FT 115_4.2;80.39;18650.98;5.18
19;26;;DIM;20.5;232;2 Dimmer 00 (2)                     ;1000.0;FRENTES;FT 115_4.3;80.39;18650.98;5.18
19;27;;DIM;0;232;2 Dimmer 00 (2)                     ;1000.0;CONTRAS;CRT 201_1.1;0;0;0
19;28;;DIM;0;232;2 Dimmer 00 (2)                     ;1000.0;CONTRAS;CRT 201_1.2;0;0;0
19;29;;DIM;0;232;2 Dimmer 00 (2)                     ;1000.0;CONTRAS;CRT 201_1.3;0;0;0
19;30;;DIM;0;232;2 Dimmer 00 (2)                     ;1000.0;CONTRAS;CRT 201_1.4;0;0;0
19;31;;DIM;0;232;2 Dimmer 00 (2)                     ;1000.0;CONTRAS;CRT 201_2.1;0;0;0
19;32;;DIM;0;232;2 Dimmer 00 (2)                     ;1000.0;CONTRAS;CRT 201_2.2;0;0;0
19;33;;DIM;0;232;2 Dimmer 00 (2)                     ;1000.0;CONTRAS;CRT 201_2.3;0;0;0
19;34;;DIM;44.5;232;2 Dimmer 00 (2)                     ;1000.0;CONTRAS;CRT 115_1.1;174.51;40486.27;11.25
19;35;;DIM;44.5;232;2 Dimmer 00 (2)                     ;1000.0;CONTRAS;CRT 115_1.2;174.51;40486.27;11.25
19;36;;DIM;35.5;232;2 Dimmer 00 (2)                     ;1000.0;CONTRAS;CRT 115_1.3;139.22;32298.04;8.97
19;37;;DIM;44.5;232;2 Dimmer 00 (2)                     ;1000.0;CONTRAS;CRT 115_1.4;174.51;40486.27;11.25
19;38;;DIM;44.5;232;2 Dimmer 00 (2)                     ;1000.0;CONTRAS;CRT 115_2.1;174.51;40486.27;11.25
19;39;;DIM;44.5;232;2 Dimmer 00 (2)                     ;1000.0;CONTRAS;CRT 115_2.2;174.51;40486.27;11.25
19;40;;DIM;35.5;232;2 Dimmer 00 (2)                     ;1000.0;CONTRAS;CRT 115_2.3;139.22;32298.04;8.97
19;41;;DIM;35.5;232;2 Dimmer 00 (2)                     ;750.0;LEQUE PAREDES;PAREDE 1;104.41;24223.53;6.73
19;42;;DIM;35.5;232;2 Dimmer 00 (2)                     ;750.0;LEQUE PAREDES;PAREDE 2;104.41;24223.53;6.73
19;43;;DIM;35.5;232;2 Dimmer 00 (2)                     ;750.0;LEQUE PAREDES;PAREDE 3;104.41;24223.53;6.73
19;44;;DIM;35.5;232;2 Dimmer 00 (2)                     ;750.0;LEQUE PAREDES;PAREDE 4;104.41;24223.53;6.73
19;45;;DIM;35.5;232;2 Dimmer 00 (2)                     ;750.0;LEQUE PAREDES;PAREDE 5;104.41;24223.53;6.73
19;46;;DIM;35.5;232;2 Dimmer 00 (2)                     ;750.0;LEQUE PAREDES;PAREDE 6;104.41;24223.53;6.73
19;47;;DIM;35.5;232;2 Dimmer 00 (2)                     ;750.0;LEQUE PAREDES;PAREDE 7;104.41;24223.53;6.73
19;48;;DIM;0;232;2 Dimmer 00 (2)                     ;1000.0;LATERAIS RED;RED 1;0;0;0
19;49;;DIM;0;232;2 Dimmer 00 (2)                     ;1000.0;LATERAIS RED;RED 2;0;0;0
19;50;;DIM;0;232;2 Dimmer 00 (2)                     ;1000.0;LATERAIS RED;RED 3;0;0;0
19;51;;DIM;0;232;2 Dimmer 00 (2)                     ;1000.0;LATERAIS RED;RED 4;0;0;0
19;52;;DIM;11.5;232;2 Dimmer 00 (2)                     ;750.0;BANHEIRA;BANHEIRA FRT;33.82;7847.06;2.18
19;53;;DIM;22.5;232;2 Dimmer 00 (2)                     ;750.0;BANHEIRA;BANHEIRA PIC.;66.18;15352.94;4.26
19;54;;DIM;53;232;2 Dimmer 00 (2)                     ;750.0;BANHEIRA;BANHEIRA CRT;155.88;36164.71;10.05
19;55;;DIM;0;232;2 Dimmer 00 (2)                     ;1000.0;BANCOS;BANCO FR L;0;0;0
19;56;;DIM;0;232;2 Dimmer 00 (2)                     ;1000.0;BANCOS;BANCO CRT L;0;0;0
19;57;;DIM;0;232;2 Dimmer 00 (2)                     ;1000.0;BANCOS;BANCO FR R;0;0;0
19;58;;DIM;0;232;2 Dimmer 00 (2)                     ;1000.0;BANCOS;BANCO CRT R;0;0;0
19;59;;DIM;0;232;2 Dimmer 00 (2)                     ;750.0;CADEIRA COUMIER;COUMIER;0;0;0
19;60;;DIM;0;232;2 Dimmer 00 (2)                     ;750.0;GUILHOTINA;GUILHO PIC.;0;0;0
19;61;;DIM;0;232;2 Dimmer 00 (2)                     ;750.0;GUILHOTINA;GUILHO CRT;0;0;0
19;62;;DIM;0;232;2 Dimmer 00 (2)                     ;1000.0;CANTORES;CANTORES CRT;0;0;0
19;63;;DIM;0;232;2 Dimmer 00 (2)                     ;1000.0;PORTA;PORTA FR PICADO;0;0;0
19;64;;DIM;0;232;2 Dimmer 00 (2)                     ;1000.0;PORTA;PORTA CRT;0;0;0
19;73;;DIM;0;232;2 Dimmer 00 (2)                     ;750.0;PORTA;PORTA RÉGIE;0;0;0
19;65;;DIM;0;232;2 Dimmer 00 (2)                     ;1000.0;MUSICOS;MUSICO FR;0;0;0
19;66;;DIM;0;232;2 Dimmer 00 (2)                     ;1000.0;MUSICOS;PAUTAS CRT;0;0;0
19;67;;DIM;0;232;2 Dimmer 00 (2)                     ;750.0;MUSICOS;KEYS;0;0;0
19;68;;DIM;10;232;2 Dimmer 00 (2)                     ;1000.0;ALCOVAS LAT.;DIR ALCOVA;39.22;9098.04;2.53
19;69;;DIM;21.5;232;2 Dimmer 00 (2)                     ;1000.0;ALCOVAS LAT.;BANHEIRA DIR;84.31;19560.78;5.43
19;70;;DIM;10;232;2 Dimmer 00 (2)                     ;750.0;ALCOVAS LAT.;ESQ ALCOVA;29.41;6823.53;1.9
19;71;;DIM;21.5;232;2 Dimmer 00 (2)                     ;750.0;ALCOVAS LAT.;BANHEIRA ESQ;63.24;14670.59;4.08
19;72;;DIM;0;232;2 Dimmer 00 (2)                     ;3000.0;FUMO;VAPOR;0;0;0
19;231;;DIM;0;232;2 Dimmer 00 (2)                     ;3000.0;VENTOINHAS;FAN 1;0;0;0
19;232;;DIM;0;232;2 Dimmer 00 (2)                     ;1000.0;CODA PUB;PUB 1;0;0;0
19;233;;DIM;0;232;2 Dimmer 00 (2)                     ;1000.0;CODA PUB;PUB 2;0;0;0
19;234;;DIM;0;232;2 Dimmer 00 (2)                     ;1000.0;CODA PUB;PUB 3;0;0;0
19;235;;DIM;0;232;2 Dimmer 00 (2)                     ;1000.0;CODA PUB;PUB 4;0;0;0
20;1;;DIM;29.5;21;2 Dimmer 00 (2)                     ;2000.0;FRENTES;FT 1.1;231.37;4858.82;1.35
20;2;;DIM;29.5;21;2 Dimmer 00 (2)                     ;2000.0;FRENTES;FT 1.2;231.37;4858.82;1.35
20;3;;DIM;29.5;21;2 Dimmer 00 (2)                     ;2000.0;FRENTES;FT 1.3;231.37;4858.82;1.35
20;4;;DIM;29.5;21;2 Dimmer 00 (2)                     ;2000.0;FRENTES;FT 1.4;231.37;4858.82;1.35
20;5;;DIM;29.5;21;2 Dimmer 00 (2)                     ;2000.0;FRENTES;FT 1.5;231.37;4858.82;1.35
21;1;;DIM;0;53;2 Dimmer 00 (2)                     ;2000.0;FRENTES;FT 1.1;0;0;0
21;2;;DIM;0;53;2 Dimmer 00 (2)                     ;2000.0;FRENTES;FT 1.2;0;0;0
21;3;;DIM;0;53;2 Dimmer 00 (2)                     ;2000.0;FRENTES;FT 1.3;0;0;0
21;4;;DIM;0;53;2 Dimmer 00 (2)                     ;2000.0;FRENTES;FT 1.4;0;0;0
21;5;;DIM;0;53;2 Dimmer 00 (2)                     ;2000.0;FRENTES;FT 1.5;0;0;0
21;6;;DIM;0;53;2 Dimmer 00 (2)                     ;2000.0;FRENTES;FT 2.1;0;0;0
21;7;;DIM;0;53;2 Dimmer 00 (2)                     ;2000.0;FRENTES;FT 2.2;0;0;0
21;8;;DIM;13.5;53;2 Dimmer 00 (2)                     ;2000.0;FRENTES;FT 2.3;105.88;5611.76;1.56
21;9;;DIM;17;53;2 Dimmer 00 (2)                     ;2000.0;FRENTES;FT 2.4;133.33;7066.67;1.96
21;10;;DIM;20.5;53;2 Dimmer 00 (2)                     ;2000.0;FRENTES;FT 2.5;160.78;8521.57;2.37
21;11;;DIM;0;53;2 Dimmer 00 (2)                     ;1000.0;FRENTES;FT 201_3.1;0;0;0
21;12;;DIM;0;53;2 Dimmer 00 (2)                     ;1000.0;FRENTES;FT 201_3.2;0;0;0
21;13;;DIM;0;53;2 Dimmer 00 (2)                     ;1000.0;FRENTES;FT 201_3.3;0;0;0
21;14;;DIM;0;53;2 Dimmer 00 (2)                     ;1000.0;FRENTES;FT 201_3.4;0;0;0
21;15;;DIM;0;53;2 Dimmer 00 (2)                     ;1000.0;FRENTES;FT 201_3.5;0;0;0
21;16;;DIM;12;53;2 Dimmer 00 (2)                     ;1000.0;FRENTES;FT 201_4.1;47.06;2494.12;0.69
21;17;;DIM;12;53;2 Dimmer 00 (2)                     ;1000.0;FRENTES;FT 201_4.2;47.06;2494.12;0.69
21;18;;DIM;12;53;2 Dimmer 00 (2)                     ;1000.0;FRENTES;FT 201_4.3;47.06;2494.12;0.69
21;19;;DIM;0;53;2 Dimmer 00 (2)                     ;1000.0;FRENTES;FT 115_3.1;0;0;0
21;20;;DIM;0;53;2 Dimmer 00 (2)                     ;1000.0;FRENTES;FT 115_3.2;0;0;0
21;21;;DIM;0;53;2 Dimmer 00 (2)                     ;1000.0;FRENTES;FT 115_3.3;0;0;0
21;22;;DIM;0;53;2 Dimmer 00 (2)                     ;1000.0;FRENTES;FT 115_3.4;0;0;0
21;23;;DIM;0;53;2 Dimmer 00 (2)                     ;1000.0;FRENTES;FT 115_3.5;0;0;0
21;24;;DIM;0;53;2 Dimmer 00 (2)                     ;1000.0;FRENTES;FT 115_4.1;0;0;0
21;25;;DIM;0;53;2 Dimmer 00 (2)                     ;1000.0;FRENTES;FT 115_4.2;0;0;0
21;26;;DIM;0;53;2 Dimmer 00 (2)                     ;1000.0;FRENTES;FT 115_4.3;0;0;0
21;27;;DIM;0;53;2 Dimmer 00 (2)                     ;1000.0;CONTRAS;CRT 201_1.1;0;0;0
21;28;;DIM;0;53;2 Dimmer 00 (2)                     ;1000.0;CONTRAS;CRT 201_1.2;0;0;0
21;29;;DIM;0;53;2 Dimmer 00 (2)                     ;1000.0;CONTRAS;CRT 201_1.3;0;0;0
21;30;;DIM;0;53;2 Dimmer 00 (2)                     ;1000.0;CONTRAS;CRT 201_1.4;0;0;0
21;31;;DIM;0;53;2 Dimmer 00 (2)                     ;1000.0;CONTRAS;CRT 201_2.1;0;0;0
21;32;;DIM;0;53;2 Dimmer 00 (2)                     ;1000.0;CONTRAS;CRT 201_2.2;0;0;0
21;33;;DIM;0;53;2 Dimmer 00 (2)                     ;1000.0;CONTRAS;CRT 201_2.3;0;0;0
21;34;;DIM;27.5;53;2 Dimmer 00 (2)                     ;1000.0;CONTRAS;CRT 115_1.1;107.84;5715.69;1.59
21;35;;DIM;27.5;53;2 Dimmer 00 (2)                     ;1000.0;CONTRAS;CRT 115_1.2;107.84;5715.69;1.59
21;36;;DIM;18.5;53;2 Dimmer 00 (2)                     ;1000.0;CONTRAS;CRT 115_1.3;72.55;3845.1;1.07
21;37;;DIM;27.5;53;2 Dimmer 00 (2)                     ;1000.0;CONTRAS;CRT 115_1.4;107.84;5715.69;1.59
21;38;;DIM;27.5;53;2 Dimmer 00 (2)                     ;1000.0;CONTRAS;CRT 115_2.1;107.84;5715.69;1.59
21;39;;DIM;27.5;53;2 Dimmer 00 (2)                     ;1000.0;CONTRAS;CRT 115_2.2;107.84;5715.69;1.59
21;40;;DIM;18.5;53;2 Dimmer 00 (2)                     ;1000.0;CONTRAS;CRT 115_2.3;72.55;3845.1;1.07
21;41;;DIM;27;53;2 Dimmer 00 (2)                     ;750.0;LEQUE PAREDES;PAREDE 1;79.41;4208.82;1.17
21;42;;DIM;27;53;2 Dimmer 00 (2)                     ;750.0;LEQUE PAREDES;PAREDE 2;79.41;4208.82;1.17
21;43;;DIM;27;53;2 Dimmer 00 (2)                     ;750.0;LEQUE PAREDES;PAREDE 3;79.41;4208.82;1.17
21;44;;DIM;27;53;2 Dimmer 00 (2)                     ;750.0;LEQUE PAREDES;PAREDE 4;79.41;4208.82;1.17
21;45;;DIM;27;53;2 Dimmer 00 (2)                     ;750.0;LEQUE PAREDES;PAREDE 5;79.41;4208.82;1.17
21;46;;DIM;27;53;2 Dimmer 00 (2)                     ;750.0;LEQUE PAREDES;PAREDE 6;79.41;4208.82;1.17
21;47;;DIM;27;53;2 Dimmer 00 (2)                     ;750.0;LEQUE PAREDES;PAREDE 7;79.41;4208.82;1.17
21;48;;DIM;0;53;2 Dimmer 00 (2)                     ;1000.0;LATERAIS RED;RED 1;0;0;0
21;49;;DIM;0;53;2 Dimmer 00 (2)                     ;1000.0;LATERAIS RED;RED 2;0;0;0
21;50;;DIM;0;53;2 Dimmer 00 (2)                     ;1000.0;LATERAIS RED;RED 3;0;0;0
21;51;;DIM;0;53;2 Dimmer 00 (2)                     ;1000.0;LATERAIS RED;RED 4;0;0;0
21;52;;DIM;11.5;53;2 Dimmer 00 (2)                     ;750.0;BANHEIRA;BANHEIRA FRT;33.82;1792.65;0.5
21;53;;DIM;0;53;2 Dimmer 00 (2)                     ;750.0;BANHEIRA;BANHEIRA PIC.;0;0;0
21;54;;DIM;50;53;2 Dimmer 00 (2)                     ;750.0;BANHEIRA;BANHEIRA CRT;147.06;7794.12;2.17
21;55;;DIM;15;53;2 Dimmer 00 (2)                     ;1000.0;BANCOS;BANCO FR L;58.82;3117.65;0.87
21;56;;DIM;0;53;2 Dimmer 00 (2)                     ;1000.0;BANCOS;BANCO CRT L;0;0;0
21;57;;DIM;0;53;2 Dimmer 00 (2)                     ;1000.0;BANCOS;BANCO FR R;0;0;0
21;58;;DIM;0;53;2 Dimmer 00 (2)                     ;1000.0;BANCOS;BANCO CRT R;0;0;0
21;59;;DIM;0;53;2 Dimmer 00 (2)                     ;750.0;CADEIRA COUMIER;COUMIER;0;0;0
21;60;;DIM;11.5;53;2 Dimmer 00 (2)                     ;750.0;GUILHOTINA;GUILHO PIC.;33.82;1792.65;0.5
21;61;;DIM;0;53;2 Dimmer 00 (2)                     ;750.0;GUILHOTINA;GUILHO CRT;0;0;0
21;62;;DIM;0;53;2 Dimmer 00 (2)                     ;1000.0;CANTORES;CANTORES CRT;0;0;0
21;63;;DIM;0;53;2 Dimmer 00 (2)                     ;1000.0;PORTA;PORTA FR PICADO;0;0;0
21;64;;DIM;0;53;2 Dimmer 00 (2)                     ;1000.0;PORTA;PORTA CRT;0;0;0
21;73;;DIM;0;53;2 Dimmer 00 (2)                     ;750.0;PORTA;PORTA RÉGIE;0;0;0
21;65;;DIM;0;53;2 Dimmer 00 (2)                     ;1000.0;MUSICOS;MUSICO FR;0;0;0
21;66;;DIM;0;53;2 Dimmer 00 (2)                     ;1000.0;MUSICOS;PAUTAS CRT;0;0;0
21;67;;DIM;0;53;2 Dimmer 00 (2)                     ;750.0;MUSICOS;KEYS;0;0;0
21;68;;DIM;0;53;2 Dimmer 00 (2)                     ;1000.0;ALCOVAS LAT.;DIR ALCOVA;0;0;0
21;69;;DIM;0;53;2 Dimmer 00 (2)                     ;1000.0;ALCOVAS LAT.;BANHEIRA DIR;0;0;0
21;70;;DIM;0;53;2 Dimmer 00 (2)                     ;750.0;ALCOVAS LAT.;ESQ ALCOVA;0;0;0
21;71;;DIM;30;53;2 Dimmer 00 (2)                     ;750.0;ALCOVAS LAT.;BANHEIRA ESQ;88.24;4676.47;1.3
21;72;;DIM;0;53;2 Dimmer 00 (2)                     ;3000.0;FUMO;VAPOR;0;0;0
21;231;;DIM;0;53;2 Dimmer 00 (2)                     ;3000.0;VENTOINHAS;FAN 1;0;0;0
21;232;;DIM;0;53;2 Dimmer 00 (2)                     ;1000.0;CODA PUB;PUB 1;0;0;0
21;233;;DIM;0;53;2 Dimmer 00 (2)                     ;1000.0;CODA PUB;PUB 2;0;0;0
21;234;;DIM;0;53;2 Dimmer 00 (2)                     ;1000.0;CODA PUB;PUB 3;0;0;0
21;235;;DIM;0;53;2 Dimmer 00 (2)                     ;1000.0;CODA PUB;PUB 4;0;0;0
24;1;;DIM;0;157;2 Dimmer 00 (2)                     ;2000.0;FRENTES;FT 1.1;0;0;0
24;2;;DIM;0;157;2 Dimmer 00 (2)                     ;2000.0;FRENTES;FT 1.2;0;0;0
24;3;;DIM;0;157;2 Dimmer 00 (2)                     ;2000.0;FRENTES;FT 1.3;0;0;0
24;4;;DIM;0;157;2 Dimmer 00 (2)                     ;2000.0;FRENTES;FT 1.4;0;0;0
24;5;;DIM;0;157;2 Dimmer 00 (2)                     ;2000.0;FRENTES;FT 1.5;0;0;0
24;6;;DIM;0;157;2 Dimmer 00 (2)                     ;2000.0;FRENTES;FT 2.1;0;0;0
24;7;;DIM;0;157;2 Dimmer 00 (2)                     ;2000.0;FRENTES;FT 2.2;0;0;0
24;8;;DIM;13.5;157;2 Dimmer 00 (2)                     ;2000.0;FRENTES;FT 2.3;105.88;16623.53;4.62
24;9;;DIM;0;157;2 Dimmer 00 (2)                     ;2000.0;FRENTES;FT 2.4;0;0;0
24;10;;DIM;20.5;157;2 Dimmer 00 (2)                     ;2000.0;FRENTES;FT 2.5;160.78;25243.14;7.01
24;11;;DIM;0;157;2 Dimmer 00 (2)                     ;1000.0;FRENTES;FT 201_3.1;0;0;0
24;12;;DIM;0;157;2 Dimmer 00 (2)                     ;1000.0;FRENTES;FT 201_3.2;0;0;0
24;13;;DIM;0;157;2 Dimmer 00 (2)                     ;1000.0;FRENTES;FT 201_3.3;0;0;0
24;14;;DIM;0;157;2 Dimmer 00 (2)                     ;1000.0;FRENTES;FT 201_3.4;0;0;0
24;15;;DIM;0;157;2 Dimmer 00 (2)                     ;1000.0;FRENTES;FT 201_3.5;0;0;0
24;16;;DIM;12;157;2 Dimmer 00 (2)                     ;1000.0;FRENTES;FT 201_4.1;47.06;7388.24;2.05
24;17;;DIM;12;157;2 Dimmer 00 (2)                     ;1000.0;FRENTES;FT 201_4.2;47.06;7388.24;2.05
24;18;;DIM;12;157;2 Dimmer 00 (2)                     ;1000.0;FRENTES;FT 201_4.3;47.06;7388.24;2.05
24;19;;DIM;0;157;2 Dimmer 00 (2)                     ;1000.0;FRENTES;FT 115_3.1;0;0;0
24;20;;DIM;0;157;2 Dimmer 00 (2)                     ;1000.0;FRENTES;FT 115_3.2;0;0;0
24;21;;DIM;0;157;2 Dimmer 00 (2)                     ;1000.0;FRENTES;FT 115_3.3;0;0;0
24;22;;DIM;0;157;2 Dimmer 00 (2)                     ;1000.0;FRENTES;FT 115_3.4;0;0;0
24;23;;DIM;0;157;2 Dimmer 00 (2)                     ;1000.0;FRENTES;FT 115_3.5;0;0;0
24;24;;DIM;0;157;2 Dimmer 00 (2)                     ;1000.0;FRENTES;FT 115_4.1;0;0;0
24;25;;DIM;0;157;2 Dimmer 00 (2)                     ;1000.0;FRENTES;FT 115_4.2;0;0;0
24;26;;DIM;0;157;2 Dimmer 00 (2)                     ;1000.0;FRENTES;FT 115_4.3;0;0;0
24;27;;DIM;0;157;2 Dimmer 00 (2)                     ;1000.0;CONTRAS;CRT 201_1.1;0;0;0
24;28;;DIM;0;157;2 Dimmer 00 (2)                     ;1000.0;CONTRAS;CRT 201_1.2;0;0;0
24;29;;DIM;0;157;2 Dimmer 00 (2)                     ;1000.0;CONTRAS;CRT 201_1.3;0;0;0
24;30;;DIM;0;157;2 Dimmer 00 (2)                     ;1000.0;CONTRAS;CRT 201_1.4;0;0;0
24;31;;DIM;0;157;2 Dimmer 00 (2)                     ;1000.0;CONTRAS;CRT 201_2.1;0;0;0
24;32;;DIM;0;157;2 Dimmer 00 (2)                     ;1000.0;CONTRAS;CRT 201_2.2;0;0;0
24;33;;DIM;0;157;2 Dimmer 00 (2)                     ;1000.0;CONTRAS;CRT 201_2.3;0;0;0
24;34;;DIM;27.5;157;2 Dimmer 00 (2)                     ;1000.0;CONTRAS;CRT 115_1.1;107.84;16931.37;4.7
24;35;;DIM;27.5;157;2 Dimmer 00 (2)                     ;1000.0;CONTRAS;CRT 115_1.2;107.84;16931.37;4.7
24;36;;DIM;18.5;157;2 Dimmer 00 (2)                     ;1000.0;CONTRAS;CRT 115_1.3;72.55;11390.2;3.16
24;37;;DIM;27.5;157;2 Dimmer 00 (2)                     ;1000.0;CONTRAS;CRT 115_1.4;107.84;16931.37;4.7
24;38;;DIM;27.5;157;2 Dimmer 00 (2)                     ;1000.0;CONTRAS;CRT 115_2.1;107.84;16931.37;4.7
24;39;;DIM;27.5;157;2 Dimmer 00 (2)                     ;1000.0;CONTRAS;CRT 115_2.2;107.84;16931.37;4.7
24;40;;DIM;18.5;157;2 Dimmer 00 (2)                     ;1000.0;CONTRAS;CRT 115_2.3;72.55;11390.2;3.16
24;41;;DIM;27;157;2 Dimmer 00 (2)                     ;750.0;LEQUE PAREDES;PAREDE 1;79.41;12467.65;3.46
24;42;;DIM;27;157;2 Dimmer 00 (2)                     ;750.0;LEQUE PAREDES;PAREDE 2;79.41;12467.65;3.46
24;43;;DIM;27;157;2 Dimmer 00 (2)                     ;750.0;LEQUE PAREDES;PAREDE 3;79.41;12467.65;3.46
24;44;;DIM;27;157;2 Dimmer 00 (2)                     ;750.0;LEQUE PAREDES;PAREDE 4;79.41;12467.65;3.46
24;45;;DIM;27;157;2 Dimmer 00 (2)                     ;750.0;LEQUE PAREDES;PAREDE 5;79.41;12467.65;3.46
24;46;;DIM;27;157;2 Dimmer 00 (2)                     ;750.0;LEQUE PAREDES;PAREDE 6;79.41;12467.65;3.46
24;47;;DIM;27;157;2 Dimmer 00 (2)                     ;750.0;LEQUE PAREDES;PAREDE 7;79.41;12467.65;3.46
24;48;;DIM;0;157;2 Dimmer 00 (2)                     ;1000.0;LATERAIS RED;RED 1;0;0;0
24;49;;DIM;0;157;2 Dimmer 00 (2)                     ;1000.0;LATERAIS RED;RED 2;0;0;0
24;50;;DIM;0;157;2 Dimmer 00 (2)                     ;1000.0;LATERAIS RED;RED 3;0;0;0
24;51;;DIM;0;157;2 Dimmer 00 (2)                     ;1000.0;LATERAIS RED;RED 4;0;0;0
24;52;;DIM;20.5;157;2 Dimmer 00 (2)                     ;750.0;BANHEIRA;BANHEIRA FRT;60.29;9466.18;2.63
24;53;;DIM;0;157;2 Dimmer 00 (2)                     ;750.0;BANHEIRA;BANHEIRA PIC.;0;0;0
24;54;;DIM;50;157;2 Dimmer 00 (2)                     ;750.0;BANHEIRA;BANHEIRA CRT;147.06;23088.24;6.41
24;55;;DIM;0;157;2 Dimmer 00 (2)                     ;1000.0;BANCOS;BANCO FR L;0;0;0
24;56;;DIM;0;157;2 Dimmer 00 (2)                     ;1000.0;BANCOS;BANCO CRT L;0;0;0
24;57;;DIM;0;157;2 Dimmer 00 (2)                     ;1000.0;BANCOS;BANCO FR R;0;0;0
24;58;;DIM;0;157;2 Dimmer 00 (2)                     ;1000.0;BANCOS;BANCO CRT R;0;0;0
24;59;;DIM;0;157;2 Dimmer 00 (2)                     ;750.0;CADEIRA COUMIER;COUMIER;0;0;0
24;60;;DIM;0;157;2 Dimmer 00 (2)                     ;750.0;GUILHOTINA;GUILHO PIC.;0;0;0
24;61;;DIM;0;157;2 Dimmer 00 (2)                     ;750.0;GUILHOTINA;GUILHO CRT;0;0;0
24;62;;DIM;0;157;2 Dimmer 00 (2)                     ;1000.0;CANTORES;CANTORES CRT;0;0;0
24;63;;DIM;0;157;2 Dimmer 00 (2)                     ;1000.0;PORTA;PORTA FR PICADO;0;0;0
24;64;;DIM;0;157;2 Dimmer 00 (2)                     ;1000.0;PORTA;PORTA CRT;0;0;0
24;73;;DIM;0;157;2 Dimmer 00 (2)                     ;750.0;PORTA;PORTA RÉGIE;0;0;0
24;65;;DIM;0;157;2 Dimmer 00 (2)                     ;1000.0;MUSICOS;MUSICO FR;0;0;0
24;66;;DIM;0;157;2 Dimmer 00 (2)                     ;1000.0;MUSICOS;PAUTAS CRT;0;0;0
24;67;;DIM;0;157;2 Dimmer 00 (2)                     ;750.0;MUSICOS;KEYS;0;0;0
24;68;;DIM;14.5;157;2 Dimmer 00 (2)                     ;1000.0;ALCOVAS LAT.;DIR ALCOVA;56.86;8927.45;2.48
24;69;;DIM;30;157;2 Dimmer 00 (2)                     ;1000.0;ALCOVAS LAT.;BANHEIRA DIR;117.65;18470.59;5.13
24;70;;DIM;14.5;157;2 Dimmer 00 (2)                     ;750.0;ALCOVAS LAT.;ESQ ALCOVA;42.65;6695.59;1.86
24;71;;DIM;30;157;2 Dimmer 00 (2)                     ;750.0;ALCOVAS LAT.;BANHEIRA ESQ;88.24;13852.94;3.85
24;72;;DIM;0;157;2 Dimmer 00 (2)                     ;3000.0;FUMO;VAPOR;0;0;0
24;231;;DIM;0;157;2 Dimmer 00 (2)                     ;3000.0;VENTOINHAS;FAN 1;0;0;0
24;232;;DIM;0;157;2 Dimmer 00 (2)                     ;1000.0;CODA PUB;PUB 1;0;0;0
24;233;;DIM;0;157;2 Dimmer 00 (2)                     ;1000.0;CODA PUB;PUB 2;0;0;0
24;234;;DIM;0;157;2 Dimmer 00 (2)                     ;1000.0;CODA PUB;PUB 3;0;0;0
24;235;;DIM;0;157;2 Dimmer 00 (2)                     ;1000.0;CODA PUB;PUB 4;0;0;0
25;1;;DIM;0;387;2 Dimmer 00 (2)                     ;2000.0;FRENTES;FT 1.1;0;0;0
25;2;;DIM;0;387;2 Dimmer 00 (2)                     ;2000.0;FRENTES;FT 1.2;0;0;0
25;3;;DIM;0;387;2 Dimmer 00 (2)                     ;2000.0;FRENTES;FT 1.3;0;0;0
25;4;;DIM;0;387;2 Dimmer 00 (2)                     ;2000.0;FRENTES;FT 1.4;0;0;0
25;5;;DIM;0;387;2 Dimmer 00 (2)                     ;2000.0;FRENTES;FT 1.5;0;0;0
25;6;;DIM;5;387;2 Dimmer 00 (2)                     ;2000.0;FRENTES;FT 2.1;39.22;15176.47;4.22
25;7;;DIM;16;387;2 Dimmer 00 (2)                     ;2000.0;FRENTES;FT 2.2;125.49;48564.71;13.49
25;8;;DIM;17;387;2 Dimmer 00 (2)                     ;2000.0;FRENTES;FT 2.3;133.33;51600;14.33
25;9;;DIM;21;387;2 Dimmer 00 (2)                     ;2000.0;FRENTES;FT 2.4;164.71;63741.18;17.71
25;10;;DIM;20.5;387;2 Dimmer 00 (2)                     ;2000.0;FRENTES;FT 2.5;160.78;62223.53;17.28
25;11;;DIM;16;387;2 Dimmer 00 (2)                     ;1000.0;FRENTES;FT 201_3.1;62.75;24282.35;6.75
25;12;;DIM;16;387;2 Dimmer 00 (2)                     ;1000.0;FRENTES;FT 201_3.2;62.75;24282.35;6.75
25;13;;DIM;16;387;2 Dimmer 00 (2)                     ;1000.0;FRENTES;FT 201_3.3;62.75;24282.35;6.75
25;14;;DIM;16;387;2 Dimmer 00 (2)                     ;1000.0;FRENTES;FT 201_3.4;62.75;24282.35;6.75
25;15;;DIM;16;387;2 Dimmer 00 (2)                     ;1000.0;FRENTES;FT 201_3.5;62.75;24282.35;6.75
25;16;;DIM;0;387;2 Dimmer 00 (2)                     ;1000.0;FRENTES;FT 201_4.1;0;0;0
25;17;;DIM;0;387;2 Dimmer 00 (2)                     ;1000.0;FRENTES;FT 201_4.2;0;0;0
25;18;;DIM;0;387;2 Dimmer 00 (2)                     ;1000.0;FRENTES;FT 201_4.3;0;0;0
25;19;;DIM;0;387;2 Dimmer 00 (2)                     ;1000.0;FRENTES;FT 115_3.1;0;0;0
25;20;;DIM;0;387;2 Dimmer 00 (2)                     ;1000.0;FRENTES;FT 115_3.2;0;0;0
25;21;;DIM;0;387;2 Dimmer 00 (2)                     ;1000.0;FRENTES;FT 115_3.3;0;0;0
25;22;;DIM;0;387;2 Dimmer 00 (2)                     ;1000.0;FRENTES;FT 115_3.4;0;0;0
25;23;;DIM;0;387;2 Dimmer 00 (2)                     ;1000.0;FRENTES;FT 115_3.5;0;0;0
25;24;;DIM;0;387;2 Dimmer 00 (2)                     ;1000.0;FRENTES;FT 115_4.1;0;0;0
25;25;;DIM;0;387;2 Dimmer 00 (2)                     ;1000.0;FRENTES;FT 115_4.2;0;0;0
25;26;;DIM;0;387;2 Dimmer 00 (2)                     ;1000.0;FRENTES;FT 115_4.3;0;0;0
25;27;;DIM;0;387;2 Dimmer 00 (2)                     ;1000.0;CONTRAS;CRT 201_1.1;0;0;0
25;28;;DIM;0;387;2 Dimmer 00 (2)                     ;1000.0;CONTRAS;CRT 201_1.2;0;0;0
25;29;;DIM;0;387;2 Dimmer 00 (2)                     ;1000.0;CONTRAS;CRT 201_1.3;0;0;0
25;30;;DIM;0;387;2 Dimmer 00 (2)                     ;1000.0;CONTRAS;CRT 201_1.4;0;0;0
25;31;;DIM;0;387;2 Dimmer 00 (2)                     ;1000.0;CONTRAS;CRT 201_2.1;0;0;0
25;32;;DIM;0;387;2 Dimmer 00 (2)                     ;1000.0;CONTRAS;CRT 201_2.2;0;0;0
25;33;;DIM;0;387;2 Dimmer 00 (2)                     ;1000.0;CONTRAS;CRT 201_2.3;0;0;0
25;34;;DIM;35.5;387;2 Dimmer 00 (2)                     ;1000.0;CONTRAS;CRT 115_1.1;139.22;53876.47;14.97
25;35;;DIM;35.5;387;2 Dimmer 00 (2)                     ;1000.0;CONTRAS;CRT 115_1.2;139.22;53876.47;14.97
25;36;;DIM;26.5;387;2 Dimmer 00 (2)                     ;1000.0;CONTRAS;CRT 115_1.3;103.92;40217.65;11.17
25;37;;DIM;35.5;387;2 Dimmer 00 (2)                     ;1000.0;CONTRAS;CRT 115_1.4;139.22;53876.47;14.97
25;38;;DIM;35.5;387;2 Dimmer 00 (2)                     ;1000.0;CONTRAS;CRT 115_2.1;139.22;53876.47;14.97
25;39;;DIM;35.5;387;2 Dimmer 00 (2)                     ;1000.0;CONTRAS;CRT 115_2.2;139.22;53876.47;14.97
25;40;;DIM;26.5;387;2 Dimmer 00 (2)                     ;1000.0;CONTRAS;CRT 115_2.3;103.92;40217.65;11.17
25;41;;DIM;27;387;2 Dimmer 00 (2)                     ;750.0;LEQUE PAREDES;PAREDE 1;79.41;30732.35;8.54
25;42;;DIM;27;387;2 Dimmer 00 (2)                     ;750.0;LEQUE PAREDES;PAREDE 2;79.41;30732.35;8.54
25;43;;DIM;27;387;2 Dimmer 00 (2)                     ;750.0;LEQUE PAREDES;PAREDE 3;79.41;30732.35;8.54
25;44;;DIM;27;387;2 Dimmer 00 (2)                     ;750.0;LEQUE PAREDES;PAREDE 4;79.41;30732.35;8.54
25;45;;DIM;27;387;2 Dimmer 00 (2)                     ;750.0;LEQUE PAREDES;PAREDE 5;79.41;30732.35;8.54
25;46;;DIM;27;387;2 Dimmer 00 (2)                     ;750.0;LEQUE PAREDES;PAREDE 6;79.41;30732.35;8.54
25;47;;DIM;27;387;2 Dimmer 00 (2)                     ;750.0;LEQUE PAREDES;PAREDE 7;79.41;30732.35;8.54
25;48;;DIM;0;387;2 Dimmer 00 (2)                     ;1000.0;LATERAIS RED;RED 1;0;0;0
25;49;;DIM;0;387;2 Dimmer 00 (2)                     ;1000.0;LATERAIS RED;RED 2;0;0;0
25;50;;DIM;0;387;2 Dimmer 00 (2)                     ;1000.0;LATERAIS RED;RED 3;0;0;0
25;51;;DIM;0;387;2 Dimmer 00 (2)                     ;1000.0;LATERAIS RED;RED 4;0;0;0
25;52;;DIM;17.5;387;2 Dimmer 00 (2)                     ;750.0;BANHEIRA;BANHEIRA FRT;51.47;19919.12;5.53
25;53;;DIM;0;387;2 Dimmer 00 (2)                     ;750.0;BANHEIRA;BANHEIRA PIC.;0;0;0
25;54;;DIM;0;387;2 Dimmer 00 (2)                     ;750.0;BANHEIRA;BANHEIRA CRT;0;0;0
25;55;;DIM;0;387;2 Dimmer 00 (2)                     ;1000.0;BANCOS;BANCO FR L;0;0;0
25;56;;DIM;0;387;2 Dimmer 00 (2)                     ;1000.0;BANCOS;BANCO CRT L;0;0;0
25;57;;DIM;0;387;2 Dimmer 00 (2)                     ;1000.0;BANCOS;BANCO FR R;0;0;0
25;58;;DIM;0;387;2 Dimmer 00 (2)                     ;1000.0;BANCOS;BANCO CRT R;0;0;0
25;59;;DIM;0;387;2 Dimmer 00 (2)                     ;750.0;CADEIRA COUMIER;COUMIER;0;0;0
25;60;;DIM;0;387;2 Dimmer 00 (2)                     ;750.0;GUILHOTINA;GUILHO PIC.;0;0;0
25;61;;DIM;0;387;2 Dimmer 00 (2)                     ;750.0;GUILHOTINA;GUILHO CRT;0;0;0
25;62;;DIM;0;387;2 Dimmer 00 (2)                     ;1000.0;CANTORES;CANTORES CRT;0;0;0
25;63;;DIM;0;387;2 Dimmer 00 (2)                     ;1000.0;PORTA;PORTA FR PICADO;0;0;0
25;64;;DIM;0;387;2 Dimmer 00 (2)                     ;1000.0;PORTA;PORTA CRT;0;0;0
25;73;;DIM;0;387;2 Dimmer 00 (2)                     ;750.0;PORTA;PORTA RÉGIE;0;0;0
25;65;;DIM;0;387;2 Dimmer 00 (2)                     ;1000.0;MUSICOS;MUSICO FR;0;0;0
25;66;;DIM;0;387;2 Dimmer 00 (2)                     ;1000.0;MUSICOS;PAUTAS CRT;0;0;0
25;67;;DIM;0;387;2 Dimmer 00 (2)                     ;750.0;MUSICOS;KEYS;0;0;0
25;68;;DIM;6.5;387;2 Dimmer 00 (2)                     ;1000.0;ALCOVAS LAT.;DIR ALCOVA;25.49;9864.71;2.74
25;69;;DIM;18.5;387;2 Dimmer 00 (2)                     ;1000.0;ALCOVAS LAT.;BANHEIRA DIR;72.55;28076.47;7.8
25;70;;DIM;6.5;387;2 Dimmer 00 (2)                     ;750.0;ALCOVAS LAT.;ESQ ALCOVA;19.12;7398.53;2.06
25;71;;DIM;18.5;387;2 Dimmer 00 (2)                     ;750.0;ALCOVAS LAT.;BANHEIRA ESQ;54.41;21057.35;5.85
25;72;;DIM;0;387;2 Dimmer 00 (2)                     ;3000.0;FUMO;VAPOR;0;0;0
25;231;;DIM;0;387;2 Dimmer 00 (2)                     ;3000.0;VENTOINHAS;FAN 1;0;0;0
25;232;;DIM;0;387;2 Dimmer 00 (2)                     ;1000.0;CODA PUB;PUB 1;0;0;0
25;233;;DIM;0;387;2 Dimmer 00 (2)                     ;1000.0;CODA PUB;PUB 2;0;0;0
25;234;;DIM;0;387;2 Dimmer 00 (2)                     ;1000.0;CODA PUB;PUB 3;0;0;0
25;235;;DIM;0;387;2 Dimmer 00 (2)                     ;1000.0;CODA PUB;PUB 4;0;0;0
28;1;;DIM;25.5;265;2 Dimmer 00 (2)                     ;2000.0;FRENTES;FT 1.1;200;53000;14.72
28;2;;DIM;25.5;265;2 Dimmer 00 (2)                     ;2000.0;FRENTES;FT 1.2;200;53000;14.72
28;3;;DIM;25.5;265;2 Dimmer 00 (2)                     ;2000.0;FRENTES;FT 1.3;200;53000;14.72
28;4;;DIM;25.5;265;2 Dimmer 00 (2)                     ;2000.0;FRENTES;FT 1.4;200;53000;14.72
28;5;;DIM;25.5;265;2 Dimmer 00 (2)                     ;2000.0;FRENTES;FT 1.5;200;53000;14.72
28;6;;DIM;0;265;2 Dimmer 00 (2)                     ;2000.0;FRENTES;FT 2.1;0;0;0
28;7;;DIM;0;265;2 Dimmer 00 (2)                     ;2000.0;FRENTES;FT 2.2;0;0;0
28;8;;DIM;0;265;2 Dimmer 00 (2)                     ;2000.0;FRENTES;FT 2.3;0;0;0
28;9;;DIM;0;265;2 Dimmer 00 (2)                     ;2000.0;FRENTES;FT 2.4;0;0;0
28;10;;DIM;0;265;2 Dimmer 00 (2)                     ;2000.0;FRENTES;FT 2.5;0;0;0
28;11;;DIM;27;265;2 Dimmer 00 (2)                     ;1000.0;FRENTES;FT 201_3.1;105.88;28058.82;7.79
28;12;;DIM;27;265;2 Dimmer 00 (2)                     ;1000.0;FRENTES;FT 201_3.2;105.88;28058.82;7.79
28;13;;DIM;27;265;2 Dimmer 00 (2)                     ;1000.0;FRENTES;FT 201_3.3;105.88;28058.82;7.79
28;14;;DIM;27;265;2 Dimmer 00 (2)                     ;1000.0;FRENTES;FT 201_3.4;105.88;28058.82;7.79
28;15;;DIM;27;265;2 Dimmer 00 (2)                     ;1000.0;FRENTES;FT 201_3.5;105.88;28058.82;7.79
28;16;;DIM;0;265;2 Dimmer 00 (2)                     ;1000.0;FRENTES;FT 201_4.1;0;0;0
28;17;;DIM;0;265;2 Dimmer 00 (2)                     ;1000.0;FRENTES;FT 201_4.2;0;0;0
28;18;;DIM;0;265;2 Dimmer 00 (2)                     ;1000.0;FRENTES;FT 201_4.3;0;0;0
28;19;;DIM;0;265;2 Dimmer 00 (2)                     ;1000.0;FRENTES;FT 115_3.1;0;0;0
28;20;;DIM;0;265;2 Dimmer 00 (2)                     ;1000.0;FRENTES;FT 115_3.2;0;0;0
28;21;;DIM;0;265;2 Dimmer 00 (2)                     ;1000.0;FRENTES;FT 115_3.3;0;0;0
28;22;;DIM;0;265;2 Dimmer 00 (2)                     ;1000.0;FRENTES;FT 115_3.4;0;0;0
28;23;;DIM;0;265;2 Dimmer 00 (2)                     ;1000.0;FRENTES;FT 115_3.5;0;0;0
28;24;;DIM;0;265;2 Dimmer 00 (2)                     ;1000.0;FRENTES;FT 115_4.1;0;0;0
28;25;;DIM;0;265;2 Dimmer 00 (2)                     ;1000.0;FRENTES;FT 115_4.2;0;0;0
28;26;;DIM;0;265;2 Dimmer 00 (2)                     ;1000.0;FRENTES;FT 115_4.3;0;0;0
28;27;;DIM;0;265;2 Dimmer 00 (2)                     ;1000.0;CONTRAS;CRT 201_1.1;0;0;0
28;28;;DIM;0;265;2 Dimmer 00 (2)                     ;1000.0;CONTRAS;CRT 201_1.2;0;0;0
28;29;;DIM;0;265;2 Dimmer 00 (2)                     ;1000.0;CONTRAS;CRT 201_1.3;0;0;0
28;30;;DIM;0;265;2 Dimmer 00 (2)                     ;1000.0;CONTRAS;CRT 201_1.4;0;0;0
28;31;;DIM;0;265;2 Dimmer 00 (2)                     ;1000.0;CONTRAS;CRT 201_2.1;0;0;0
28;32;;DIM;0;265;2 Dimmer 00 (2)                     ;1000.0;CONTRAS;CRT 201_2.2;0;0;0
28;33;;DIM;0;265;2 Dimmer 00 (2)                     ;1000.0;CONTRAS;CRT 201_2.3;0;0;0
28;34;;DIM;27.5;265;2 Dimmer 00 (2)                     ;1000.0;CONTRAS;CRT 115_1.1;107.84;28578.43;7.94
28;35;;DIM;27.5;265;2 Dimmer 00 (2)                     ;1000.0;CONTRAS;CRT 115_1.2;107.84;28578.43;7.94
28;36;;DIM;18.5;265;2 Dimmer 00 (2)                     ;1000.0;CONTRAS;CRT 115_1.3;72.55;19225.49;5.34
28;37;;DIM;27.5;265;2 Dimmer 00 (2)                     ;1000.0;CONTRAS;CRT 115_1.4;107.84;28578.43;7.94
28;38;;DIM;27.5;265;2 Dimmer 00 (2)                     ;1000.0;CONTRAS;CRT 115_2.1;107.84;28578.43;7.94
28;39;;DIM;27.5;265;2 Dimmer 00 (2)                     ;1000.0;CONTRAS;CRT 115_2.2;107.84;28578.43;7.94
28;40;;DIM;18.5;265;2 Dimmer 00 (2)                     ;1000.0;CONTRAS;CRT 115_2.3;72.55;19225.49;5.34
28;41;;DIM;27;265;2 Dimmer 00 (2)                     ;750.0;LEQUE PAREDES;PAREDE 1;79.41;21044.12;5.85
28;42;;DIM;27;265;2 Dimmer 00 (2)                     ;750.0;LEQUE PAREDES;PAREDE 2;79.41;21044.12;5.85
28;43;;DIM;27;265;2 Dimmer 00 (2)                     ;750.0;LEQUE PAREDES;PAREDE 3;79.41;21044.12;5.85
28;44;;DIM;27;265;2 Dimmer 00 (2)                     ;750.0;LEQUE PAREDES;PAREDE 4;79.41;21044.12;5.85
28;45;;DIM;27;265;2 Dimmer 00 (2)                     ;750.0;LEQUE PAREDES;PAREDE 5;79.41;21044.12;5.85
28;46;;DIM;27;265;2 Dimmer 00 (2)                     ;750.0;LEQUE PAREDES;PAREDE 6;79.41;21044.12;5.85
28;47;;DIM;27;265;2 Dimmer 00 (2)                     ;750.0;LEQUE PAREDES;PAREDE 7;79.41;21044.12;5.85
28;48;;DIM;0;265;2 Dimmer 00 (2)                     ;1000.0;LATERAIS RED;RED 1;0;0;0
28;49;;DIM;0;265;2 Dimmer 00 (2)                     ;1000.0;LATERAIS RED;RED 2;0;0;0
28;50;;DIM;0;265;2 Dimmer 00 (2)                     ;1000.0;LATERAIS RED;RED 3;0;0;0
28;51;;DIM;0;265;2 Dimmer 00 (2)                     ;1000.0;LATERAIS RED;RED 4;0;0;0
28;52;;DIM;0;265;2 Dimmer 00 (2)                     ;750.0;BANHEIRA;BANHEIRA FRT;0;0;0
28;53;;DIM;0;265;2 Dimmer 00 (2)                     ;750.0;BANHEIRA;BANHEIRA PIC.;0;0;0
28;54;;DIM;0;265;2 Dimmer 00 (2)                     ;750.0;BANHEIRA;BANHEIRA CRT;0;0;0
28;55;;DIM;0;265;2 Dimmer 00 (2)                     ;1000.0;BANCOS;BANCO FR L;0;0;0
28;56;;DIM;0;265;2 Dimmer 00 (2)                     ;1000.0;BANCOS;BANCO CRT L;0;0;0
28;57;;DIM;0;265;2 Dimmer 00 (2)                     ;1000.0;BANCOS;BANCO FR R;0;0;0
28;58;;DIM;0;265;2 Dimmer 00 (2)                     ;1000.0;BANCOS;BANCO CRT R;0;0;0
28;59;;DIM;0;265;2 Dimmer 00 (2)                     ;750.0;CADEIRA COUMIER;COUMIER;0;0;0
28;60;;DIM;0;265;2 Dimmer 00 (2)                     ;750.0;GUILHOTINA;GUILHO PIC.;0;0;0
28;61;;DIM;0;265;2 Dimmer 00 (2)                     ;750.0;GUILHOTINA;GUILHO CRT;0;0;0
28;62;;DIM;0;265;2 Dimmer 00 (2)                     ;1000.0;CANTORES;CANTORES CRT;0;0;0
28;63;;DIM;0;265;2 Dimmer 00 (2)                     ;1000.0;PORTA;PORTA FR PICADO;0;0;0
28;64;;DIM;0;265;2 Dimmer 00 (2)                     ;1000.0;PORTA;PORTA CRT;0;0;0
28;73;;DIM;0;265;2 Dimmer 00 (2)                     ;750.0;PORTA;PORTA RÉGIE;0;0;0
28;65;;DIM;0;265;2 Dimmer 00 (2)                     ;1000.0;MUSICOS;MUSICO FR;0;0;0
28;66;;DIM;0;265;2 Dimmer 00 (2)                     ;1000.0;MUSICOS;PAUTAS CRT;0;0;0
28;67;;DIM;0;265;2 Dimmer 00 (2)                     ;750.0;MUSICOS;KEYS;0;0;0
28;68;;DIM;6.5;265;2 Dimmer 00 (2)                     ;1000.0;ALCOVAS LAT.;DIR ALCOVA;25.49;6754.9;1.88
28;69;;DIM;18.5;265;2 Dimmer 00 (2)                     ;1000.0;ALCOVAS LAT.;BANHEIRA DIR;72.55;19225.49;5.34
28;70;;DIM;6.5;265;2 Dimmer 00 (2)                     ;750.0;ALCOVAS LAT.;ESQ ALCOVA;19.12;5066.18;1.41
28;71;;DIM;18.5;265;2 Dimmer 00 (2)                     ;750.0;ALCOVAS LAT.;BANHEIRA ESQ;54.41;14419.12;4.01
28;72;;DIM;0;265;2 Dimmer 00 (2)                     ;3000.0;FUMO;VAPOR;0;0;0
28;231;;DIM;0;265;2 Dimmer 00 (2)                     ;3000.0;VENTOINHAS;FAN 1;0;0;0
28;232;;DIM;0;265;2 Dimmer 00 (2)                     ;1000.0;CODA PUB;PUB 1;0;0;0
28;233;;DIM;0;265;2 Dimmer 00 (2)                     ;1000.0;CODA PUB;PUB 2;0;0;0
28;234;;DIM;0;265;2 Dimmer 00 (2)                     ;1000.0;CODA PUB;PUB 3;0;0;0
28;235;;DIM;0;265;2 Dimmer 00 (2)                     ;1000.0;CODA PUB;PUB 4;0;0;0
29;1;;DIM;0;274;2 Dimmer 00 (2)                     ;2000.0;FRENTES;FT 1.1;0;0;0
29;2;;DIM;0;274;2 Dimmer 00 (2)                     ;2000.0;FRENTES;FT 1.2;0;0;0
29;3;;DIM;0;274;2 Dimmer 00 (2)                     ;2000.0;FRENTES;FT 1.3;0;0;0
29;4;;DIM;0;274;2 Dimmer 00 (2)                     ;2000.0;FRENTES;FT 1.4;0;0;0
29;5;;DIM;0;274;2 Dimmer 00 (2)                     ;2000.0;FRENTES;FT 1.5;0;0;0
29;6;;DIM;0;274;2 Dimmer 00 (2)                     ;2000.0;FRENTES;FT 2.1;0;0;0
29;7;;DIM;0;274;2 Dimmer 00 (2)                     ;2000.0;FRENTES;FT 2.2;0;0;0
29;8;;DIM;0;274;2 Dimmer 00 (2)                     ;2000.0;FRENTES;FT 2.3;0;0;0
29;9;;DIM;0;274;2 Dimmer 00 (2)                     ;2000.0;FRENTES;FT 2.4;0;0;0
29;10;;DIM;0;274;2 Dimmer 00 (2)                     ;2000.0;FRENTES;FT 2.5;0;0;0
29;11;;DIM;17.5;274;2 Dimmer 00 (2)                     ;1000.0;FRENTES;FT 201_3.1;68.63;18803.92;5.22
29;12;;DIM;17.5;274;2 Dimmer 00 (2)                     ;1000.0;FRENTES;FT 201_3.2;68.63;18803.92;5.22
29;13;;DIM;17.5;274;2 Dimmer 00 (2)                     ;1000.0;FRENTES;FT 201_3.3;68.63;18803.92;5.22
29;14;;DIM;17.5;274;2 Dimmer 00 (2)                     ;1000.0;FRENTES;FT 201_3.4;68.63;18803.92;5.22
29;15;;DIM;17.5;274;2 Dimmer 00 (2)                     ;1000.0;FRENTES;FT 201_3.5;68.63;18803.92;5.22
29;16;;DIM;0;274;2 Dimmer 00 (2)                     ;1000.0;FRENTES;FT 201_4.1;0;0;0
29;17;;DIM;0;274;2 Dimmer 00 (2)                     ;1000.0;FRENTES;FT 201_4.2;0;0;0
29;18;;DIM;0;274;2 Dimmer 00 (2)                     ;1000.0;FRENTES;FT 201_4.3;0;0;0
29;19;;DIM;0;274;2 Dimmer 00 (2)                     ;1000.0;FRENTES;FT 115_3.1;0;0;0
29;20;;DIM;0;274;2 Dimmer 00 (2)                     ;1000.0;FRENTES;FT 115_3.2;0;0;0
29;21;;DIM;0;274;2 Dimmer 00 (2)                     ;1000.0;FRENTES;FT 115_3.3;0;0;0
29;22;;DIM;0;274;2 Dimmer 00 (2)                     ;1000.0;FRENTES;FT 115_3.4;0;0;0
29;23;;DIM;0;274;2 Dimmer 00 (2)                     ;1000.0;FRENTES;FT 115_3.5;0;0;0
29;24;;DIM;0;274;2 Dimmer 00 (2)                     ;1000.0;FRENTES;FT 115_4.1;0;0;0
29;25;;DIM;0;274;2 Dimmer 00 (2)                     ;1000.0;FRENTES;FT 115_4.2;0;0;0
29;26;;DIM;0;274;2 Dimmer 00 (2)                     ;1000.0;FRENTES;FT 115_4.3;0;0;0
29;27;;DIM;0;274;2 Dimmer 00 (2)                     ;1000.0;CONTRAS;CRT 201_1.1;0;0;0
29;28;;DIM;0;274;2 Dimmer 00 (2)                     ;1000.0;CONTRAS;CRT 201_1.2;0;0;0
29;29;;DIM;0;274;2 Dimmer 00 (2)                     ;1000.0;CONTRAS;CRT 201_1.3;0;0;0
29;30;;DIM;0;274;2 Dimmer 00 (2)                     ;1000.0;CONTRAS;CRT 201_1.4;0;0;0
29;31;;DIM;0;274;2 Dimmer 00 (2)                     ;1000.0;CONTRAS;CRT 201_2.1;0;0;0
29;32;;DIM;0;274;2 Dimmer 00 (2)                     ;1000.0;CONTRAS;CRT 201_2.2;0;0;0
29;33;;DIM;0;274;2 Dimmer 00 (2)                     ;1000.0;CONTRAS;CRT 201_2.3;0;0;0
29;34;;DIM;27.5;274;2 Dimmer 00 (2)                     ;1000.0;CONTRAS;CRT 115_1.1;107.84;29549.02;8.21
29;35;;DIM;27.5;274;2 Dimmer 00 (2)                     ;1000.0;CONTRAS;CRT 115_1.2;107.84;29549.02;8.21
29;36;;DIM;18.5;274;2 Dimmer 00 (2)                     ;1000.0;CONTRAS;CRT 115_1.3;72.55;19878.43;5.52
29;37;;DIM;27.5;274;2 Dimmer 00 (2)                     ;1000.0;CONTRAS;CRT 115_1.4;107.84;29549.02;8.21
29;38;;DIM;27.5;274;2 Dimmer 00 (2)                     ;1000.0;CONTRAS;CRT 115_2.1;107.84;29549.02;8.21
29;39;;DIM;27.5;274;2 Dimmer 00 (2)                     ;1000.0;CONTRAS;CRT 115_2.2;107.84;29549.02;8.21
29;40;;DIM;18.5;274;2 Dimmer 00 (2)                     ;1000.0;CONTRAS;CRT 115_2.3;72.55;19878.43;5.52
29;41;;DIM;27;274;2 Dimmer 00 (2)                     ;750.0;LEQUE PAREDES;PAREDE 1;79.41;21758.82;6.04
29;42;;DIM;27;274;2 Dimmer 00 (2)                     ;750.0;LEQUE PAREDES;PAREDE 2;79.41;21758.82;6.04
29;43;;DIM;27;274;2 Dimmer 00 (2)                     ;750.0;LEQUE PAREDES;PAREDE 3;79.41;21758.82;6.04
29;44;;DIM;27;274;2 Dimmer 00 (2)                     ;750.0;LEQUE PAREDES;PAREDE 4;79.41;21758.82;6.04
29;45;;DIM;27;274;2 Dimmer 00 (2)                     ;750.0;LEQUE PAREDES;PAREDE 5;79.41;21758.82;6.04
29;46;;DIM;27;274;2 Dimmer 00 (2)                     ;750.0;LEQUE PAREDES;PAREDE 6;79.41;21758.82;6.04
29;47;;DIM;27;274;2 Dimmer 00 (2)                     ;750.0;LEQUE PAREDES;PAREDE 7;79.41;21758.82;6.04
29;48;;DIM;0;274;2 Dimmer 00 (2)                     ;1000.0;LATERAIS RED;RED 1;0;0;0
29;49;;DIM;0;274;2 Dimmer 00 (2)                     ;1000.0;LATERAIS RED;RED 2;0;0;0
29;50;;DIM;0;274;2 Dimmer 00 (2)                     ;1000.0;LATERAIS RED;RED 3;0;0;0
29;51;;DIM;0;274;2 Dimmer 00 (2)                     ;1000.0;LATERAIS RED;RED 4;0;0;0
29;52;;DIM;0;274;2 Dimmer 00 (2)                     ;750.0;BANHEIRA;BANHEIRA FRT;0;0;0
29;53;;DIM;0;274;2 Dimmer 00 (2)                     ;750.0;BANHEIRA;BANHEIRA PIC.;0;0;0
29;54;;DIM;0;274;2 Dimmer 00 (2)                     ;750.0;BANHEIRA;BANHEIRA CRT;0;0;0
29;55;;DIM;0;274;2 Dimmer 00 (2)                     ;1000.0;BANCOS;BANCO FR L;0;0;0
29;56;;DIM;0;274;2 Dimmer 00 (2)                     ;1000.0;BANCOS;BANCO CRT L;0;0;0
29;57;;DIM;0;274;2 Dimmer 00 (2)                     ;1000.0;BANCOS;BANCO FR R;0;0;0
29;58;;DIM;0;274;2 Dimmer 00 (2)                     ;1000.0;BANCOS;BANCO CRT R;0;0;0
29;59;;DIM;0;274;2 Dimmer 00 (2)                     ;750.0;CADEIRA COUMIER;COUMIER;0;0;0
29;60;;DIM;0;274;2 Dimmer 00 (2)                     ;750.0;GUILHOTINA;GUILHO PIC.;0;0;0
29;61;;DIM;0;274;2 Dimmer 00 (2)                     ;750.0;GUILHOTINA;GUILHO CRT;0;0;0
29;62;;DIM;0;274;2 Dimmer 00 (2)                     ;1000.0;CANTORES;CANTORES CRT;0;0;0
29;63;;DIM;0;274;2 Dimmer 00 (2)                     ;1000.0;PORTA;PORTA FR PICADO;0;0;0
29;64;;DIM;0;274;2 Dimmer 00 (2)                     ;1000.0;PORTA;PORTA CRT;0;0;0
29;73;;DIM;0;274;2 Dimmer 00 (2)                     ;750.0;PORTA;PORTA RÉGIE;0;0;0
29;65;;DIM;0;274;2 Dimmer 00 (2)                     ;1000.0;MUSICOS;MUSICO FR;0;0;0
29;66;;DIM;0;274;2 Dimmer 00 (2)                     ;1000.0;MUSICOS;PAUTAS CRT;0;0;0
29;67;;DIM;0;274;2 Dimmer 00 (2)                     ;750.0;MUSICOS;KEYS;0;0;0
29;68;;DIM;6.5;274;2 Dimmer 00 (2)                     ;1000.0;ALCOVAS LAT.;DIR ALCOVA;25.49;6984.31;1.94
29;69;;DIM;18.5;274;2 Dimmer 00 (2)                     ;1000.0;ALCOVAS LAT.;BANHEIRA DIR;72.55;19878.43;5.52
29;70;;DIM;6.5;274;2 Dimmer 00 (2)                     ;750.0;ALCOVAS LAT.;ESQ ALCOVA;19.12;5238.24;1.46
29;71;;DIM;18.5;274;2 Dimmer 00 (2)                     ;750.0;ALCOVAS LAT.;BANHEIRA ESQ;54.41;14908.82;4.14
29;72;;DIM;0;274;2 Dimmer 00 (2)                     ;3000.0;FUMO;VAPOR;0;0;0
29;231;;DIM;0;274;2 Dimmer 00 (2)                     ;3000.0;VENTOINHAS;FAN 1;0;0;0
29;232;;DIM;0;274;2 Dimmer 00 (2)                     ;1000.0;CODA PUB;PUB 1;0;0;0
29;233;;DIM;0;274;2 Dimmer 00 (2)                     ;1000.0;CODA PUB;PUB 2;0;0;0
29;234;;DIM;0;274;2 Dimmer 00 (2)                     ;1000.0;CODA PUB;PUB 3;0;0;0
29;235;;DIM;0;274;2 Dimmer 00 (2)                     ;1000.0;CODA PUB;PUB 4;0;0;0
31;1;;DIM;25.5;260;2 Dimmer 00 (2)                     ;2000.0;FRENTES;FT 1.1;200;52000;14.44
31;2;;DIM;25.5;260;2 Dimmer 00 (2)                     ;2000.0;FRENTES;FT 1.2;200;52000;14.44
31;3;;DIM;25.5;260;2 Dimmer 00 (2)                     ;2000.0;FRENTES;FT 1.3;200;52000;14.44
31;4;;DIM;25.5;260;2 Dimmer 00 (2)                     ;2000.0;FRENTES;FT 1.4;200;52000;14.44
31;5;;DIM;25.5;260;2 Dimmer 00 (2)                     ;2000.0;FRENTES;FT 1.5;200;52000;14.44
31;6;;DIM;0;260;2 Dimmer 00 (2)                     ;2000.0;FRENTES;FT 2.1;0;0;0
31;7;;DIM;0;260;2 Dimmer 00 (2)                     ;2000.0;FRENTES;FT 2.2;0;0;0
31;8;;DIM;0;260;2 Dimmer 00 (2)                     ;2000.0;FRENTES;FT 2.3;0;0;0
31;9;;DIM;0;260;2 Dimmer 00 (2)                     ;2000.0;FRENTES;FT 2.4;0;0;0
31;10;;DIM;0;260;2 Dimmer 00 (2)                     ;2000.0;FRENTES;FT 2.5;0;0;0
31;11;;DIM;15;260;2 Dimmer 00 (2)                     ;1000.0;FRENTES;FT 201_3.1;58.82;15294.12;4.25
31;12;;DIM;15;260;2 Dimmer 00 (2)                     ;1000.0;FRENTES;FT 201_3.2;58.82;15294.12;4.25
31;13;;DIM;15;260;2 Dimmer 00 (2)                     ;1000.0;FRENTES;FT 201_3.3;58.82;15294.12;4.25
31;14;;DIM;15;260;2 Dimmer 00 (2)                     ;1000.0;FRENTES;FT 201_3.4;58.82;15294.12;4.25
31;15;;DIM;15;260;2 Dimmer 00 (2)                     ;1000.0;FRENTES;FT 201_3.5;58.82;15294.12;4.25
31;16;;DIM;0;260;2 Dimmer 00 (2)                     ;1000.0;FRENTES;FT 201_4.1;0;0;0
31;17;;DIM;0;260;2 Dimmer 00 (2)                     ;1000.0;FRENTES;FT 201_4.2;0;0;0
31;18;;DIM;0;260;2 Dimmer 00 (2)                     ;1000.0;FRENTES;FT 201_4.3;0;0;0
31;19;;DIM;11.5;260;2 Dimmer 00 (2)                     ;1000.0;FRENTES;FT 115_3.1;45.1;11725.49;3.26
31;20;;DIM;11.5;260;2 Dimmer 00 (2)                     ;1000.0;FRENTES;FT 115_3.2;45.1;11725.49;3.26
31;21;;DIM;11.5;260;2 Dimmer 00 (2)                     ;1000.0;FRENTES;FT 115_3.3;45.1;11725.49;3.26
31;22;;DIM;11.5;260;2 Dimmer 00 (2)                     ;1000.0;FRENTES;FT 115_3.4;45.1;11725.49;3.26
31;23;;DIM;11.5;260;2 Dimmer 00 (2)                     ;1000.0;FRENTES;FT 115_3.5;45.1;11725.49;3.26
31;24;;DIM;0;260;2 Dimmer 00 (2)                     ;1000.0;FRENTES;FT 115_4.1;0;0;0
31;25;;DIM;0;260;2 Dimmer 00 (2)                     ;1000.0;FRENTES;FT 115_4.2;0;0;0
31;26;;DIM;0;260;2 Dimmer 00 (2)                     ;1000.0;FRENTES;FT 115_4.3;0;0;0
31;27;;DIM;0;260;2 Dimmer 00 (2)                     ;1000.0;CONTRAS;CRT 201_1.1;0;0;0
31;28;;DIM;0;260;2 Dimmer 00 (2)                     ;1000.0;CONTRAS;CRT 201_1.2;0;0;0
31;29;;DIM;0;260;2 Dimmer 00 (2)                     ;1000.0;CONTRAS;CRT 201_1.3;0;0;0
31;30;;DIM;0;260;2 Dimmer 00 (2)                     ;1000.0;CONTRAS;CRT 201_1.4;0;0;0
31;31;;DIM;0;260;2 Dimmer 00 (2)                     ;1000.0;CONTRAS;CRT 201_2.1;0;0;0
31;32;;DIM;0;260;2 Dimmer 00 (2)                     ;1000.0;CONTRAS;CRT 201_2.2;0;0;0
31;33;;DIM;0;260;2 Dimmer 00 (2)                     ;1000.0;CONTRAS;CRT 201_2.3;0;0;0
31;34;;DIM;27.5;260;2 Dimmer 00 (2)                     ;1000.0;CONTRAS;CRT 115_1.1;107.84;28039.22;7.79
31;35;;DIM;27.5;260;2 Dimmer 00 (2)                     ;1000.0;CONTRAS;CRT 115_1.2;107.84;28039.22;7.79
31;36;;DIM;18.5;260;2 Dimmer 00 (2)                     ;1000.0;CONTRAS;CRT 115_1.3;72.55;18862.75;5.24
31;37;;DIM;27.5;260;2 Dimmer 00 (2)                     ;1000.0;CONTRAS;CRT 115_1.4;107.84;28039.22;7.79
31;38;;DIM;27.5;260;2 Dimmer 00 (2)                     ;1000.0;CONTRAS;CRT 115_2.1;107.84;28039.22;7.79
31;39;;DIM;27.5;260;2 Dimmer 00 (2)                     ;1000.0;CONTRAS;CRT 115_2.2;107.84;28039.22;7.79
31;40;;DIM;18.5;260;2 Dimmer 00 (2)                     ;1000.0;CONTRAS;CRT 115_2.3;72.55;18862.75;5.24
31;41;;DIM;27;260;2 Dimmer 00 (2)                     ;750.0;LEQUE PAREDES;PAREDE 1;79.41;20647.06;5.74
31;42;;DIM;27;260;2 Dimmer 00 (2)                     ;750.0;LEQUE PAREDES;PAREDE 2;79.41;20647.06;5.74
31;43;;DIM;27;260;2 Dimmer 00 (2)                     ;750.0;LEQUE PAREDES;PAREDE 3;79.41;20647.06;5.74
31;44;;DIM;27;260;2 Dimmer 00 (2)                     ;750.0;LEQUE PAREDES;PAREDE 4;79.41;20647.06;5.74
31;45;;DIM;27;260;2 Dimmer 00 (2)                     ;750.0;LEQUE PAREDES;PAREDE 5;79.41;20647.06;5.74
31;46;;DIM;27;260;2 Dimmer 00 (2)                     ;750.0;LEQUE PAREDES;PAREDE 6;79.41;20647.06;5.74
31;47;;DIM;27;260;2 Dimmer 00 (2)                     ;750.0;LEQUE PAREDES;PAREDE 7;79.41;20647.06;5.74
31;48;;DIM;0;260;2 Dimmer 00 (2)                     ;1000.0;LATERAIS RED;RED 1;0;0;0
31;49;;DIM;0;260;2 Dimmer 00 (2)                     ;1000.0;LATERAIS RED;RED 2;0;0;0
31;50;;DIM;0;260;2 Dimmer 00 (2)                     ;1000.0;LATERAIS RED;RED 3;0;0;0
31;51;;DIM;0;260;2 Dimmer 00 (2)                     ;1000.0;LATERAIS RED;RED 4;0;0;0
31;52;;DIM;0;260;2 Dimmer 00 (2)                     ;750.0;BANHEIRA;BANHEIRA FRT;0;0;0
31;53;;DIM;0;260;2 Dimmer 00 (2)                     ;750.0;BANHEIRA;BANHEIRA PIC.;0;0;0
31;54;;DIM;45.5;260;2 Dimmer 00 (2)                     ;750.0;BANHEIRA;BANHEIRA CRT;133.82;34794.12;9.67
31;55;;DIM;0;260;2 Dimmer 00 (2)                     ;1000.0;BANCOS;BANCO FR L;0;0;0
31;56;;DIM;0;260;2 Dimmer 00 (2)                     ;1000.0;BANCOS;BANCO CRT L;0;0;0
31;57;;DIM;0;260;2 Dimmer 00 (2)                     ;1000.0;BANCOS;BANCO FR R;0;0;0
31;58;;DIM;0;260;2 Dimmer 00 (2)                     ;1000.0;BANCOS;BANCO CRT R;0;0;0
31;59;;DIM;0;260;2 Dimmer 00 (2)                     ;750.0;CADEIRA COUMIER;COUMIER;0;0;0
31;60;;DIM;0;260;2 Dimmer 00 (2)                     ;750.0;GUILHOTINA;GUILHO PIC.;0;0;0
31;61;;DIM;0;260;2 Dimmer 00 (2)                     ;750.0;GUILHOTINA;GUILHO CRT;0;0;0
31;62;;DIM;0;260;2 Dimmer 00 (2)                     ;1000.0;CANTORES;CANTORES CRT;0;0;0
31;63;;DIM;0;260;2 Dimmer 00 (2)                     ;1000.0;PORTA;PORTA FR PICADO;0;0;0
31;64;;DIM;0;260;2 Dimmer 00 (2)                     ;1000.0;PORTA;PORTA CRT;0;0;0
31;73;;DIM;0;260;2 Dimmer 00 (2)                     ;750.0;PORTA;PORTA RÉGIE;0;0;0
31;65;;DIM;0;260;2 Dimmer 00 (2)                     ;1000.0;MUSICOS;MUSICO FR;0;0;0
31;66;;DIM;0;260;2 Dimmer 00 (2)                     ;1000.0;MUSICOS;PAUTAS CRT;0;0;0
31;67;;DIM;0;260;2 Dimmer 00 (2)                     ;750.0;MUSICOS;KEYS;0;0;0
31;68;;DIM;6.5;260;2 Dimmer 00 (2)                     ;1000.0;ALCOVAS LAT.;DIR ALCOVA;25.49;6627.45;1.84
31;69;;DIM;25;260;2 Dimmer 00 (2)                     ;1000.0;ALCOVAS LAT.;BANHEIRA DIR;98.04;25490.2;7.08
31;70;;DIM;6.5;260;2 Dimmer 00 (2)                     ;750.0;ALCOVAS LAT.;ESQ ALCOVA;19.12;4970.59;1.38
31;71;;DIM;25;260;2 Dimmer 00 (2)                     ;750.0;ALCOVAS LAT.;BANHEIRA ESQ;73.53;19117.65;5.31
31;72;;DIM;0;260;2 Dimmer 00 (2)                     ;3000.0;FUMO;VAPOR;0;0;0
31;231;;DIM;0;260;2 Dimmer 00 (2)                     ;3000.0;VENTOINHAS;FAN 1;0;0;0
31;232;;DIM;0;260;2 Dimmer 00 (2)                     ;1000.0;CODA PUB;PUB 1;0;0;0
31;233;;DIM;0;260;2 Dimmer 00 (2)                     ;1000.0;CODA PUB;PUB 2;0;0;0
31;234;;DIM;0;260;2 Dimmer 00 (2)                     ;1000.0;CODA PUB;PUB 3;0;0;0
31;235;;DIM;0;260;2 Dimmer 00 (2)                     ;1000.0;CODA PUB;PUB 4;0;0;0
32;1;;DIM;0;210;2 Dimmer 00 (2)                     ;2000.0;FRENTES;FT 1.1;0;0;0
32;2;;DIM;0;210;2 Dimmer 00 (2)                     ;2000.0;FRENTES;FT 1.2;0;0;0
32;3;;DIM;0;210;2 Dimmer 00 (2)                     ;2000.0;FRENTES;FT 1.3;0;0;0
32;4;;DIM;0;210;2 Dimmer 00 (2)                     ;2000.0;FRENTES;FT 1.4;0;0;0
32;5;;DIM;0;210;2 Dimmer 00 (2)                     ;2000.0;FRENTES;FT 1.5;0;0;0
32;6;;DIM;0;210;2 Dimmer 00 (2)                     ;2000.0;FRENTES;FT 2.1;0;0;0
32;7;;DIM;0;210;2 Dimmer 00 (2)                     ;2000.0;FRENTES;FT 2.2;0;0;0
32;8;;DIM;27;210;2 Dimmer 00 (2)                     ;2000.0;FRENTES;FT 2.3;211.76;44470.59;12.35
32;9;;DIM;12;210;2 Dimmer 00 (2)                     ;2000.0;FRENTES;FT 2.4;94.12;19764.71;5.49
32;10;;DIM;0;210;2 Dimmer 00 (2)                     ;2000.0;FRENTES;FT 2.5;0;0;0
32;11;;DIM;15.5;210;2 Dimmer 00 (2)                     ;1000.0;FRENTES;FT 201_3.1;60.78;12764.71;3.55
32;12;;DIM;15.5;210;2 Dimmer 00 (2)                     ;1000.0;FRENTES;FT 201_3.2;60.78;12764.71;3.55
32;13;;DIM;15.5;210;2 Dimmer 00 (2)                     ;1000.0;FRENTES;FT 201_3.3;60.78;12764.71;3.55
32;14;;DIM;15.5;210;2 Dimmer 00 (2)                     ;1000.0;FRENTES;FT 201_3.4;60.78;12764.71;3.55
32;15;;DIM;15.5;210;2 Dimmer 00 (2)                     ;1000.0;FRENTES;FT 201_3.5;60.78;12764.71;3.55
32;16;;DIM;0.5;210;2 Dimmer 00 (2)                     ;1000.0;FRENTES;FT 201_4.1;500;105000;29.17
32;17;;DIM;0.5;210;2 Dimmer 00 (2)                     ;1000.0;FRENTES;FT 201_4.2;500;105000;29.17
32;18;;DIM;0.5;210;2 Dimmer 00 (2)                     ;1000.0;FRENTES;FT 201_4.3;500;105000;29.17
32;19;;DIM;0;210;2 Dimmer 00 (2)                     ;1000.0;FRENTES;FT 115_3.1;0;0;0
32;20;;DIM;0;210;2 Dimmer 00 (2)                     ;1000.0;FRENTES;FT 115_3.2;0;0;0
32;21;;DIM;0;210;2 Dimmer 00 (2)                     ;1000.0;FRENTES;FT 115_3.3;0;0;0
32;22;;DIM;0;210;2 Dimmer 00 (2)                     ;1000.0;FRENTES;FT 115_3.4;0;0;0
32;23;;DIM;0;210;2 Dimmer 00 (2)                     ;1000.0;FRENTES;FT 115_3.5;0;0;0
32;24;;DIM;0;210;2 Dimmer 00 (2)                     ;1000.0;FRENTES;FT 115_4.1;0;0;0
32;25;;DIM;0;210;2 Dimmer 00 (2)                     ;1000.0;FRENTES;FT 115_4.2;0;0;0
32;26;;DIM;0;210;2 Dimmer 00 (2)                     ;1000.0;FRENTES;FT 115_4.3;0;0;0
32;27;;DIM;0;210;2 Dimmer 00 (2)                     ;1000.0;CONTRAS;CRT 201_1.1;0;0;0
32;28;;DIM;0;210;2 Dimmer 00 (2)                     ;1000.0;CONTRAS;CRT 201_1.2;0;0;0
32;29;;DIM;0;210;2 Dimmer 00 (2)                     ;1000.0;CONTRAS;CRT 201_1.3;0;0;0
32;30;;DIM;0;210;2 Dimmer 00 (2)                     ;1000.0;CONTRAS;CRT 201_1.4;0;0;0
32;31;;DIM;0;210;2 Dimmer 00 (2)                     ;1000.0;CONTRAS;CRT 201_2.1;0;0;0
32;32;;DIM;0;210;2 Dimmer 00 (2)                     ;1000.0;CONTRAS;CRT 201_2.2;0;0;0
32;33;;DIM;0;210;2 Dimmer 00 (2)                     ;1000.0;CONTRAS;CRT 201_2.3;0;0;0
32;34;;DIM;27.5;210;2 Dimmer 00 (2)                     ;1000.0;CONTRAS;CRT 115_1.1;107.84;22647.06;6.29
32;35;;DIM;27.5;210;2 Dimmer 00 (2)                     ;1000.0;CONTRAS;CRT 115_1.2;107.84;22647.06;6.29
32;36;;DIM;18.5;210;2 Dimmer 00 (2)                     ;1000.0;CONTRAS;CRT 115_1.3;72.55;15235.29;4.23
32;37;;DIM;27.5;210;2 Dimmer 00 (2)                     ;1000.0;CONTRAS;CRT 115_1.4;107.84;22647.06;6.29
32;38;;DIM;27.5;210;2 Dimmer 00 (2)                     ;1000.0;CONTRAS;CRT 115_2.1;107.84;22647.06;6.29
32;39;;DIM;27.5;210;2 Dimmer 00 (2)                     ;1000.0;CONTRAS;CRT 115_2.2;107.84;22647.06;6.29
32;40;;DIM;18.5;210;2 Dimmer 00 (2)                     ;1000.0;CONTRAS;CRT 115_2.3;72.55;15235.29;4.23
32;41;;DIM;27;210;2 Dimmer 00 (2)                     ;750.0;LEQUE PAREDES;PAREDE 1;79.41;16676.47;4.63
32;42;;DIM;27;210;2 Dimmer 00 (2)                     ;750.0;LEQUE PAREDES;PAREDE 2;79.41;16676.47;4.63
32;43;;DIM;27;210;2 Dimmer 00 (2)                     ;750.0;LEQUE PAREDES;PAREDE 3;79.41;16676.47;4.63
32;44;;DIM;27;210;2 Dimmer 00 (2)                     ;750.0;LEQUE PAREDES;PAREDE 4;79.41;16676.47;4.63
32;45;;DIM;27;210;2 Dimmer 00 (2)                     ;750.0;LEQUE PAREDES;PAREDE 5;79.41;16676.47;4.63
32;46;;DIM;27;210;2 Dimmer 00 (2)                     ;750.0;LEQUE PAREDES;PAREDE 6;79.41;16676.47;4.63
32;47;;DIM;27;210;2 Dimmer 00 (2)                     ;750.0;LEQUE PAREDES;PAREDE 7;79.41;16676.47;4.63
32;48;;DIM;0;210;2 Dimmer 00 (2)                     ;1000.0;LATERAIS RED;RED 1;0;0;0
32;49;;DIM;0;210;2 Dimmer 00 (2)                     ;1000.0;LATERAIS RED;RED 2;0;0;0
32;50;;DIM;0;210;2 Dimmer 00 (2)                     ;1000.0;LATERAIS RED;RED 3;0;0;0
32;51;;DIM;0;210;2 Dimmer 00 (2)                     ;1000.0;LATERAIS RED;RED 4;0;0;0
32;52;;DIM;0;210;2 Dimmer 00 (2)                     ;750.0;BANHEIRA;BANHEIRA FRT;0;0;0
32;53;;DIM;0;210;2 Dimmer 00 (2)                     ;750.0;BANHEIRA;BANHEIRA PIC.;0;0;0
32;54;;DIM;45.5;210;2 Dimmer 00 (2)                     ;750.0;BANHEIRA;BANHEIRA CRT;133.82;28102.94;7.81
32;55;;DIM;0;210;2 Dimmer 00 (2)                     ;1000.0;BANCOS;BANCO FR L;0;0;0
32;56;;DIM;0;210;2 Dimmer 00 (2)                     ;1000.0;BANCOS;BANCO CRT L;0;0;0
32;57;;DIM;0;210;2 Dimmer 00 (2)                     ;1000.0;BANCOS;BANCO FR R;0;0;0
32;58;;DIM;0;210;2 Dimmer 00 (2)                     ;1000.0;BANCOS;BANCO CRT R;0;0;0
32;59;;DIM;0;210;2 Dimmer 00 (2)                     ;750.0;CADEIRA COUMIER;COUMIER;0;0;0
32;60;;DIM;0;210;2 Dimmer 00 (2)                     ;750.0;GUILHOTINA;GUILHO PIC.;0;0;0
32;61;;DIM;0;210;2 Dimmer 00 (2)                     ;750.0;GUILHOTINA;GUILHO CRT;0;0;0
32;62;;DIM;0;210;2 Dimmer 00 (2)                     ;1000.0;CANTORES;CANTORES CRT;0;0;0
32;63;;DIM;0;210;2 Dimmer 00 (2)                     ;1000.0;PORTA;PORTA FR PICADO;0;0;0
32;64;;DIM;0;210;2 Dimmer 00 (2)                     ;1000.0;PORTA;PORTA CRT;0;0;0
32;73;;DIM;0;210;2 Dimmer 00 (2)                     ;750.0;PORTA;PORTA RÉGIE;0;0;0
32;65;;DIM;0;210;2 Dimmer 00 (2)                     ;1000.0;MUSICOS;MUSICO FR;0;0;0
32;66;;DIM;0;210;2 Dimmer 00 (2)                     ;1000.0;MUSICOS;PAUTAS CRT;0;0;0
32;67;;DIM;0;210;2 Dimmer 00 (2)                     ;750.0;MUSICOS;KEYS;0;0;0
32;68;;DIM;6.5;210;2 Dimmer 00 (2)                     ;1000.0;ALCOVAS LAT.;DIR ALCOVA;25.49;5352.94;1.49
32;69;;DIM;25;210;2 Dimmer 00 (2)                     ;1000.0;ALCOVAS LAT.;BANHEIRA DIR;98.04;20588.24;5.72
32;70;;DIM;6.5;210;2 Dimmer 00 (2)                     ;750.0;ALCOVAS LAT.;ESQ ALCOVA;19.12;4014.71;1.12
32;71;;DIM;25;210;2 Dimmer 00 (2)                     ;750.0;ALCOVAS LAT.;BANHEIRA ESQ;73.53;15441.18;4.29
32;72;;DIM;0;210;2 Dimmer 00 (2)                     ;3000.0;FUMO;VAPOR;0;0;0
32;231;;DIM;0;210;2 Dimmer 00 (2)                     ;3000.0;VENTOINHAS;FAN 1;0;0;0
32;232;;DIM;0;210;2 Dimmer 00 (2)                     ;1000.0;CODA PUB;PUB 1;0;0;0
32;233;;DIM;0;210;2 Dimmer 00 (2)                     ;1000.0;CODA PUB;PUB 2;0;0;0
32;234;;DIM;0;210;2 Dimmer 00 (2)                     ;1000.0;CODA PUB;PUB 3;0;0;0
32;235;;DIM;0;210;2 Dimmer 00 (2)                     ;1000.0;CODA PUB;PUB 4;0;0;0
33;1;;DIM;0;326;2 Dimmer 00 (2)                     ;2000.0;FRENTES;FT 1.1;0;0;0
33;2;;DIM;0;326;2 Dimmer 00 (2)                     ;2000.0;FRENTES;FT 1.2;0;0;0
33;3;;DIM;0;326;2 Dimmer 00 (2)                     ;2000.0;FRENTES;FT 1.3;0;0;0
33;4;;DIM;0;326;2 Dimmer 00 (2)                     ;2000.0;FRENTES;FT 1.4;0;0;0
33;5;;DIM;0;326;2 Dimmer 00 (2)                     ;2000.0;FRENTES;FT 1.5;0;0;0
33;6;;DIM;0;326;2 Dimmer 00 (2)                     ;2000.0;FRENTES;FT 2.1;0;0;0
33;7;;DIM;0;326;2 Dimmer 00 (2)                     ;2000.0;FRENTES;FT 2.2;0;0;0
33;8;;DIM;33;326;2 Dimmer 00 (2)                     ;2000.0;FRENTES;FT 2.3;258.82;84376.47;23.44
33;9;;DIM;12;326;2 Dimmer 00 (2)                     ;2000.0;FRENTES;FT 2.4;94.12;30682.35;8.52
33;10;;DIM;0;326;2 Dimmer 00 (2)                     ;2000.0;FRENTES;FT 2.5;0;0;0
33;11;;DIM;15.5;326;2 Dimmer 00 (2)                     ;1000.0;FRENTES;FT 201_3.1;60.78;19815.69;5.5
33;12;;DIM;15.5;326;2 Dimmer 00 (2)                     ;1000.0;FRENTES;FT 201_3.2;60.78;19815.69;5.5
33;13;;DIM;15.5;326;2 Dimmer 00 (2)                     ;1000.0;FRENTES;FT 201_3.3;60.78;19815.69;5.5
33;14;;DIM;15.5;326;2 Dimmer 00 (2)                     ;1000.0;FRENTES;FT 201_3.4;60.78;19815.69;5.5
33;15;;DIM;15.5;326;2 Dimmer 00 (2)                     ;1000.0;FRENTES;FT 201_3.5;60.78;19815.69;5.5
33;16;;DIM;0.5;326;2 Dimmer 00 (2)                     ;1000.0;FRENTES;FT 201_4.1;500;163000;45.28
33;17;;DIM;0.5;326;2 Dimmer 00 (2)                     ;1000.0;FRENTES;FT 201_4.2;500;163000;45.28
33;18;;DIM;0.5;326;2 Dimmer 00 (2)                     ;1000.0;FRENTES;FT 201_4.3;500;163000;45.28
33;19;;DIM;0;326;2 Dimmer 00 (2)                     ;1000.0;FRENTES;FT 115_3.1;0;0;0
33;20;;DIM;0;326;2 Dimmer 00 (2)                     ;1000.0;FRENTES;FT 115_3.2;0;0;0
33;21;;DIM;0;326;2 Dimmer 00 (2)                     ;1000.0;FRENTES;FT 115_3.3;0;0;0
33;22;;DIM;0;326;2 Dimmer 00 (2)                     ;1000.0;FRENTES;FT 115_3.4;0;0;0
33;23;;DIM;0;326;2 Dimmer 00 (2)                     ;1000.0;FRENTES;FT 115_3.5;0;0;0
33;24;;DIM;0;326;2 Dimmer 00 (2)                     ;1000.0;FRENTES;FT 115_4.1;0;0;0
33;25;;DIM;0;326;2 Dimmer 00 (2)                     ;1000.0;FRENTES;FT 115_4.2;0;0;0
33;26;;DIM;0;326;2 Dimmer 00 (2)                     ;1000.0;FRENTES;FT 115_4.3;0;0;0
33;27;;DIM;0;326;2 Dimmer 00 (2)                     ;1000.0;CONTRAS;CRT 201_1.1;0;0;0
33;28;;DIM;0;326;2 Dimmer 00 (2)                     ;1000.0;CONTRAS;CRT 201_1.2;0;0;0
33;29;;DIM;0;326;2 Dimmer 00 (2)                     ;1000.0;CONTRAS;CRT 201_1.3;0;0;0
33;30;;DIM;0;326;2 Dimmer 00 (2)                     ;1000.0;CONTRAS;CRT 201_1.4;0;0;0
33;31;;DIM;0;326;2 Dimmer 00 (2)                     ;1000.0;CONTRAS;CRT 201_2.1;0;0;0
33;32;;DIM;0;326;2 Dimmer 00 (2)                     ;1000.0;CONTRAS;CRT 201_2.2;0;0;0
33;33;;DIM;0;326;2 Dimmer 00 (2)                     ;1000.0;CONTRAS;CRT 201_2.3;0;0;0
33;34;;DIM;27.5;326;2 Dimmer 00 (2)                     ;1000.0;CONTRAS;CRT 115_1.1;107.84;35156.86;9.77
33;35;;DIM;27.5;326;2 Dimmer 00 (2)                     ;1000.0;CONTRAS;CRT 115_1.2;107.84;35156.86;9.77
33;36;;DIM;18.5;326;2 Dimmer 00 (2)                     ;1000.0;CONTRAS;CRT 115_1.3;72.55;23650.98;6.57
33;37;;DIM;27.5;326;2 Dimmer 00 (2)                     ;1000.0;CONTRAS;CRT 115_1.4;107.84;35156.86;9.77
33;38;;DIM;27.5;326;2 Dimmer 00 (2)                     ;1000.0;CONTRAS;CRT 115_2.1;107.84;35156.86;9.77
33;39;;DIM;27.5;326;2 Dimmer 00 (2)                     ;1000.0;CONTRAS;CRT 115_2.2;107.84;35156.86;9.77
33;40;;DIM;18.5;326;2 Dimmer 00 (2)                     ;1000.0;CONTRAS;CRT 115_2.3;72.55;23650.98;6.57
33;41;;DIM;27;326;2 Dimmer 00 (2)                     ;750.0;LEQUE PAREDES;PAREDE 1;79.41;25888.24;7.19
33;42;;DIM;27;326;2 Dimmer 00 (2)                     ;750.0;LEQUE PAREDES;PAREDE 2;79.41;25888.24;7.19
33;43;;DIM;27;326;2 Dimmer 00 (2)                     ;750.0;LEQUE PAREDES;PAREDE 3;79.41;25888.24;7.19
33;44;;DIM;27;326;2 Dimmer 00 (2)                     ;750.0;LEQUE PAREDES;PAREDE 4;79.41;25888.24;7.19
33;45;;DIM;27;326;2 Dimmer 00 (2)                     ;750.0;LEQUE PAREDES;PAREDE 5;79.41;25888.24;7.19
33;46;;DIM;27;326;2 Dimmer 00 (2)                     ;750.0;LEQUE PAREDES;PAREDE 6;79.41;25888.24;7.19
33;47;;DIM;27;326;2 Dimmer 00 (2)                     ;750.0;LEQUE PAREDES;PAREDE 7;79.41;25888.24;7.19
33;48;;DIM;0;326;2 Dimmer 00 (2)                     ;1000.0;LATERAIS RED;RED 1;0;0;0
33;49;;DIM;0;326;2 Dimmer 00 (2)                     ;1000.0;LATERAIS RED;RED 2;0;0;0
33;50;;DIM;0;326;2 Dimmer 00 (2)                     ;1000.0;LATERAIS RED;RED 3;0;0;0
33;51;;DIM;0;326;2 Dimmer 00 (2)                     ;1000.0;LATERAIS RED;RED 4;0;0;0
33;52;;DIM;0;326;2 Dimmer 00 (2)                     ;750.0;BANHEIRA;BANHEIRA FRT;0;0;0
33;53;;DIM;0;326;2 Dimmer 00 (2)                     ;750.0;BANHEIRA;BANHEIRA PIC.;0;0;0
33;54;;DIM;45.5;326;2 Dimmer 00 (2)                     ;750.0;BANHEIRA;BANHEIRA CRT;133.82;43626.47;12.12
33;55;;DIM;0;326;2 Dimmer 00 (2)                     ;1000.0;BANCOS;BANCO FR L;0;0;0
33;56;;DIM;0;326;2 Dimmer 00 (2)                     ;1000.0;BANCOS;BANCO CRT L;0;0;0
33;57;;DIM;0;326;2 Dimmer 00 (2)                     ;1000.0;BANCOS;BANCO FR R;0;0;0
33;58;;DIM;0;326;2 Dimmer 00 (2)                     ;1000.0;BANCOS;BANCO CRT R;0;0;0
33;59;;DIM;0;326;2 Dimmer 00 (2)                     ;750.0;CADEIRA COUMIER;COUMIER;0;0;0
33;60;;DIM;0;326;2 Dimmer 00 (2)                     ;750.0;GUILHOTINA;GUILHO PIC.;0;0;0
33;61;;DIM;0;326;2 Dimmer 00 (2)                     ;750.0;GUILHOTINA;GUILHO CRT;0;0;0
33;62;;DIM;0;326;2 Dimmer 00 (2)                     ;1000.0;CANTORES;CANTORES CRT;0;0;0
33;63;;DIM;0;326;2 Dimmer 00 (2)                     ;1000.0;PORTA;PORTA FR PICADO;0;0;0
33;64;;DIM;0;326;2 Dimmer 00 (2)                     ;1000.0;PORTA;PORTA CRT;0;0;0
33;73;;DIM;0;326;2 Dimmer 00 (2)                     ;750.0;PORTA;PORTA RÉGIE;0;0;0
33;65;;DIM;0;326;2 Dimmer 00 (2)                     ;1000.0;MUSICOS;MUSICO FR;0;0;0
33;66;;DIM;0;326;2 Dimmer 00 (2)                     ;1000.0;MUSICOS;PAUTAS CRT;0;0;0
33;67;;DIM;0;326;2 Dimmer 00 (2)                     ;750.0;MUSICOS;KEYS;0;0;0
33;68;;DIM;6.5;326;2 Dimmer 00 (2)                     ;1000.0;ALCOVAS LAT.;DIR ALCOVA;25.49;8309.8;2.31
33;69;;DIM;25;326;2 Dimmer 00 (2)                     ;1000.0;ALCOVAS LAT.;BANHEIRA DIR;98.04;31960.78;8.88
33;70;;DIM;6.5;326;2 Dimmer 00 (2)                     ;750.0;ALCOVAS LAT.;ESQ ALCOVA;19.12;6232.35;1.73
33;71;;DIM;25;326;2 Dimmer 00 (2)                     ;750.0;ALCOVAS LAT.;BANHEIRA ESQ;73.53;23970.59;6.66
33;72;;DIM;0;326;2 Dimmer 00 (2)                     ;3000.0;FUMO;VAPOR;0;0;0
33;231;;DIM;0;326;2 Dimmer 00 (2)                     ;3000.0;VENTOINHAS;FAN 1;0;0;0
33;232;;DIM;0;326;2 Dimmer 00 (2)                     ;1000.0;CODA PUB;PUB 1;0;0;0
33;233;;DIM;0;326;2 Dimmer 00 (2)                     ;1000.0;CODA PUB;PUB 2;0;0;0
33;234;;DIM;0;326;2 Dimmer 00 (2)                     ;1000.0;CODA PUB;PUB 3;0;0;0
33;235;;DIM;0;326;2 Dimmer 00 (2)                     ;1000.0;CODA PUB;PUB 4;0;0;0
34;1;;DIM;0;373;2 Dimmer 00 (2)                     ;2000.0;FRENTES;FT 1.1;0;0;0
34;2;;DIM;0;373;2 Dimmer 00 (2)                     ;2000.0;FRENTES;FT 1.2;0;0;0
34;3;;DIM;0;373;2 Dimmer 00 (2)                     ;2000.0;FRENTES;FT 1.3;0;0;0
34;4;;DIM;0;373;2 Dimmer 00 (2)                     ;2000.0;FRENTES;FT 1.4;0;0;0
34;5;;DIM;0;373;2 Dimmer 00 (2)                     ;2000.0;FRENTES;FT 1.5;0;0;0
34;6;;DIM;0;373;2 Dimmer 00 (2)                     ;2000.0;FRENTES;FT 2.1;0;0;0
34;7;;DIM;0;373;2 Dimmer 00 (2)                     ;2000.0;FRENTES;FT 2.2;0;0;0
34;8;;DIM;0;373;2 Dimmer 00 (2)                     ;2000.0;FRENTES;FT 2.3;0;0;0
34;9;;DIM;0;373;2 Dimmer 00 (2)                     ;2000.0;FRENTES;FT 2.4;0;0;0
34;10;;DIM;0;373;2 Dimmer 00 (2)                     ;2000.0;FRENTES;FT 2.5;0;0;0
34;11;;DIM;15.5;373;2 Dimmer 00 (2)                     ;1000.0;FRENTES;FT 201_3.1;60.78;22672.55;6.3
34;12;;DIM;15.5;373;2 Dimmer 00 (2)                     ;1000.0;FRENTES;FT 201_3.2;60.78;22672.55;6.3
34;13;;DIM;15.5;373;2 Dimmer 00 (2)                     ;1000.0;FRENTES;FT 201_3.3;60.78;22672.55;6.3
34;14;;DIM;15.5;373;2 Dimmer 00 (2)                     ;1000.0;FRENTES;FT 201_3.4;60.78;22672.55;6.3
34;15;;DIM;15.5;373;2 Dimmer 00 (2)                     ;1000.0;FRENTES;FT 201_3.5;60.78;22672.55;6.3
34;16;;DIM;0.5;373;2 Dimmer 00 (2)                     ;1000.0;FRENTES;FT 201_4.1;500;186500;51.81
34;17;;DIM;0.5;373;2 Dimmer 00 (2)                     ;1000.0;FRENTES;FT 201_4.2;500;186500;51.81
34;18;;DIM;0.5;373;2 Dimmer 00 (2)                     ;1000.0;FRENTES;FT 201_4.3;500;186500;51.81
34;19;;DIM;9.5;373;2 Dimmer 00 (2)                     ;1000.0;FRENTES;FT 115_3.1;37.25;13896.08;3.86
34;20;;DIM;9.5;373;2 Dimmer 00 (2)                     ;1000.0;FRENTES;FT 115_3.2;37.25;13896.08;3.86
34;21;;DIM;9.5;373;2 Dimmer 00 (2)                     ;1000.0;FRENTES;FT 115_3.3;37.25;13896.08;3.86
34;22;;DIM;9.5;373;2 Dimmer 00 (2)                     ;1000.0;FRENTES;FT 115_3.4;37.25;13896.08;3.86
34;23;;DIM;9.5;373;2 Dimmer 00 (2)                     ;1000.0;FRENTES;FT 115_3.5;37.25;13896.08;3.86
34;24;;DIM;9.5;373;2 Dimmer 00 (2)                     ;1000.0;FRENTES;FT 115_4.1;37.25;13896.08;3.86
34;25;;DIM;9.5;373;2 Dimmer 00 (2)                     ;1000.0;FRENTES;FT 115_4.2;37.25;13896.08;3.86
34;26;;DIM;9.5;373;2 Dimmer 00 (2)                     ;1000.0;FRENTES;FT 115_4.3;37.25;13896.08;3.86
34;27;;DIM;0;373;2 Dimmer 00 (2)                     ;1000.0;CONTRAS;CRT 201_1.1;0;0;0
34;28;;DIM;0;373;2 Dimmer 00 (2)                     ;1000.0;CONTRAS;CRT 201_1.2;0;0;0
34;29;;DIM;0;373;2 Dimmer 00 (2)                     ;1000.0;CONTRAS;CRT 201_1.3;0;0;0
34;30;;DIM;0;373;2 Dimmer 00 (2)                     ;1000.0;CONTRAS;CRT 201_1.4;0;0;0
34;31;;DIM;0;373;2 Dimmer 00 (2)                     ;1000.0;CONTRAS;CRT 201_2.1;0;0;0
34;32;;DIM;0;373;2 Dimmer 00 (2)                     ;1000.0;CONTRAS;CRT 201_2.2;0;0;0
34;33;;DIM;0;373;2 Dimmer 00 (2)                     ;1000.0;CONTRAS;CRT 201_2.3;0;0;0
34;34;;DIM;38;373;2 Dimmer 00 (2)                     ;1000.0;CONTRAS;CRT 115_1.1;149.02;55584.31;15.44
34;35;;DIM;38;373;2 Dimmer 00 (2)                     ;1000.0;CONTRAS;CRT 115_1.2;149.02;55584.31;15.44
34;36;;DIM;29;373;2 Dimmer 00 (2)                     ;1000.0;CONTRAS;CRT 115_1.3;113.73;42419.61;11.78
34;37;;DIM;38;373;2 Dimmer 00 (2)                     ;1000.0;CONTRAS;CRT 115_1.4;149.02;55584.31;15.44
34;38;;DIM;38;373;2 Dimmer 00 (2)                     ;1000.0;CONTRAS;CRT 115_2.1;149.02;55584.31;15.44
34;39;;DIM;38;373;2 Dimmer 00 (2)                     ;1000.0;CONTRAS;CRT 115_2.2;149.02;55584.31;15.44
34;40;;DIM;29;373;2 Dimmer 00 (2)                     ;1000.0;CONTRAS;CRT 115_2.3;113.73;42419.61;11.78
34;41;;DIM;38;373;2 Dimmer 00 (2)                     ;750.0;LEQUE PAREDES;PAREDE 1;111.76;41688.24;11.58
34;42;;DIM;38;373;2 Dimmer 00 (2)                     ;750.0;LEQUE PAREDES;PAREDE 2;111.76;41688.24;11.58
34;43;;DIM;38;373;2 Dimmer 00 (2)                     ;750.0;LEQUE PAREDES;PAREDE 3;111.76;41688.24;11.58
34;44;;DIM;38;373;2 Dimmer 00 (2)                     ;750.0;LEQUE PAREDES;PAREDE 4;111.76;41688.24;11.58
34;45;;DIM;38;373;2 Dimmer 00 (2)                     ;750.0;LEQUE PAREDES;PAREDE 5;111.76;41688.24;11.58
34;46;;DIM;38;373;2 Dimmer 00 (2)                     ;750.0;LEQUE PAREDES;PAREDE 6;111.76;41688.24;11.58
34;47;;DIM;38;373;2 Dimmer 00 (2)                     ;750.0;LEQUE PAREDES;PAREDE 7;111.76;41688.24;11.58
34;48;;DIM;0;373;2 Dimmer 00 (2)                     ;1000.0;LATERAIS RED;RED 1;0;0;0
34;49;;DIM;0;373;2 Dimmer 00 (2)                     ;1000.0;LATERAIS RED;RED 2;0;0;0
34;50;;DIM;0;373;2 Dimmer 00 (2)                     ;1000.0;LATERAIS RED;RED 3;0;0;0
34;51;;DIM;0;373;2 Dimmer 00 (2)                     ;1000.0;LATERAIS RED;RED 4;0;0;0
34;52;;DIM;0;373;2 Dimmer 00 (2)                     ;750.0;BANHEIRA;BANHEIRA FRT;0;0;0
34;53;;DIM;0;373;2 Dimmer 00 (2)                     ;750.0;BANHEIRA;BANHEIRA PIC.;0;0;0
34;54;;DIM;45.5;373;2 Dimmer 00 (2)                     ;750.0;BANHEIRA;BANHEIRA CRT;133.82;49916.18;13.87
34;55;;DIM;0;373;2 Dimmer 00 (2)                     ;1000.0;BANCOS;BANCO FR L;0;0;0
34;56;;DIM;0;373;2 Dimmer 00 (2)                     ;1000.0;BANCOS;BANCO CRT L;0;0;0
34;57;;DIM;0;373;2 Dimmer 00 (2)                     ;1000.0;BANCOS;BANCO FR R;0;0;0
34;58;;DIM;0;373;2 Dimmer 00 (2)                     ;1000.0;BANCOS;BANCO CRT R;0;0;0
34;59;;DIM;0;373;2 Dimmer 00 (2)                     ;750.0;CADEIRA COUMIER;COUMIER;0;0;0
34;60;;DIM;0;373;2 Dimmer 00 (2)                     ;750.0;GUILHOTINA;GUILHO PIC.;0;0;0
34;61;;DIM;0;373;2 Dimmer 00 (2)                     ;750.0;GUILHOTINA;GUILHO CRT;0;0;0
34;62;;DIM;0;373;2 Dimmer 00 (2)                     ;1000.0;CANTORES;CANTORES CRT;0;0;0
34;63;;DIM;0;373;2 Dimmer 00 (2)                     ;1000.0;PORTA;PORTA FR PICADO;0;0;0
34;64;;DIM;0;373;2 Dimmer 00 (2)                     ;1000.0;PORTA;PORTA CRT;0;0;0
34;73;;DIM;0;373;2 Dimmer 00 (2)                     ;750.0;PORTA;PORTA RÉGIE;0;0;0
34;65;;DIM;0;373;2 Dimmer 00 (2)                     ;1000.0;MUSICOS;MUSICO FR;0;0;0
34;66;;DIM;0;373;2 Dimmer 00 (2)                     ;1000.0;MUSICOS;PAUTAS CRT;0;0;0
34;67;;DIM;0;373;2 Dimmer 00 (2)                     ;750.0;MUSICOS;KEYS;0;0;0
34;68;;DIM;6.5;373;2 Dimmer 00 (2)                     ;1000.0;ALCOVAS LAT.;DIR ALCOVA;25.49;9507.84;2.64
34;69;;DIM;25;373;2 Dimmer 00 (2)                     ;1000.0;ALCOVAS LAT.;BANHEIRA DIR;98.04;36568.63;10.16
34;70;;DIM;6.5;373;2 Dimmer 00 (2)                     ;750.0;ALCOVAS LAT.;ESQ ALCOVA;19.12;7130.88;1.98
34;71;;DIM;25;373;2 Dimmer 00 (2)                     ;750.0;ALCOVAS LAT.;BANHEIRA ESQ;73.53;27426.47;7.62
34;72;;DIM;0;373;2 Dimmer 00 (2)                     ;3000.0;FUMO;VAPOR;0;0;0
34;231;;DIM;0;373;2 Dimmer 00 (2)                     ;3000.0;VENTOINHAS;FAN 1;0;0;0
34;232;;DIM;0;373;2 Dimmer 00 (2)                     ;1000.0;CODA PUB;PUB 1;0;0;0
34;233;;DIM;0;373;2 Dimmer 00 (2)                     ;1000.0;CODA PUB;PUB 2;0;0;0
34;234;;DIM;0;373;2 Dimmer 00 (2)                     ;1000.0;CODA PUB;PUB 3;0;0;0
34;235;;DIM;0;373;2 Dimmer 00 (2)                     ;1000.0;CODA PUB;PUB 4;0;0;0
35;1;;DIM;30;215;2 Dimmer 00 (2)                     ;2000.0;FRENTES;FT 1.1;235.29;50588.24;14.05
35;2;;DIM;30;215;2 Dimmer 00 (2)                     ;2000.0;FRENTES;FT 1.2;235.29;50588.24;14.05
35;3;;DIM;30;215;2 Dimmer 00 (2)                     ;2000.0;FRENTES;FT 1.3;235.29;50588.24;14.05
35;4;;DIM;30;215;2 Dimmer 00 (2)                     ;2000.0;FRENTES;FT 1.4;235.29;50588.24;14.05
35;5;;DIM;30;215;2 Dimmer 00 (2)                     ;2000.0;FRENTES;FT 1.5;235.29;50588.24;14.05
35;6;;DIM;0;215;2 Dimmer 00 (2)                     ;2000.0;FRENTES;FT 2.1;0;0;0
35;7;;DIM;0;215;2 Dimmer 00 (2)                     ;2000.0;FRENTES;FT 2.2;0;0;0
35;8;;DIM;0;215;2 Dimmer 00 (2)                     ;2000.0;FRENTES;FT 2.3;0;0;0
35;9;;DIM;0;215;2 Dimmer 00 (2)                     ;2000.0;FRENTES;FT 2.4;0;0;0
35;10;;DIM;0;215;2 Dimmer 00 (2)                     ;2000.0;FRENTES;FT 2.5;0;0;0
35;11;;DIM;15.5;215;2 Dimmer 00 (2)                     ;1000.0;FRENTES;FT 201_3.1;60.78;13068.63;3.63
35;12;;DIM;15.5;215;2 Dimmer 00 (2)                     ;1000.0;FRENTES;FT 201_3.2;60.78;13068.63;3.63
35;13;;DIM;15.5;215;2 Dimmer 00 (2)                     ;1000.0;FRENTES;FT 201_3.3;60.78;13068.63;3.63
35;14;;DIM;15.5;215;2 Dimmer 00 (2)                     ;1000.0;FRENTES;FT 201_3.4;60.78;13068.63;3.63
35;15;;DIM;15.5;215;2 Dimmer 00 (2)                     ;1000.0;FRENTES;FT 201_3.5;60.78;13068.63;3.63
35;16;;DIM;0.5;215;2 Dimmer 00 (2)                     ;1000.0;FRENTES;FT 201_4.1;500;107500;29.86
35;17;;DIM;0.5;215;2 Dimmer 00 (2)                     ;1000.0;FRENTES;FT 201_4.2;500;107500;29.86
35;18;;DIM;0.5;215;2 Dimmer 00 (2)                     ;1000.0;FRENTES;FT 201_4.3;500;107500;29.86
35;19;;DIM;9.5;215;2 Dimmer 00 (2)                     ;1000.0;FRENTES;FT 115_3.1;37.25;8009.8;2.22
35;20;;DIM;9.5;215;2 Dimmer 00 (2)                     ;1000.0;FRENTES;FT 115_3.2;37.25;8009.8;2.22
35;21;;DIM;9.5;215;2 Dimmer 00 (2)                     ;1000.0;FRENTES;FT 115_3.3;37.25;8009.8;2.22
35;22;;DIM;9.5;215;2 Dimmer 00 (2)                     ;1000.0;FRENTES;FT 115_3.4;37.25;8009.8;2.22
35;23;;DIM;9.5;215;2 Dimmer 00 (2)                     ;1000.0;FRENTES;FT 115_3.5;37.25;8009.8;2.22
35;24;;DIM;9.5;215;2 Dimmer 00 (2)                     ;1000.0;FRENTES;FT 115_4.1;37.25;8009.8;2.22
35;25;;DIM;9.5;215;2 Dimmer 00 (2)                     ;1000.0;FRENTES;FT 115_4.2;37.25;8009.8;2.22
35;26;;DIM;9.5;215;2 Dimmer 00 (2)                     ;1000.0;FRENTES;FT 115_4.3;37.25;8009.8;2.22
35;27;;DIM;0;215;2 Dimmer 00 (2)                     ;1000.0;CONTRAS;CRT 201_1.1;0;0;0
35;28;;DIM;0;215;2 Dimmer 00 (2)                     ;1000.0;CONTRAS;CRT 201_1.2;0;0;0
35;29;;DIM;0;215;2 Dimmer 00 (2)                     ;1000.0;CONTRAS;CRT 201_1.3;0;0;0
35;30;;DIM;0;215;2 Dimmer 00 (2)                     ;1000.0;CONTRAS;CRT 201_1.4;0;0;0
35;31;;DIM;0;215;2 Dimmer 00 (2)                     ;1000.0;CONTRAS;CRT 201_2.1;0;0;0
35;32;;DIM;0;215;2 Dimmer 00 (2)                     ;1000.0;CONTRAS;CRT 201_2.2;0;0;0
35;33;;DIM;0;215;2 Dimmer 00 (2)                     ;1000.0;CONTRAS;CRT 201_2.3;0;0;0
35;34;;DIM;38;215;2 Dimmer 00 (2)                     ;1000.0;CONTRAS;CRT 115_1.1;149.02;32039.22;8.9
35;35;;DIM;38;215;2 Dimmer 00 (2)                     ;1000.0;CONTRAS;CRT 115_1.2;149.02;32039.22;8.9
35;36;;DIM;29;215;2 Dimmer 00 (2)                     ;1000.0;CONTRAS;CRT 115_1.3;113.73;24450.98;6.79
35;37;;DIM;38;215;2 Dimmer 00 (2)                     ;1000.0;CONTRAS;CRT 115_1.4;149.02;32039.22;8.9
35;38;;DIM;38;215;2 Dimmer 00 (2)                     ;1000.0;CONTRAS;CRT 115_2.1;149.02;32039.22;8.9
35;39;;DIM;38;215;2 Dimmer 00 (2)                     ;1000.0;CONTRAS;CRT 115_2.2;149.02;32039.22;8.9
35;40;;DIM;29;215;2 Dimmer 00 (2)                     ;1000.0;CONTRAS;CRT 115_2.3;113.73;24450.98;6.79
35;41;;DIM;38;215;2 Dimmer 00 (2)                     ;750.0;LEQUE PAREDES;PAREDE 1;111.76;24029.41;6.67
35;42;;DIM;38;215;2 Dimmer 00 (2)                     ;750.0;LEQUE PAREDES;PAREDE 2;111.76;24029.41;6.67
35;43;;DIM;38;215;2 Dimmer 00 (2)                     ;750.0;LEQUE PAREDES;PAREDE 3;111.76;24029.41;6.67
35;44;;DIM;38;215;2 Dimmer 00 (2)                     ;750.0;LEQUE PAREDES;PAREDE 4;111.76;24029.41;6.67
35;45;;DIM;38;215;2 Dimmer 00 (2)                     ;750.0;LEQUE PAREDES;PAREDE 5;111.76;24029.41;6.67
35;46;;DIM;38;215;2 Dimmer 00 (2)                     ;750.0;LEQUE PAREDES;PAREDE 6;111.76;24029.41;6.67
35;47;;DIM;38;215;2 Dimmer 00 (2)                     ;750.0;LEQUE PAREDES;PAREDE 7;111.76;24029.41;6.67
35;48;;DIM;0;215;2 Dimmer 00 (2)                     ;1000.0;LATERAIS RED;RED 1;0;0;0
35;49;;DIM;0;215;2 Dimmer 00 (2)                     ;1000.0;LATERAIS RED;RED 2;0;0;0
35;50;;DIM;0;215;2 Dimmer 00 (2)                     ;1000.0;LATERAIS RED;RED 3;0;0;0
35;51;;DIM;0;215;2 Dimmer 00 (2)                     ;1000.0;LATERAIS RED;RED 4;0;0;0
35;52;;DIM;0;215;2 Dimmer 00 (2)                     ;750.0;BANHEIRA;BANHEIRA FRT;0;0;0
35;53;;DIM;0;215;2 Dimmer 00 (2)                     ;750.0;BANHEIRA;BANHEIRA PIC.;0;0;0
35;54;;DIM;45.5;215;2 Dimmer 00 (2)                     ;750.0;BANHEIRA;BANHEIRA CRT;133.82;28772.06;7.99
35;55;;DIM;0;215;2 Dimmer 00 (2)                     ;1000.0;BANCOS;BANCO FR L;0;0;0
35;56;;DIM;0;215;2 Dimmer 00 (2)                     ;1000.0;BANCOS;BANCO CRT L;0;0;0
35;57;;DIM;0;215;2 Dimmer 00 (2)                     ;1000.0;BANCOS;BANCO FR R;0;0;0
35;58;;DIM;0;215;2 Dimmer 00 (2)                     ;1000.0;BANCOS;BANCO CRT R;0;0;0
35;59;;DIM;0;215;2 Dimmer 00 (2)                     ;750.0;CADEIRA COUMIER;COUMIER;0;0;0
35;60;;DIM;0;215;2 Dimmer 00 (2)                     ;750.0;GUILHOTINA;GUILHO PIC.;0;0;0
35;61;;DIM;0;215;2 Dimmer 00 (2)                     ;750.0;GUILHOTINA;GUILHO CRT;0;0;0
35;62;;DIM;0;215;2 Dimmer 00 (2)                     ;1000.0;CANTORES;CANTORES CRT;0;0;0
35;63;;DIM;0;215;2 Dimmer 00 (2)                     ;1000.0;PORTA;PORTA FR PICADO;0;0;0
35;64;;DIM;0;215;2 Dimmer 00 (2)                     ;1000.0;PORTA;PORTA CRT;0;0;0
35;73;;DIM;0;215;2 Dimmer 00 (2)                     ;750.0;PORTA;PORTA RÉGIE;0;0;0
35;65;;DIM;0;215;2 Dimmer 00 (2)                     ;1000.0;MUSICOS;MUSICO FR;0;0;0
35;66;;DIM;0;215;2 Dimmer 00 (2)                     ;1000.0;MUSICOS;PAUTAS CRT;0;0;0
35;67;;DIM;0;215;2 Dimmer 00 (2)                     ;750.0;MUSICOS;KEYS;0;0;0
35;68;;DIM;6.5;215;2 Dimmer 00 (2)                     ;1000.0;ALCOVAS LAT.;DIR ALCOVA;25.49;5480.39;1.52
35;69;;DIM;25;215;2 Dimmer 00 (2)                     ;1000.0;ALCOVAS LAT.;BANHEIRA DIR;98.04;21078.43;5.86
35;70;;DIM;6.5;215;2 Dimmer 00 (2)                     ;750.0;ALCOVAS LAT.;ESQ ALCOVA;19.12;4110.29;1.14
35;71;;DIM;25;215;2 Dimmer 00 (2)                     ;750.0;ALCOVAS LAT.;BANHEIRA ESQ;73.53;15808.82;4.39
35;72;;DIM;0;215;2 Dimmer 00 (2)                     ;3000.0;FUMO;VAPOR;0;0;0
35;231;;DIM;0;215;2 Dimmer 00 (2)                     ;3000.0;VENTOINHAS;FAN 1;0;0;0
35;232;;DIM;0;215;2 Dimmer 00 (2)                     ;1000.0;CODA PUB;PUB 1;0;0;0
35;233;;DIM;0;215;2 Dimmer 00 (2)                     ;1000.0;CODA PUB;PUB 2;0;0;0
35;234;;DIM;0;215;2 Dimmer 00 (2)                     ;1000.0;CODA PUB;PUB 3;0;0;0
35;235;;DIM;0;215;2 Dimmer 00 (2)                     ;1000.0;CODA PUB;PUB 4;0;0;0
38;232;;DIM;45;166;2 Dimmer 00 (2)                     ;1000.0;CODA PUB;PUB 1;176.47;29294.12;8.14
38;233;;DIM;45;166;2 Dimmer 00 (2)                     ;1000.0;CODA PUB;PUB 2;176.47;29294.12;8.14
38;234;;DIM;45;166;2 Dimmer 00 (2)                     ;1000.0;CODA PUB;PUB 3;176.47;29294.12;8.14
38;235;;DIM;45;166;2 Dimmer 00 (2)                     ;1000.0;CODA PUB;PUB 4;176.47;29294.12;8.14
39;11;;DIM;0;324;2 Dimmer 00 (2)                     ;1000.0;FRENTES;FT 201_3.1;0;0;0
39;12;;DIM;0;324;2 Dimmer 00 (2)                     ;1000.0;FRENTES;FT 201_3.2;0;0;0
39;13;;DIM;0;324;2 Dimmer 00 (2)                     ;1000.0;FRENTES;FT 201_3.3;0;0;0
39;14;;DIM;0;324;2 Dimmer 00 (2)                     ;1000.0;FRENTES;FT 201_3.4;0;0;0
39;15;;DIM;0;324;2 Dimmer 00 (2)                     ;1000.0;FRENTES;FT 201_3.5;0;0;0
39;16;;DIM;0;324;2 Dimmer 00 (2)                     ;1000.0;FRENTES;FT 201_4.1;0;0;0
39;17;;DIM;0;324;2 Dimmer 00 (2)                     ;1000.0;FRENTES;FT 201_4.2;0;0;0
39;18;;DIM;0;324;2 Dimmer 00 (2)                     ;1000.0;FRENTES;FT 201_4.3;0;0;0
39;19;;DIM;0;324;2 Dimmer 00 (2)                     ;1000.0;FRENTES;FT 115_3.1;0;0;0
39;20;;DIM;0;324;2 Dimmer 00 (2)                     ;1000.0;FRENTES;FT 115_3.2;0;0;0
39;21;;DIM;0;324;2 Dimmer 00 (2)                     ;1000.0;FRENTES;FT 115_3.3;0;0;0
39;22;;DIM;0;324;2 Dimmer 00 (2)                     ;1000.0;FRENTES;FT 115_3.4;0;0;0
39;23;;DIM;0;324;2 Dimmer 00 (2)                     ;1000.0;FRENTES;FT 115_3.5;0;0;0
39;24;;DIM;0;324;2 Dimmer 00 (2)                     ;1000.0;FRENTES;FT 115_4.1;0;0;0
39;25;;DIM;0;324;2 Dimmer 00 (2)                     ;1000.0;FRENTES;FT 115_4.2;0;0;0
39;26;;DIM;0;324;2 Dimmer 00 (2)                     ;1000.0;FRENTES;FT 115_4.3;0;0;0
39;34;;DIM;28.5;324;2 Dimmer 00 (2)                     ;1000.0;CONTRAS;CRT 115_1.1;111.76;36211.76;10.06
39;35;;DIM;28.5;324;2 Dimmer 00 (2)                     ;1000.0;CONTRAS;CRT 115_1.2;111.76;36211.76;10.06
39;36;;DIM;19.5;324;2 Dimmer 00 (2)                     ;1000.0;CONTRAS;CRT 115_1.3;76.47;24776.47;6.88
39;37;;DIM;28.5;324;2 Dimmer 00 (2)                     ;1000.0;CONTRAS;CRT 115_1.4;111.76;36211.76;10.06
39;38;;DIM;28.5;324;2 Dimmer 00 (2)                     ;1000.0;CONTRAS;CRT 115_2.1;111.76;36211.76;10.06
39;39;;DIM;28.5;324;2 Dimmer 00 (2)                     ;1000.0;CONTRAS;CRT 115_2.2;111.76;36211.76;10.06
39;40;;DIM;19.5;324;2 Dimmer 00 (2)                     ;1000.0;CONTRAS;CRT 115_2.3;76.47;24776.47;6.88
39;41;;DIM;35;324;2 Dimmer 00 (2)                     ;750.0;LEQUE PAREDES;PAREDE 1;102.94;33352.94;9.26
39;42;;DIM;35;324;2 Dimmer 00 (2)                     ;750.0;LEQUE PAREDES;PAREDE 2;102.94;33352.94;9.26
39;43;;DIM;35;324;2 Dimmer 00 (2)                     ;750.0;LEQUE PAREDES;PAREDE 3;102.94;33352.94;9.26
39;44;;DIM;35;324;2 Dimmer 00 (2)                     ;750.0;LEQUE PAREDES;PAREDE 4;102.94;33352.94;9.26
39;45;;DIM;35;324;2 Dimmer 00 (2)                     ;750.0;LEQUE PAREDES;PAREDE 5;102.94;33352.94;9.26
39;46;;DIM;35;324;2 Dimmer 00 (2)                     ;750.0;LEQUE PAREDES;PAREDE 6;102.94;33352.94;9.26
39;47;;DIM;35;324;2 Dimmer 00 (2)                     ;750.0;LEQUE PAREDES;PAREDE 7;102.94;33352.94;9.26
39;232;;DIM;0;324;2 Dimmer 00 (2)                     ;1000.0;CODA PUB;PUB 1;0;0;0
39;233;;DIM;0;324;2 Dimmer 00 (2)                     ;1000.0;CODA PUB;PUB 2;0;0;0
39;234;;DIM;0;324;2 Dimmer 00 (2)                     ;1000.0;CODA PUB;PUB 3;0;0;0
39;235;;DIM;0;324;2 Dimmer 00 (2)                     ;1000.0;CODA PUB;PUB 4;0;0;0
40;52;;DIM;16.5;308;2 Dimmer 00 (2)                     ;750.0;BANHEIRA;BANHEIRA FRT;48.53;14947.06;4.15
41;1;;DIM;0;113;2 Dimmer 00 (2)                     ;2000.0;FRENTES;FT 1.1;0;0;0
41;2;;DIM;0;113;2 Dimmer 00 (2)                     ;2000.0;FRENTES;FT 1.2;0;0;0
41;3;;DIM;0;113;2 Dimmer 00 (2)                     ;2000.0;FRENTES;FT 1.3;0;0;0
41;4;;DIM;0;113;2 Dimmer 00 (2)                     ;2000.0;FRENTES;FT 1.4;0;0;0
41;5;;DIM;0;113;2 Dimmer 00 (2)                     ;2000.0;FRENTES;FT 1.5;0;0;0
41;6;;DIM;0;113;2 Dimmer 00 (2)                     ;2000.0;FRENTES;FT 2.1;0;0;0
41;7;;DIM;0;113;2 Dimmer 00 (2)                     ;2000.0;FRENTES;FT 2.2;0;0;0
41;8;;DIM;18;113;2 Dimmer 00 (2)                     ;2000.0;FRENTES;FT 2.3;141.18;15952.94;4.43
41;9;;DIM;19.5;113;2 Dimmer 00 (2)                     ;2000.0;FRENTES;FT 2.4;152.94;17282.35;4.8
41;10;;DIM;0;113;2 Dimmer 00 (2)                     ;2000.0;FRENTES;FT 2.5;0;0;0
41;11;;DIM;15.5;113;2 Dimmer 00 (2)                     ;1000.0;FRENTES;FT 201_3.1;60.78;6868.63;1.91
41;12;;DIM;15.5;113;2 Dimmer 00 (2)                     ;1000.0;FRENTES;FT 201_3.2;60.78;6868.63;1.91
41;13;;DIM;15.5;113;2 Dimmer 00 (2)                     ;1000.0;FRENTES;FT 201_3.3;60.78;6868.63;1.91
41;14;;DIM;15.5;113;2 Dimmer 00 (2)                     ;1000.0;FRENTES;FT 201_3.4;60.78;6868.63;1.91
41;15;;DIM;15.5;113;2 Dimmer 00 (2)                     ;1000.0;FRENTES;FT 201_3.5;60.78;6868.63;1.91
41;16;;DIM;0.5;113;2 Dimmer 00 (2)                     ;1000.0;FRENTES;FT 201_4.1;500;56500;15.69
41;17;;DIM;0.5;113;2 Dimmer 00 (2)                     ;1000.0;FRENTES;FT 201_4.2;500;56500;15.69
41;18;;DIM;0.5;113;2 Dimmer 00 (2)                     ;1000.0;FRENTES;FT 201_4.3;500;56500;15.69
41;19;;DIM;9.5;113;2 Dimmer 00 (2)                     ;1000.0;FRENTES;FT 115_3.1;37.25;4209.8;1.17
41;20;;DIM;9.5;113;2 Dimmer 00 (2)                     ;1000.0;FRENTES;FT 115_3.2;37.25;4209.8;1.17
41;21;;DIM;9.5;113;2 Dimmer 00 (2)                     ;1000.0;FRENTES;FT 115_3.3;37.25;4209.8;1.17
41;22;;DIM;9.5;113;2 Dimmer 00 (2)                     ;1000.0;FRENTES;FT 115_3.4;37.25;4209.8;1.17
41;23;;DIM;9.5;113;2 Dimmer 00 (2)                     ;1000.0;FRENTES;FT 115_3.5;37.25;4209.8;1.17
41;24;;DIM;9.5;113;2 Dimmer 00 (2)                     ;1000.0;FRENTES;FT 115_4.1;37.25;4209.8;1.17
41;25;;DIM;9.5;113;2 Dimmer 00 (2)                     ;1000.0;FRENTES;FT 115_4.2;37.25;4209.8;1.17
41;26;;DIM;9.5;113;2 Dimmer 00 (2)                     ;1000.0;FRENTES;FT 115_4.3;37.25;4209.8;1.17
41;27;;DIM;0;113;2 Dimmer 00 (2)                     ;1000.0;CONTRAS;CRT 201_1.1;0;0;0
41;28;;DIM;0;113;2 Dimmer 00 (2)                     ;1000.0;CONTRAS;CRT 201_1.2;0;0;0
41;29;;DIM;0;113;2 Dimmer 00 (2)                     ;1000.0;CONTRAS;CRT 201_1.3;0;0;0
41;30;;DIM;0;113;2 Dimmer 00 (2)                     ;1000.0;CONTRAS;CRT 201_1.4;0;0;0
41;31;;DIM;0;113;2 Dimmer 00 (2)                     ;1000.0;CONTRAS;CRT 201_2.1;0;0;0
41;32;;DIM;0;113;2 Dimmer 00 (2)                     ;1000.0;CONTRAS;CRT 201_2.2;0;0;0
41;33;;DIM;0;113;2 Dimmer 00 (2)                     ;1000.0;CONTRAS;CRT 201_2.3;0;0;0
41;34;;DIM;28;113;2 Dimmer 00 (2)                     ;1000.0;CONTRAS;CRT 115_1.1;109.8;12407.84;3.45
41;35;;DIM;28;113;2 Dimmer 00 (2)                     ;1000.0;CONTRAS;CRT 115_1.2;109.8;12407.84;3.45
41;36;;DIM;19;113;2 Dimmer 00 (2)                     ;1000.0;CONTRAS;CRT 115_1.3;74.51;8419.61;2.34
41;37;;DIM;28;113;2 Dimmer 00 (2)                     ;1000.0;CONTRAS;CRT 115_1.4;109.8;12407.84;3.45
41;38;;DIM;28;113;2 Dimmer 00 (2)                     ;1000.0;CONTRAS;CRT 115_2.1;109.8;12407.84;3.45
41;39;;DIM;28;113;2 Dimmer 00 (2)                     ;1000.0;CONTRAS;CRT 115_2.2;109.8;12407.84;3.45
41;40;;DIM;19;113;2 Dimmer 00 (2)                     ;1000.0;CONTRAS;CRT 115_2.3;74.51;8419.61;2.34
41;41;;DIM;27.5;113;2 Dimmer 00 (2)                     ;750.0;LEQUE PAREDES;PAREDE 1;80.88;9139.71;2.54
41;42;;DIM;27.5;113;2 Dimmer 00 (2)                     ;750.0;LEQUE PAREDES;PAREDE 2;80.88;9139.71;2.54
41;43;;DIM;27.5;113;2 Dimmer 00 (2)                     ;750.0;LEQUE PAREDES;PAREDE 3;80.88;9139.71;2.54
41;44;;DIM;27.5;113;2 Dimmer 00 (2)                     ;750.0;LEQUE PAREDES;PAREDE 4;80.88;9139.71;2.54
41;45;;DIM;27.5;113;2 Dimmer 00 (2)                     ;750.0;LEQUE PAREDES;PAREDE 5;80.88;9139.71;2.54
41;46;;DIM;27.5;113;2 Dimmer 00 (2)                     ;750.0;LEQUE PAREDES;PAREDE 6;80.88;9139.71;2.54
41;47;;DIM;27.5;113;2 Dimmer 00 (2)                     ;750.0;LEQUE PAREDES;PAREDE 7;80.88;9139.71;2.54
41;48;;DIM;0;113;2 Dimmer 00 (2)                     ;1000.0;LATERAIS RED;RED 1;0;0;0
41;49;;DIM;0;113;2 Dimmer 00 (2)                     ;1000.0;LATERAIS RED;RED 2;0;0;0
41;50;;DIM;0;113;2 Dimmer 00 (2)                     ;1000.0;LATERAIS RED;RED 3;0;0;0
41;51;;DIM;0;113;2 Dimmer 00 (2)                     ;1000.0;LATERAIS RED;RED 4;0;0;0
41;52;;DIM;0;113;2 Dimmer 00 (2)                     ;750.0;BANHEIRA;BANHEIRA FRT;0;0;0
41;53;;DIM;0;113;2 Dimmer 00 (2)                     ;750.0;BANHEIRA;BANHEIRA PIC.;0;0;0
41;54;;DIM;45.5;113;2 Dimmer 00 (2)                     ;750.0;BANHEIRA;BANHEIRA CRT;133.82;15122.06;4.2
41;55;;DIM;0;113;2 Dimmer 00 (2)                     ;1000.0;BANCOS;BANCO FR L;0;0;0
41;56;;DIM;0;113;2 Dimmer 00 (2)                     ;1000.0;BANCOS;BANCO CRT L;0;0;0
41;57;;DIM;0;113;2 Dimmer 00 (2)                     ;1000.0;BANCOS;BANCO FR R;0;0;0
41;58;;DIM;0;113;2 Dimmer 00 (2)                     ;1000.0;BANCOS;BANCO CRT R;0;0;0
41;59;;DIM;0;113;2 Dimmer 00 (2)                     ;750.0;CADEIRA COUMIER;COUMIER;0;0;0
41;60;;DIM;17.14;113;2 Dimmer 00 (2)                     ;750.0;GUILHOTINA;GUILHO PIC.;50.4;5695.62;1.58
41;61;;DIM;0;113;2 Dimmer 00 (2)                     ;750.0;GUILHOTINA;GUILHO CRT;0;0;0
41;62;;DIM;0;113;2 Dimmer 00 (2)                     ;1000.0;CANTORES;CANTORES CRT;0;0;0
41;63;;DIM;0;113;2 Dimmer 00 (2)                     ;1000.0;PORTA;PORTA FR PICADO;0;0;0
41;64;;DIM;0;113;2 Dimmer 00 (2)                     ;1000.0;PORTA;PORTA CRT;0;0;0
41;73;;DIM;0;113;2 Dimmer 00 (2)                     ;750.0;PORTA;PORTA RÉGIE;0;0;0
41;65;;DIM;0;113;2 Dimmer 00 (2)                     ;1000.0;MUSICOS;MUSICO FR;0;0;0
41;66;;DIM;0;113;2 Dimmer 00 (2)                     ;1000.0;MUSICOS;PAUTAS CRT;0;0;0
41;67;;DIM;0;113;2 Dimmer 00 (2)                     ;750.0;MUSICOS;KEYS;0;0;0
41;68;;DIM;6.5;113;2 Dimmer 00 (2)                     ;1000.0;ALCOVAS LAT.;DIR ALCOVA;25.49;2880.39;0.8
41;69;;DIM;0;113;2 Dimmer 00 (2)                     ;1000.0;ALCOVAS LAT.;BANHEIRA DIR;0;0;0
41;70;;DIM;6.5;113;2 Dimmer 00 (2)                     ;750.0;ALCOVAS LAT.;ESQ ALCOVA;19.12;2160.29;0.6
41;71;;DIM;25;113;2 Dimmer 00 (2)                     ;750.0;ALCOVAS LAT.;BANHEIRA ESQ;73.53;8308.82;2.31
41;72;;DIM;0;113;2 Dimmer 00 (2)                     ;3000.0;FUMO;VAPOR;0;0;0
41;231;;DIM;0;113;2 Dimmer 00 (2)                     ;3000.0;VENTOINHAS;FAN 1;0;0;0
41;232;;DIM;0;113;2 Dimmer 00 (2)                     ;1000.0;CODA PUB;PUB 1;0;0;0
41;233;;DIM;0;113;2 Dimmer 00 (2)                     ;1000.0;CODA PUB;PUB 2;0;0;0
41;234;;DIM;0;113;2 Dimmer 00 (2)                     ;1000.0;CODA PUB;PUB 3;0;0;0
41;235;;DIM;0;113;2 Dimmer 00 (2)                     ;1000.0;CODA PUB;PUB 4;0;0;0
44;1;;DIM;0;219;2 Dimmer 00 (2)                     ;2000.0;FRENTES;FT 1.1;0;0;0
44;2;;DIM;0;219;2 Dimmer 00 (2)                     ;2000.0;FRENTES;FT 1.2;0;0;0
44;3;;DIM;0;219;2 Dimmer 00 (2)                     ;2000.0;FRENTES;FT 1.3;0;0;0
44;4;;DIM;0;219;2 Dimmer 00 (2)                     ;2000.0;FRENTES;FT 1.4;0;0;0
44;5;;DIM;0;219;2 Dimmer 00 (2)                     ;2000.0;FRENTES;FT 1.5;0;0;0
44;6;;DIM;0;219;2 Dimmer 00 (2)                     ;2000.0;FRENTES;FT 2.1;0;0;0
44;7;;DIM;0;219;2 Dimmer 00 (2)                     ;2000.0;FRENTES;FT 2.2;0;0;0
44;8;;DIM;0;219;2 Dimmer 00 (2)                     ;2000.0;FRENTES;FT 2.3;0;0;0
44;9;;DIM;0;219;2 Dimmer 00 (2)                     ;2000.0;FRENTES;FT 2.4;0;0;0
44;10;;DIM;0;219;2 Dimmer 00 (2)                     ;2000.0;FRENTES;FT 2.5;0;0;0
44;11;;DIM;15.5;219;2 Dimmer 00 (2)                     ;1000.0;FRENTES;FT 201_3.1;60.78;13311.76;3.7
44;12;;DIM;15.5;219;2 Dimmer 00 (2)                     ;1000.0;FRENTES;FT 201_3.2;60.78;13311.76;3.7
44;13;;DIM;15.5;219;2 Dimmer 00 (2)                     ;1000.0;FRENTES;FT 201_3.3;60.78;13311.76;3.7
44;14;;DIM;15.5;219;2 Dimmer 00 (2)                     ;1000.0;FRENTES;FT 201_3.4;60.78;13311.76;3.7
44;15;;DIM;15.5;219;2 Dimmer 00 (2)                     ;1000.0;FRENTES;FT 201_3.5;60.78;13311.76;3.7
44;16;;DIM;0.5;219;2 Dimmer 00 (2)                     ;1000.0;FRENTES;FT 201_4.1;500;109500;30.42
44;17;;DIM;0.5;219;2 Dimmer 00 (2)                     ;1000.0;FRENTES;FT 201_4.2;500;109500;30.42
44;18;;DIM;0.5;219;2 Dimmer 00 (2)                     ;1000.0;FRENTES;FT 201_4.3;500;109500;30.42
44;19;;DIM;9.5;219;2 Dimmer 00 (2)                     ;1000.0;FRENTES;FT 115_3.1;37.25;8158.82;2.27
44;20;;DIM;9.5;219;2 Dimmer 00 (2)                     ;1000.0;FRENTES;FT 115_3.2;37.25;8158.82;2.27
44;21;;DIM;9.5;219;2 Dimmer 00 (2)                     ;1000.0;FRENTES;FT 115_3.3;37.25;8158.82;2.27
44;22;;DIM;9.5;219;2 Dimmer 00 (2)                     ;1000.0;FRENTES;FT 115_3.4;37.25;8158.82;2.27
44;23;;DIM;9.5;219;2 Dimmer 00 (2)                     ;1000.0;FRENTES;FT 115_3.5;37.25;8158.82;2.27
44;24;;DIM;9.5;219;2 Dimmer 00 (2)                     ;1000.0;FRENTES;FT 115_4.1;37.25;8158.82;2.27
44;25;;DIM;9.5;219;2 Dimmer 00 (2)                     ;1000.0;FRENTES;FT 115_4.2;37.25;8158.82;2.27
44;26;;DIM;9.5;219;2 Dimmer 00 (2)                     ;1000.0;FRENTES;FT 115_4.3;37.25;8158.82;2.27
44;27;;DIM;0;219;2 Dimmer 00 (2)                     ;1000.0;CONTRAS;CRT 201_1.1;0;0;0
44;28;;DIM;0;219;2 Dimmer 00 (2)                     ;1000.0;CONTRAS;CRT 201_1.2;0;0;0
44;29;;DIM;0;219;2 Dimmer 00 (2)                     ;1000.0;CONTRAS;CRT 201_1.3;0;0;0
44;30;;DIM;0;219;2 Dimmer 00 (2)                     ;1000.0;CONTRAS;CRT 201_1.4;0;0;0
44;31;;DIM;0;219;2 Dimmer 00 (2)                     ;1000.0;CONTRAS;CRT 201_2.1;0;0;0
44;32;;DIM;0;219;2 Dimmer 00 (2)                     ;1000.0;CONTRAS;CRT 201_2.2;0;0;0
44;33;;DIM;0;219;2 Dimmer 00 (2)                     ;1000.0;CONTRAS;CRT 201_2.3;0;0;0
44;34;;DIM;36.5;219;2 Dimmer 00 (2)                     ;1000.0;CONTRAS;CRT 115_1.1;143.14;31347.06;8.71
44;35;;DIM;36.5;219;2 Dimmer 00 (2)                     ;1000.0;CONTRAS;CRT 115_1.2;143.14;31347.06;8.71
44;36;;DIM;27.5;219;2 Dimmer 00 (2)                     ;1000.0;CONTRAS;CRT 115_1.3;107.84;23617.65;6.56
44;37;;DIM;36.5;219;2 Dimmer 00 (2)                     ;1000.0;CONTRAS;CRT 115_1.4;143.14;31347.06;8.71
44;38;;DIM;36.5;219;2 Dimmer 00 (2)                     ;1000.0;CONTRAS;CRT 115_2.1;143.14;31347.06;8.71
44;39;;DIM;36.5;219;2 Dimmer 00 (2)                     ;1000.0;CONTRAS;CRT 115_2.2;143.14;31347.06;8.71
44;40;;DIM;27.5;219;2 Dimmer 00 (2)                     ;1000.0;CONTRAS;CRT 115_2.3;107.84;23617.65;6.56
44;41;;DIM;34;219;2 Dimmer 00 (2)                     ;750.0;LEQUE PAREDES;PAREDE 1;100;21900;6.08
44;42;;DIM;34;219;2 Dimmer 00 (2)                     ;750.0;LEQUE PAREDES;PAREDE 2;100;21900;6.08
44;43;;DIM;34;219;2 Dimmer 00 (2)                     ;750.0;LEQUE PAREDES;PAREDE 3;100;21900;6.08
44;44;;DIM;34;219;2 Dimmer 00 (2)                     ;750.0;LEQUE PAREDES;PAREDE 4;100;21900;6.08
44;45;;DIM;34;219;2 Dimmer 00 (2)                     ;750.0;LEQUE PAREDES;PAREDE 5;100;21900;6.08
44;46;;DIM;34;219;2 Dimmer 00 (2)                     ;750.0;LEQUE PAREDES;PAREDE 6;100;21900;6.08
44;47;;DIM;34;219;2 Dimmer 00 (2)                     ;750.0;LEQUE PAREDES;PAREDE 7;100;21900;6.08
44;48;;DIM;0;219;2 Dimmer 00 (2)                     ;1000.0;LATERAIS RED;RED 1;0;0;0
44;49;;DIM;0;219;2 Dimmer 00 (2)                     ;1000.0;LATERAIS RED;RED 2;0;0;0
44;50;;DIM;0;219;2 Dimmer 00 (2)                     ;1000.0;LATERAIS RED;RED 3;0;0;0
44;51;;DIM;0;219;2 Dimmer 00 (2)                     ;1000.0;LATERAIS RED;RED 4;0;0;0
44;52;;DIM;0;219;2 Dimmer 00 (2)                     ;750.0;BANHEIRA;BANHEIRA FRT;0;0;0
44;53;;DIM;0;219;2 Dimmer 00 (2)                     ;750.0;BANHEIRA;BANHEIRA PIC.;0;0;0
44;54;;DIM;45.5;219;2 Dimmer 00 (2)                     ;750.0;BANHEIRA;BANHEIRA CRT;133.82;29307.35;8.14
44;55;;DIM;0;219;2 Dimmer 00 (2)                     ;1000.0;BANCOS;BANCO FR L;0;0;0
44;56;;DIM;0;219;2 Dimmer 00 (2)                     ;1000.0;BANCOS;BANCO CRT L;0;0;0
44;57;;DIM;0;219;2 Dimmer 00 (2)                     ;1000.0;BANCOS;BANCO FR R;0;0;0
44;58;;DIM;0;219;2 Dimmer 00 (2)                     ;1000.0;BANCOS;BANCO CRT R;0;0;0
44;59;;DIM;0;219;2 Dimmer 00 (2)                     ;750.0;CADEIRA COUMIER;COUMIER;0;0;0
44;60;;DIM;0;219;2 Dimmer 00 (2)                     ;750.0;GUILHOTINA;GUILHO PIC.;0;0;0
44;61;;DIM;0;219;2 Dimmer 00 (2)                     ;750.0;GUILHOTINA;GUILHO CRT;0;0;0
44;62;;DIM;0;219;2 Dimmer 00 (2)                     ;1000.0;CANTORES;CANTORES CRT;0;0;0
44;63;;DIM;0;219;2 Dimmer 00 (2)                     ;1000.0;PORTA;PORTA FR PICADO;0;0;0
44;64;;DIM;0;219;2 Dimmer 00 (2)                     ;1000.0;PORTA;PORTA CRT;0;0;0
44;73;;DIM;0;219;2 Dimmer 00 (2)                     ;750.0;PORTA;PORTA RÉGIE;0;0;0
44;65;;DIM;0;219;2 Dimmer 00 (2)                     ;1000.0;MUSICOS;MUSICO FR;0;0;0
44;66;;DIM;0;219;2 Dimmer 00 (2)                     ;1000.0;MUSICOS;PAUTAS CRT;0;0;0
44;67;;DIM;0;219;2 Dimmer 00 (2)                     ;750.0;MUSICOS;KEYS;0;0;0
44;68;;DIM;6.5;219;2 Dimmer 00 (2)                     ;1000.0;ALCOVAS LAT.;DIR ALCOVA;25.49;5582.35;1.55
44;69;;DIM;25;219;2 Dimmer 00 (2)                     ;1000.0;ALCOVAS LAT.;BANHEIRA DIR;98.04;21470.59;5.96
44;70;;DIM;6.5;219;2 Dimmer 00 (2)                     ;750.0;ALCOVAS LAT.;ESQ ALCOVA;19.12;4186.76;1.16
44;71;;DIM;25;219;2 Dimmer 00 (2)                     ;750.0;ALCOVAS LAT.;BANHEIRA ESQ;73.53;16102.94;4.47
44;72;;DIM;0;219;2 Dimmer 00 (2)                     ;3000.0;FUMO;VAPOR;0;0;0
44;231;;DIM;0;219;2 Dimmer 00 (2)                     ;3000.0;VENTOINHAS;FAN 1;0;0;0
44;232;;DIM;0;219;2 Dimmer 00 (2)                     ;1000.0;CODA PUB;PUB 1;0;0;0
44;233;;DIM;0;219;2 Dimmer 00 (2)                     ;1000.0;CODA PUB;PUB 2;0;0;0
44;234;;DIM;0;219;2 Dimmer 00 (2)                     ;1000.0;CODA PUB;PUB 3;0;0;0
44;235;;DIM;0;219;2 Dimmer 00 (2)                     ;1000.0;CODA PUB;PUB 4;0;0;0
45;1;;DIM;0;319;2 Dimmer 00 (2)                     ;2000.0;FRENTES;FT 1.1;0;0;0
45;2;;DIM;0;319;2 Dimmer 00 (2)                     ;2000.0;FRENTES;FT 1.2;0;0;0
45;3;;DIM;0;319;2 Dimmer 00 (2)                     ;2000.0;FRENTES;FT 1.3;0;0;0
45;4;;DIM;0;319;2 Dimmer 00 (2)                     ;2000.0;FRENTES;FT 1.4;0;0;0
45;5;;DIM;0;319;2 Dimmer 00 (2)                     ;2000.0;FRENTES;FT 1.5;0;0;0
45;6;;DIM;0;319;2 Dimmer 00 (2)                     ;2000.0;FRENTES;FT 2.1;0;0;0
45;7;;DIM;0;319;2 Dimmer 00 (2)                     ;2000.0;FRENTES;FT 2.2;0;0;0
45;8;;DIM;0;319;2 Dimmer 00 (2)                     ;2000.0;FRENTES;FT 2.3;0;0;0
45;9;;DIM;0;319;2 Dimmer 00 (2)                     ;2000.0;FRENTES;FT 2.4;0;0;0
45;10;;DIM;0;319;2 Dimmer 00 (2)                     ;2000.0;FRENTES;FT 2.5;0;0;0
45;11;;DIM;15.5;319;2 Dimmer 00 (2)                     ;1000.0;FRENTES;FT 201_3.1;60.78;19390.2;5.39
45;12;;DIM;15.5;319;2 Dimmer 00 (2)                     ;1000.0;FRENTES;FT 201_3.2;60.78;19390.2;5.39
45;13;;DIM;15.5;319;2 Dimmer 00 (2)                     ;1000.0;FRENTES;FT 201_3.3;60.78;19390.2;5.39
45;14;;DIM;15.5;319;2 Dimmer 00 (2)                     ;1000.0;FRENTES;FT 201_3.4;60.78;19390.2;5.39
45;15;;DIM;15.5;319;2 Dimmer 00 (2)                     ;1000.0;FRENTES;FT 201_3.5;60.78;19390.2;5.39
45;16;;DIM;0.5;319;2 Dimmer 00 (2)                     ;1000.0;FRENTES;FT 201_4.1;500;159500;44.31
45;17;;DIM;0.5;319;2 Dimmer 00 (2)                     ;1000.0;FRENTES;FT 201_4.2;500;159500;44.31
45;18;;DIM;0.5;319;2 Dimmer 00 (2)                     ;1000.0;FRENTES;FT 201_4.3;500;159500;44.31
45;19;;DIM;9.5;319;2 Dimmer 00 (2)                     ;1000.0;FRENTES;FT 115_3.1;37.25;11884.31;3.3
45;20;;DIM;9.5;319;2 Dimmer 00 (2)                     ;1000.0;FRENTES;FT 115_3.2;37.25;11884.31;3.3
45;21;;DIM;9.5;319;2 Dimmer 00 (2)                     ;1000.0;FRENTES;FT 115_3.3;37.25;11884.31;3.3
45;22;;DIM;9.5;319;2 Dimmer 00 (2)                     ;1000.0;FRENTES;FT 115_3.4;37.25;11884.31;3.3
45;23;;DIM;9.5;319;2 Dimmer 00 (2)                     ;1000.0;FRENTES;FT 115_3.5;37.25;11884.31;3.3
45;24;;DIM;9.5;319;2 Dimmer 00 (2)                     ;1000.0;FRENTES;FT 115_4.1;37.25;11884.31;3.3
45;25;;DIM;9.5;319;2 Dimmer 00 (2)                     ;1000.0;FRENTES;FT 115_4.2;37.25;11884.31;3.3
45;26;;DIM;9.5;319;2 Dimmer 00 (2)                     ;1000.0;FRENTES;FT 115_4.3;37.25;11884.31;3.3
45;27;;DIM;0;319;2 Dimmer 00 (2)                     ;1000.0;CONTRAS;CRT 201_1.1;0;0;0
45;28;;DIM;0;319;2 Dimmer 00 (2)                     ;1000.0;CONTRAS;CRT 201_1.2;0;0;0
45;29;;DIM;0;319;2 Dimmer 00 (2)                     ;1000.0;CONTRAS;CRT 201_1.3;0;0;0
45;30;;DIM;0;319;2 Dimmer 00 (2)                     ;1000.0;CONTRAS;CRT 201_1.4;0;0;0
45;31;;DIM;0;319;2 Dimmer 00 (2)                     ;1000.0;CONTRAS;CRT 201_2.1;0;0;0
45;32;;DIM;0;319;2 Dimmer 00 (2)                     ;1000.0;CONTRAS;CRT 201_2.2;0;0;0
45;33;;DIM;0;319;2 Dimmer 00 (2)                     ;1000.0;CONTRAS;CRT 201_2.3;0;0;0
45;34;;DIM;36.5;319;2 Dimmer 00 (2)                     ;1000.0;CONTRAS;CRT 115_1.1;143.14;45660.78;12.68
45;35;;DIM;36.5;319;2 Dimmer 00 (2)                     ;1000.0;CONTRAS;CRT 115_1.2;143.14;45660.78;12.68
45;36;;DIM;27.5;319;2 Dimmer 00 (2)                     ;1000.0;CONTRAS;CRT 115_1.3;107.84;34401.96;9.56
45;37;;DIM;36.5;319;2 Dimmer 00 (2)                     ;1000.0;CONTRAS;CRT 115_1.4;143.14;45660.78;12.68
45;38;;DIM;36.5;319;2 Dimmer 00 (2)                     ;1000.0;CONTRAS;CRT 115_2.1;143.14;45660.78;12.68
45;39;;DIM;36.5;319;2 Dimmer 00 (2)                     ;1000.0;CONTRAS;CRT 115_2.2;143.14;45660.78;12.68
45;40;;DIM;27.5;319;2 Dimmer 00 (2)                     ;1000.0;CONTRAS;CRT 115_2.3;107.84;34401.96;9.56
45;41;;DIM;34;319;2 Dimmer 00 (2)                     ;750.0;LEQUE PAREDES;PAREDE 1;100;31900;8.86
45;42;;DIM;34;319;2 Dimmer 00 (2)                     ;750.0;LEQUE PAREDES;PAREDE 2;100;31900;8.86
45;43;;DIM;34;319;2 Dimmer 00 (2)                     ;750.0;LEQUE PAREDES;PAREDE 3;100;31900;8.86
45;44;;DIM;34;319;2 Dimmer 00 (2)                     ;750.0;LEQUE PAREDES;PAREDE 4;100;31900;8.86
45;45;;DIM;34;319;2 Dimmer 00 (2)                     ;750.0;LEQUE PAREDES;PAREDE 5;100;31900;8.86
45;46;;DIM;34;319;2 Dimmer 00 (2)                     ;750.0;LEQUE PAREDES;PAREDE 6;100;31900;8.86
45;47;;DIM;34;319;2 Dimmer 00 (2)                     ;750.0;LEQUE PAREDES;PAREDE 7;100;31900;8.86
45;48;;DIM;0;319;2 Dimmer 00 (2)                     ;1000.0;LATERAIS RED;RED 1;0;0;0
45;49;;DIM;0;319;2 Dimmer 00 (2)                     ;1000.0;LATERAIS RED;RED 2;0;0;0
45;50;;DIM;0;319;2 Dimmer 00 (2)                     ;1000.0;LATERAIS RED;RED 3;0;0;0
45;51;;DIM;0;319;2 Dimmer 00 (2)                     ;1000.0;LATERAIS RED;RED 4;0;0;0
45;52;;DIM;0;319;2 Dimmer 00 (2)                     ;750.0;BANHEIRA;BANHEIRA FRT;0;0;0
45;53;;DIM;0;319;2 Dimmer 00 (2)                     ;750.0;BANHEIRA;BANHEIRA PIC.;0;0;0
45;54;;DIM;45.5;319;2 Dimmer 00 (2)                     ;750.0;BANHEIRA;BANHEIRA CRT;133.82;42689.71;11.86
45;55;;DIM;0;319;2 Dimmer 00 (2)                     ;1000.0;BANCOS;BANCO FR L;0;0;0
45;56;;DIM;0;319;2 Dimmer 00 (2)                     ;1000.0;BANCOS;BANCO CRT L;0;0;0
45;57;;DIM;0;319;2 Dimmer 00 (2)                     ;1000.0;BANCOS;BANCO FR R;0;0;0
45;58;;DIM;0;319;2 Dimmer 00 (2)                     ;1000.0;BANCOS;BANCO CRT R;0;0;0
45;59;;DIM;0;319;2 Dimmer 00 (2)                     ;750.0;CADEIRA COUMIER;COUMIER;0;0;0
45;60;;DIM;0;319;2 Dimmer 00 (2)                     ;750.0;GUILHOTINA;GUILHO PIC.;0;0;0
45;61;;DIM;0;319;2 Dimmer 00 (2)                     ;750.0;GUILHOTINA;GUILHO CRT;0;0;0
45;62;;DIM;0;319;2 Dimmer 00 (2)                     ;1000.0;CANTORES;CANTORES CRT;0;0;0
45;63;;DIM;0;319;2 Dimmer 00 (2)                     ;1000.0;PORTA;PORTA FR PICADO;0;0;0
45;64;;DIM;0;319;2 Dimmer 00 (2)                     ;1000.0;PORTA;PORTA CRT;0;0;0
45;73;;DIM;0;319;2 Dimmer 00 (2)                     ;750.0;PORTA;PORTA RÉGIE;0;0;0
45;65;;DIM;0;319;2 Dimmer 00 (2)                     ;1000.0;MUSICOS;MUSICO FR;0;0;0
45;66;;DIM;0;319;2 Dimmer 00 (2)                     ;1000.0;MUSICOS;PAUTAS CRT;0;0;0
45;67;;DIM;0;319;2 Dimmer 00 (2)                     ;750.0;MUSICOS;KEYS;0;0;0
45;68;;DIM;0;319;2 Dimmer 00 (2)                     ;1000.0;ALCOVAS LAT.;DIR ALCOVA;0;0;0
45;69;;DIM;0;319;2 Dimmer 00 (2)                     ;1000.0;ALCOVAS LAT.;BANHEIRA DIR;0;0;0
45;70;;DIM;0;319;2 Dimmer 00 (2)                     ;750.0;ALCOVAS LAT.;ESQ ALCOVA;0;0;0
45;71;;DIM;0;319;2 Dimmer 00 (2)                     ;750.0;ALCOVAS LAT.;BANHEIRA ESQ;0;0;0
45;72;;DIM;0;319;2 Dimmer 00 (2)                     ;3000.0;FUMO;VAPOR;0;0;0
45;231;;DIM;0;319;2 Dimmer 00 (2)                     ;3000.0;VENTOINHAS;FAN 1;0;0;0
45;232;;DIM;0;319;2 Dimmer 00 (2)                     ;1000.0;CODA PUB;PUB 1;0;0;0
45;233;;DIM;0;319;2 Dimmer 00 (2)                     ;1000.0;CODA PUB;PUB 2;0;0;0
45;234;;DIM;0;319;2 Dimmer 00 (2)                     ;1000.0;CODA PUB;PUB 3;0;0;0
45;235;;DIM;0;319;2 Dimmer 00 (2)                     ;1000.0;CODA PUB;PUB 4;0;0;0
46;1;;DIM;0;308;2 Dimmer 00 (2)                     ;2000.0;FRENTES;FT 1.1;0;0;0
46;2;;DIM;0;308;2 Dimmer 00 (2)                     ;2000.0;FRENTES;FT 1.2;0;0;0
46;3;;DIM;0;308;2 Dimmer 00 (2)                     ;2000.0;FRENTES;FT 1.3;0;0;0
46;4;;DIM;0;308;2 Dimmer 00 (2)                     ;2000.0;FRENTES;FT 1.4;0;0;0
46;5;;DIM;0;308;2 Dimmer 00 (2)                     ;2000.0;FRENTES;FT 1.5;0;0;0
46;6;;DIM;0;308;2 Dimmer 00 (2)                     ;2000.0;FRENTES;FT 2.1;0;0;0
46;7;;DIM;0;308;2 Dimmer 00 (2)                     ;2000.0;FRENTES;FT 2.2;0;0;0
46;8;;DIM;0;308;2 Dimmer 00 (2)                     ;2000.0;FRENTES;FT 2.3;0;0;0
46;9;;DIM;0;308;2 Dimmer 00 (2)                     ;2000.0;FRENTES;FT 2.4;0;0;0
46;10;;DIM;0;308;2 Dimmer 00 (2)                     ;2000.0;FRENTES;FT 2.5;0;0;0
46;11;;DIM;15.5;308;2 Dimmer 00 (2)                     ;1000.0;FRENTES;FT 201_3.1;60.78;18721.57;5.2
46;12;;DIM;15.5;308;2 Dimmer 00 (2)                     ;1000.0;FRENTES;FT 201_3.2;60.78;18721.57;5.2
46;13;;DIM;15.5;308;2 Dimmer 00 (2)                     ;1000.0;FRENTES;FT 201_3.3;60.78;18721.57;5.2
46;14;;DIM;15.5;308;2 Dimmer 00 (2)                     ;1000.0;FRENTES;FT 201_3.4;60.78;18721.57;5.2
46;15;;DIM;15.5;308;2 Dimmer 00 (2)                     ;1000.0;FRENTES;FT 201_3.5;60.78;18721.57;5.2
46;16;;DIM;0.5;308;2 Dimmer 00 (2)                     ;1000.0;FRENTES;FT 201_4.1;500;154000;42.78
46;17;;DIM;0.5;308;2 Dimmer 00 (2)                     ;1000.0;FRENTES;FT 201_4.2;500;154000;42.78
46;18;;DIM;0.5;308;2 Dimmer 00 (2)                     ;1000.0;FRENTES;FT 201_4.3;500;154000;42.78
46;19;;DIM;9.5;308;2 Dimmer 00 (2)                     ;1000.0;FRENTES;FT 115_3.1;37.25;11474.51;3.19
46;20;;DIM;9.5;308;2 Dimmer 00 (2)                     ;1000.0;FRENTES;FT 115_3.2;37.25;11474.51;3.19
46;21;;DIM;9.5;308;2 Dimmer 00 (2)                     ;1000.0;FRENTES;FT 115_3.3;37.25;11474.51;3.19
46;22;;DIM;9.5;308;2 Dimmer 00 (2)                     ;1000.0;FRENTES;FT 115_3.4;37.25;11474.51;3.19
46;23;;DIM;9.5;308;2 Dimmer 00 (2)                     ;1000.0;FRENTES;FT 115_3.5;37.25;11474.51;3.19
46;24;;DIM;9.5;308;2 Dimmer 00 (2)                     ;1000.0;FRENTES;FT 115_4.1;37.25;11474.51;3.19
46;25;;DIM;9.5;308;2 Dimmer 00 (2)                     ;1000.0;FRENTES;FT 115_4.2;37.25;11474.51;3.19
46;26;;DIM;9.5;308;2 Dimmer 00 (2)                     ;1000.0;FRENTES;FT 115_4.3;37.25;11474.51;3.19
46;27;;DIM;0;308;2 Dimmer 00 (2)                     ;1000.0;CONTRAS;CRT 201_1.1;0;0;0
46;28;;DIM;0;308;2 Dimmer 00 (2)                     ;1000.0;CONTRAS;CRT 201_1.2;0;0;0
46;29;;DIM;0;308;2 Dimmer 00 (2)                     ;1000.0;CONTRAS;CRT 201_1.3;0;0;0
46;30;;DIM;0;308;2 Dimmer 00 (2)                     ;1000.0;CONTRAS;CRT 201_1.4;0;0;0
46;31;;DIM;0;308;2 Dimmer 00 (2)                     ;1000.0;CONTRAS;CRT 201_2.1;0;0;0
46;32;;DIM;0;308;2 Dimmer 00 (2)                     ;1000.0;CONTRAS;CRT 201_2.2;0;0;0
46;33;;DIM;0;308;2 Dimmer 00 (2)                     ;1000.0;CONTRAS;CRT 201_2.3;0;0;0
46;34;;DIM;36.5;308;2 Dimmer 00 (2)                     ;1000.0;CONTRAS;CRT 115_1.1;143.14;44086.27;12.25
46;35;;DIM;36.5;308;2 Dimmer 00 (2)                     ;1000.0;CONTRAS;CRT 115_1.2;143.14;44086.27;12.25
46;36;;DIM;27.5;308;2 Dimmer 00 (2)                     ;1000.0;CONTRAS;CRT 115_1.3;107.84;33215.69;9.23
46;37;;DIM;36.5;308;2 Dimmer 00 (2)                     ;1000.0;CONTRAS;CRT 115_1.4;143.14;44086.27;12.25
46;38;;DIM;36.5;308;2 Dimmer 00 (2)                     ;1000.0;CONTRAS;CRT 115_2.1;143.14;44086.27;12.25
46;39;;DIM;36.5;308;2 Dimmer 00 (2)                     ;1000.0;CONTRAS;CRT 115_2.2;143.14;44086.27;12.25
46;40;;DIM;27.5;308;2 Dimmer 00 (2)                     ;1000.0;CONTRAS;CRT 115_2.3;107.84;33215.69;9.23
46;41;;DIM;34;308;2 Dimmer 00 (2)                     ;750.0;LEQUE PAREDES;PAREDE 1;100;30800;8.56
46;42;;DIM;34;308;2 Dimmer 00 (2)                     ;750.0;LEQUE PAREDES;PAREDE 2;100;30800;8.56
46;43;;DIM;34;308;2 Dimmer 00 (2)                     ;750.0;LEQUE PAREDES;PAREDE 3;100;30800;8.56
46;44;;DIM;34;308;2 Dimmer 00 (2)                     ;750.0;LEQUE PAREDES;PAREDE 4;100;30800;8.56
46;45;;DIM;34;308;2 Dimmer 00 (2)                     ;750.0;LEQUE PAREDES;PAREDE 5;100;30800;8.56
46;46;;DIM;34;308;2 Dimmer 00 (2)                     ;750.0;LEQUE PAREDES;PAREDE 6;100;30800;8.56
46;47;;DIM;34;308;2 Dimmer 00 (2)                     ;750.0;LEQUE PAREDES;PAREDE 7;100;30800;8.56
46;48;;DIM;0;308;2 Dimmer 00 (2)                     ;1000.0;LATERAIS RED;RED 1;0;0;0
46;49;;DIM;0;308;2 Dimmer 00 (2)                     ;1000.0;LATERAIS RED;RED 2;0;0;0
46;50;;DIM;0;308;2 Dimmer 00 (2)                     ;1000.0;LATERAIS RED;RED 3;0;0;0
46;51;;DIM;0;308;2 Dimmer 00 (2)                     ;1000.0;LATERAIS RED;RED 4;0;0;0
46;52;;DIM;0;308;2 Dimmer 00 (2)                     ;750.0;BANHEIRA;BANHEIRA FRT;0;0;0
46;53;;DIM;0;308;2 Dimmer 00 (2)                     ;750.0;BANHEIRA;BANHEIRA PIC.;0;0;0
46;54;;DIM;45.5;308;2 Dimmer 00 (2)                     ;750.0;BANHEIRA;BANHEIRA CRT;133.82;41217.65;11.45
46;55;;DIM;0;308;2 Dimmer 00 (2)                     ;1000.0;BANCOS;BANCO FR L;0;0;0
46;56;;DIM;0;308;2 Dimmer 00 (2)                     ;1000.0;BANCOS;BANCO CRT L;0;0;0
46;57;;DIM;0;308;2 Dimmer 00 (2)                     ;1000.0;BANCOS;BANCO FR R;0;0;0
46;58;;DIM;0;308;2 Dimmer 00 (2)                     ;1000.0;BANCOS;BANCO CRT R;0;0;0
46;59;;DIM;0;308;2 Dimmer 00 (2)                     ;750.0;CADEIRA COUMIER;COUMIER;0;0;0
46;60;;DIM;0;308;2 Dimmer 00 (2)                     ;750.0;GUILHOTINA;GUILHO PIC.;0;0;0
46;61;;DIM;0;308;2 Dimmer 00 (2)                     ;750.0;GUILHOTINA;GUILHO CRT;0;0;0
46;62;;DIM;0;308;2 Dimmer 00 (2)                     ;1000.0;CANTORES;CANTORES CRT;0;0;0
46;63;;DIM;0;308;2 Dimmer 00 (2)                     ;1000.0;PORTA;PORTA FR PICADO;0;0;0
46;64;;DIM;0;308;2 Dimmer 00 (2)                     ;1000.0;PORTA;PORTA CRT;0;0;0
46;73;;DIM;0;308;2 Dimmer 00 (2)                     ;750.0;PORTA;PORTA RÉGIE;0;0;0
46;65;;DIM;0;308;2 Dimmer 00 (2)                     ;1000.0;MUSICOS;MUSICO FR;0;0;0
46;66;;DIM;0;308;2 Dimmer 00 (2)                     ;1000.0;MUSICOS;PAUTAS CRT;0;0;0
46;67;;DIM;0;308;2 Dimmer 00 (2)                     ;750.0;MUSICOS;KEYS;0;0;0
46;68;;DIM;0;308;2 Dimmer 00 (2)                     ;1000.0;ALCOVAS LAT.;DIR ALCOVA;0;0;0
46;69;;DIM;0;308;2 Dimmer 00 (2)                     ;1000.0;ALCOVAS LAT.;BANHEIRA DIR;0;0;0
46;70;;DIM;0;308;2 Dimmer 00 (2)                     ;750.0;ALCOVAS LAT.;ESQ ALCOVA;0;0;0
46;71;;DIM;0;308;2 Dimmer 00 (2)                     ;750.0;ALCOVAS LAT.;BANHEIRA ESQ;0;0;0
46;72;;DIM;0;308;2 Dimmer 00 (2)                     ;3000.0;FUMO;VAPOR;0;0;0
46;231;;DIM;0;308;2 Dimmer 00 (2)                     ;3000.0;VENTOINHAS;FAN 1;0;0;0
46;232;;DIM;48.5;308;2 Dimmer 00 (2)                     ;1000.0;CODA PUB;PUB 1;190.2;58580.39;16.27
46;233;;DIM;48.5;308;2 Dimmer 00 (2)                     ;1000.0;CODA PUB;PUB 2;190.2;58580.39;16.27
46;234;;DIM;48.5;308;2 Dimmer 00 (2)                     ;1000.0;CODA PUB;PUB 3;190.2;58580.39;16.27
46;235;;DIM;48.5;308;2 Dimmer 00 (2)                     ;1000.0;CODA PUB;PUB 4;190.2;58580.39;16.27
47;1;;DIM;0;219;2 Dimmer 00 (2)                     ;2000.0;FRENTES;FT 1.1;0;0;0
47;2;;DIM;0;219;2 Dimmer 00 (2)                     ;2000.0;FRENTES;FT 1.2;0;0;0
47;3;;DIM;0;219;2 Dimmer 00 (2)                     ;2000.0;FRENTES;FT 1.3;0;0;0
47;4;;DIM;0;219;2 Dimmer 00 (2)                     ;2000.0;FRENTES;FT 1.4;0;0;0
47;5;;DIM;0;219;2 Dimmer 00 (2)                     ;2000.0;FRENTES;FT 1.5;0;0;0
47;6;;DIM;0;219;2 Dimmer 00 (2)                     ;2000.0;FRENTES;FT 2.1;0;0;0
47;7;;DIM;0;219;2 Dimmer 00 (2)                     ;2000.0;FRENTES;FT 2.2;0;0;0
47;8;;DIM;0;219;2 Dimmer 00 (2)                     ;2000.0;FRENTES;FT 2.3;0;0;0
47;9;;DIM;0;219;2 Dimmer 00 (2)                     ;2000.0;FRENTES;FT 2.4;0;0;0
47;10;;DIM;0;219;2 Dimmer 00 (2)                     ;2000.0;FRENTES;FT 2.5;0;0;0
47;11;;DIM;15.5;219;2 Dimmer 00 (2)                     ;1000.0;FRENTES;FT 201_3.1;60.78;13311.76;3.7
47;12;;DIM;15.5;219;2 Dimmer 00 (2)                     ;1000.0;FRENTES;FT 201_3.2;60.78;13311.76;3.7
47;13;;DIM;15.5;219;2 Dimmer 00 (2)                     ;1000.0;FRENTES;FT 201_3.3;60.78;13311.76;3.7
47;14;;DIM;15.5;219;2 Dimmer 00 (2)                     ;1000.0;FRENTES;FT 201_3.4;60.78;13311.76;3.7
47;15;;DIM;15.5;219;2 Dimmer 00 (2)                     ;1000.0;FRENTES;FT 201_3.5;60.78;13311.76;3.7
47;16;;DIM;0.5;219;2 Dimmer 00 (2)                     ;1000.0;FRENTES;FT 201_4.1;500;109500;30.42
47;17;;DIM;0.5;219;2 Dimmer 00 (2)                     ;1000.0;FRENTES;FT 201_4.2;500;109500;30.42
47;18;;DIM;0.5;219;2 Dimmer 00 (2)                     ;1000.0;FRENTES;FT 201_4.3;500;109500;30.42
47;19;;DIM;9.5;219;2 Dimmer 00 (2)                     ;1000.0;FRENTES;FT 115_3.1;37.25;8158.82;2.27
47;20;;DIM;9.5;219;2 Dimmer 00 (2)                     ;1000.0;FRENTES;FT 115_3.2;37.25;8158.82;2.27
47;21;;DIM;9.5;219;2 Dimmer 00 (2)                     ;1000.0;FRENTES;FT 115_3.3;37.25;8158.82;2.27
47;22;;DIM;9.5;219;2 Dimmer 00 (2)                     ;1000.0;FRENTES;FT 115_3.4;37.25;8158.82;2.27
47;23;;DIM;9.5;219;2 Dimmer 00 (2)                     ;1000.0;FRENTES;FT 115_3.5;37.25;8158.82;2.27
47;24;;DIM;9.5;219;2 Dimmer 00 (2)                     ;1000.0;FRENTES;FT 115_4.1;37.25;8158.82;2.27
47;25;;DIM;9.5;219;2 Dimmer 00 (2)                     ;1000.0;FRENTES;FT 115_4.2;37.25;8158.82;2.27
47;26;;DIM;9.5;219;2 Dimmer 00 (2)                     ;1000.0;FRENTES;FT 115_4.3;37.25;8158.82;2.27
47;27;;DIM;0;219;2 Dimmer 00 (2)                     ;1000.0;CONTRAS;CRT 201_1.1;0;0;0
47;28;;DIM;0;219;2 Dimmer 00 (2)                     ;1000.0;CONTRAS;CRT 201_1.2;0;0;0
47;29;;DIM;0;219;2 Dimmer 00 (2)                     ;1000.0;CONTRAS;CRT 201_1.3;0;0;0
47;30;;DIM;0;219;2 Dimmer 00 (2)                     ;1000.0;CONTRAS;CRT 201_1.4;0;0;0
47;31;;DIM;0;219;2 Dimmer 00 (2)                     ;1000.0;CONTRAS;CRT 201_2.1;0;0;0
47;32;;DIM;0;219;2 Dimmer 00 (2)                     ;1000.0;CONTRAS;CRT 201_2.2;0;0;0
47;33;;DIM;0;219;2 Dimmer 00 (2)                     ;1000.0;CONTRAS;CRT 201_2.3;0;0;0
47;34;;DIM;52.5;219;2 Dimmer 00 (2)                     ;1000.0;CONTRAS;CRT 115_1.1;205.88;45088.24;12.52
47;35;;DIM;52.5;219;2 Dimmer 00 (2)                     ;1000.0;CONTRAS;CRT 115_1.2;205.88;45088.24;12.52
47;36;;DIM;43.5;219;2 Dimmer 00 (2)                     ;1000.0;CONTRAS;CRT 115_1.3;170.59;37358.82;10.38
47;37;;DIM;52.5;219;2 Dimmer 00 (2)                     ;1000.0;CONTRAS;CRT 115_1.4;205.88;45088.24;12.52
47;38;;DIM;52.5;219;2 Dimmer 00 (2)                     ;1000.0;CONTRAS;CRT 115_2.1;205.88;45088.24;12.52
47;39;;DIM;52.5;219;2 Dimmer 00 (2)                     ;1000.0;CONTRAS;CRT 115_2.2;205.88;45088.24;12.52
47;40;;DIM;43.5;219;2 Dimmer 00 (2)                     ;1000.0;CONTRAS;CRT 115_2.3;170.59;37358.82;10.38
47;41;;DIM;52.5;219;2 Dimmer 00 (2)                     ;750.0;LEQUE PAREDES;PAREDE 1;154.41;33816.18;9.39
47;42;;DIM;52.5;219;2 Dimmer 00 (2)                     ;750.0;LEQUE PAREDES;PAREDE 2;154.41;33816.18;9.39
47;43;;DIM;52.5;219;2 Dimmer 00 (2)                     ;750.0;LEQUE PAREDES;PAREDE 3;154.41;33816.18;9.39
47;44;;DIM;52.5;219;2 Dimmer 00 (2)                     ;750.0;LEQUE PAREDES;PAREDE 4;154.41;33816.18;9.39
47;45;;DIM;52.5;219;2 Dimmer 00 (2)                     ;750.0;LEQUE PAREDES;PAREDE 5;154.41;33816.18;9.39
47;46;;DIM;52.5;219;2 Dimmer 00 (2)                     ;750.0;LEQUE PAREDES;PAREDE 6;154.41;33816.18;9.39
47;47;;DIM;52.5;219;2 Dimmer 00 (2)                     ;750.0;LEQUE PAREDES;PAREDE 7;154.41;33816.18;9.39
47;48;;DIM;0;219;2 Dimmer 00 (2)                     ;1000.0;LATERAIS RED;RED 1;0;0;0
47;49;;DIM;0;219;2 Dimmer 00 (2)                     ;1000.0;LATERAIS RED;RED 2;0;0;0
47;50;;DIM;0;219;2 Dimmer 00 (2)                     ;1000.0;LATERAIS RED;RED 3;0;0;0
47;51;;DIM;0;219;2 Dimmer 00 (2)                     ;1000.0;LATERAIS RED;RED 4;0;0;0
47;52;;DIM;0;219;2 Dimmer 00 (2)                     ;750.0;BANHEIRA;BANHEIRA FRT;0;0;0
47;53;;DIM;0;219;2 Dimmer 00 (2)                     ;750.0;BANHEIRA;BANHEIRA PIC.;0;0;0
47;54;;DIM;45.5;219;2 Dimmer 00 (2)                     ;750.0;BANHEIRA;BANHEIRA CRT;133.82;29307.35;8.14
47;55;;DIM;0;219;2 Dimmer 00 (2)                     ;1000.0;BANCOS;BANCO FR L;0;0;0
47;56;;DIM;0;219;2 Dimmer 00 (2)                     ;1000.0;BANCOS;BANCO CRT L;0;0;0
47;57;;DIM;0;219;2 Dimmer 00 (2)                     ;1000.0;BANCOS;BANCO FR R;0;0;0
47;58;;DIM;0;219;2 Dimmer 00 (2)                     ;1000.0;BANCOS;BANCO CRT R;0;0;0
47;59;;DIM;0;219;2 Dimmer 00 (2)                     ;750.0;CADEIRA COUMIER;COUMIER;0;0;0
47;60;;DIM;0;219;2 Dimmer 00 (2)                     ;750.0;GUILHOTINA;GUILHO PIC.;0;0;0
47;61;;DIM;0;219;2 Dimmer 00 (2)                     ;750.0;GUILHOTINA;GUILHO CRT;0;0;0
47;62;;DIM;0;219;2 Dimmer 00 (2)                     ;1000.0;CANTORES;CANTORES CRT;0;0;0
47;63;;DIM;0;219;2 Dimmer 00 (2)                     ;1000.0;PORTA;PORTA FR PICADO;0;0;0
47;64;;DIM;0;219;2 Dimmer 00 (2)                     ;1000.0;PORTA;PORTA CRT;0;0;0
47;73;;DIM;0;219;2 Dimmer 00 (2)                     ;750.0;PORTA;PORTA RÉGIE;0;0;0
47;65;;DIM;0;219;2 Dimmer 00 (2)                     ;1000.0;MUSICOS;MUSICO FR;0;0;0
47;66;;DIM;0;219;2 Dimmer 00 (2)                     ;1000.0;MUSICOS;PAUTAS CRT;0;0;0
47;67;;DIM;0;219;2 Dimmer 00 (2)                     ;750.0;MUSICOS;KEYS;0;0;0
47;68;;DIM;0;219;2 Dimmer 00 (2)                     ;1000.0;ALCOVAS LAT.;DIR ALCOVA;0;0;0
47;69;;DIM;0;219;2 Dimmer 00 (2)                     ;1000.0;ALCOVAS LAT.;BANHEIRA DIR;0;0;0
47;70;;DIM;0;219;2 Dimmer 00 (2)                     ;750.0;ALCOVAS LAT.;ESQ ALCOVA;0;0;0
47;71;;DIM;0;219;2 Dimmer 00 (2)                     ;750.0;ALCOVAS LAT.;BANHEIRA ESQ;0;0;0
47;72;;DIM;0;219;2 Dimmer 00 (2)                     ;3000.0;FUMO;VAPOR;0;0;0
47;231;;DIM;0;219;2 Dimmer 00 (2)                     ;3000.0;VENTOINHAS;FAN 1;0;0;0
47;232;;DIM;0;219;2 Dimmer 00 (2)                     ;1000.0;CODA PUB;PUB 1;0;0;0
47;233;;DIM;0;219;2 Dimmer 00 (2)                     ;1000.0;CODA PUB;PUB 2;0;0;0
47;234;;DIM;0;219;2 Dimmer 00 (2)                     ;1000.0;CODA PUB;PUB 3;0;0;0
47;235;;DIM;0;219;2 Dimmer 00 (2)                     ;1000.0;CODA PUB;PUB 4;0;0;0
48;1;;DIM;27.5;54;2 Dimmer 00 (2)                     ;2000.0;FRENTES;FT 1.1;215.69;11647.06;3.24
48;2;;DIM;27.5;54;2 Dimmer 00 (2)                     ;2000.0;FRENTES;FT 1.2;215.69;11647.06;3.24
48;3;;DIM;27.5;54;2 Dimmer 00 (2)                     ;2000.0;FRENTES;FT 1.3;215.69;11647.06;3.24
48;4;;DIM;27.5;54;2 Dimmer 00 (2)                     ;2000.0;FRENTES;FT 1.4;215.69;11647.06;3.24
48;5;;DIM;27.5;54;2 Dimmer 00 (2)                     ;2000.0;FRENTES;FT 1.5;215.69;11647.06;3.24
48;6;;DIM;0;54;2 Dimmer 00 (2)                     ;2000.0;FRENTES;FT 2.1;0;0;0
48;7;;DIM;0;54;2 Dimmer 00 (2)                     ;2000.0;FRENTES;FT 2.2;0;0;0
48;8;;DIM;0;54;2 Dimmer 00 (2)                     ;2000.0;FRENTES;FT 2.3;0;0;0
48;9;;DIM;0;54;2 Dimmer 00 (2)                     ;2000.0;FRENTES;FT 2.4;0;0;0
48;10;;DIM;0;54;2 Dimmer 00 (2)                     ;2000.0;FRENTES;FT 2.5;0;0;0
48;11;;DIM;15.5;54;2 Dimmer 00 (2)                     ;1000.0;FRENTES;FT 201_3.1;60.78;3282.35;0.91
48;12;;DIM;15.5;54;2 Dimmer 00 (2)                     ;1000.0;FRENTES;FT 201_3.2;60.78;3282.35;0.91
48;13;;DIM;50;54;2 Dimmer 00 (2)                     ;1000.0;FRENTES;FT 201_3.3;196.08;10588.24;2.94
48;14;;DIM;15.5;54;2 Dimmer 00 (2)                     ;1000.0;FRENTES;FT 201_3.4;60.78;3282.35;0.91
48;15;;DIM;15.5;54;2 Dimmer 00 (2)                     ;1000.0;FRENTES;FT 201_3.5;60.78;3282.35;0.91
48;16;;DIM;0.5;54;2 Dimmer 00 (2)                     ;1000.0;FRENTES;FT 201_4.1;500;27000;7.5
48;17;;DIM;0.5;54;2 Dimmer 00 (2)                     ;1000.0;FRENTES;FT 201_4.2;500;27000;7.5
48;18;;DIM;0.5;54;2 Dimmer 00 (2)                     ;1000.0;FRENTES;FT 201_4.3;500;27000;7.5
48;19;;DIM;7;54;2 Dimmer 00 (2)                     ;1000.0;FRENTES;FT 115_3.1;27.45;1482.35;0.41
48;20;;DIM;7;54;2 Dimmer 00 (2)                     ;1000.0;FRENTES;FT 115_3.2;27.45;1482.35;0.41
48;21;;DIM;7;54;2 Dimmer 00 (2)                     ;1000.0;FRENTES;FT 115_3.3;27.45;1482.35;0.41
48;22;;DIM;7;54;2 Dimmer 00 (2)                     ;1000.0;FRENTES;FT 115_3.4;27.45;1482.35;0.41
48;23;;DIM;7;54;2 Dimmer 00 (2)                     ;1000.0;FRENTES;FT 115_3.5;27.45;1482.35;0.41
48;24;;DIM;7;54;2 Dimmer 00 (2)                     ;1000.0;FRENTES;FT 115_4.1;27.45;1482.35;0.41
48;25;;DIM;7;54;2 Dimmer 00 (2)                     ;1000.0;FRENTES;FT 115_4.2;27.45;1482.35;0.41
48;26;;DIM;7;54;2 Dimmer 00 (2)                     ;1000.0;FRENTES;FT 115_4.3;27.45;1482.35;0.41
48;27;;DIM;0;54;2 Dimmer 00 (2)                     ;1000.0;CONTRAS;CRT 201_1.1;0;0;0
48;28;;DIM;0;54;2 Dimmer 00 (2)                     ;1000.0;CONTRAS;CRT 201_1.2;0;0;0
48;29;;DIM;0;54;2 Dimmer 00 (2)                     ;1000.0;CONTRAS;CRT 201_1.3;0;0;0
48;30;;DIM;0;54;2 Dimmer 00 (2)                     ;1000.0;CONTRAS;CRT 201_1.4;0;0;0
48;31;;DIM;0;54;2 Dimmer 00 (2)                     ;1000.0;CONTRAS;CRT 201_2.1;0;0;0
48;32;;DIM;0;54;2 Dimmer 00 (2)                     ;1000.0;CONTRAS;CRT 201_2.2;0;0;0
48;33;;DIM;0;54;2 Dimmer 00 (2)                     ;1000.0;CONTRAS;CRT 201_2.3;0;0;0
48;34;;DIM;52.5;54;2 Dimmer 00 (2)                     ;1000.0;CONTRAS;CRT 115_1.1;205.88;11117.65;3.09
48;35;;DIM;52.5;54;2 Dimmer 00 (2)                     ;1000.0;CONTRAS;CRT 115_1.2;205.88;11117.65;3.09
48;36;;DIM;43.5;54;2 Dimmer 00 (2)                     ;1000.0;CONTRAS;CRT 115_1.3;170.59;9211.76;2.56
48;37;;DIM;52.5;54;2 Dimmer 00 (2)                     ;1000.0;CONTRAS;CRT 115_1.4;205.88;11117.65;3.09
48;38;;DIM;52.5;54;2 Dimmer 00 (2)                     ;1000.0;CONTRAS;CRT 115_2.1;205.88;11117.65;3.09
48;39;;DIM;52.5;54;2 Dimmer 00 (2)                     ;1000.0;CONTRAS;CRT 115_2.2;205.88;11117.65;3.09
48;40;;DIM;43.5;54;2 Dimmer 00 (2)                     ;1000.0;CONTRAS;CRT 115_2.3;170.59;9211.76;2.56
48;41;;DIM;52.5;54;2 Dimmer 00 (2)                     ;750.0;LEQUE PAREDES;PAREDE 1;154.41;8338.24;2.32
48;42;;DIM;52.5;54;2 Dimmer 00 (2)                     ;750.0;LEQUE PAREDES;PAREDE 2;154.41;8338.24;2.32
48;43;;DIM;52.5;54;2 Dimmer 00 (2)                     ;750.0;LEQUE PAREDES;PAREDE 3;154.41;8338.24;2.32
48;44;;DIM;52.5;54;2 Dimmer 00 (2)                     ;750.0;LEQUE PAREDES;PAREDE 4;154.41;8338.24;2.32
48;45;;DIM;52.5;54;2 Dimmer 00 (2)                     ;750.0;LEQUE PAREDES;PAREDE 5;154.41;8338.24;2.32
48;46;;DIM;52.5;54;2 Dimmer 00 (2)                     ;750.0;LEQUE PAREDES;PAREDE 6;154.41;8338.24;2.32
48;47;;DIM;52.5;54;2 Dimmer 00 (2)                     ;750.0;LEQUE PAREDES;PAREDE 7;154.41;8338.24;2.32
48;48;;DIM;0;54;2 Dimmer 00 (2)                     ;1000.0;LATERAIS RED;RED 1;0;0;0
48;49;;DIM;0;54;2 Dimmer 00 (2)                     ;1000.0;LATERAIS RED;RED 2;0;0;0
48;50;;DIM;0;54;2 Dimmer 00 (2)                     ;1000.0;LATERAIS RED;RED 3;0;0;0
48;51;;DIM;0;54;2 Dimmer 00 (2)                     ;1000.0;LATERAIS RED;RED 4;0;0;0
48;52;;DIM;18;54;2 Dimmer 00 (2)                     ;750.0;BANHEIRA;BANHEIRA FRT;52.94;2858.82;0.79
48;53;;DIM;0;54;2 Dimmer 00 (2)                     ;750.0;BANHEIRA;BANHEIRA PIC.;0;0;0
48;54;;DIM;45.5;54;2 Dimmer 00 (2)                     ;750.0;BANHEIRA;BANHEIRA CRT;133.82;7226.47;2.01
48;55;;DIM;0;54;2 Dimmer 00 (2)                     ;1000.0;BANCOS;BANCO FR L;0;0;0
48;56;;DIM;0;54;2 Dimmer 00 (2)                     ;1000.0;BANCOS;BANCO CRT L;0;0;0
48;57;;DIM;0;54;2 Dimmer 00 (2)                     ;1000.0;BANCOS;BANCO FR R;0;0;0
48;58;;DIM;0;54;2 Dimmer 00 (2)                     ;1000.0;BANCOS;BANCO CRT R;0;0;0
48;59;;DIM;0;54;2 Dimmer 00 (2)                     ;750.0;CADEIRA COUMIER;COUMIER;0;0;0
48;60;;DIM;0;54;2 Dimmer 00 (2)                     ;750.0;GUILHOTINA;GUILHO PIC.;0;0;0
48;61;;DIM;0;54;2 Dimmer 00 (2)                     ;750.0;GUILHOTINA;GUILHO CRT;0;0;0
48;62;;DIM;0;54;2 Dimmer 00 (2)                     ;1000.0;CANTORES;CANTORES CRT;0;0;0
48;63;;DIM;0;54;2 Dimmer 00 (2)                     ;1000.0;PORTA;PORTA FR PICADO;0;0;0
48;64;;DIM;0;54;2 Dimmer 00 (2)                     ;1000.0;PORTA;PORTA CRT;0;0;0
48;73;;DIM;0;54;2 Dimmer 00 (2)                     ;750.0;PORTA;PORTA RÉGIE;0;0;0
48;65;;DIM;0;54;2 Dimmer 00 (2)                     ;1000.0;MUSICOS;MUSICO FR;0;0;0
48;66;;DIM;0;54;2 Dimmer 00 (2)                     ;1000.0;MUSICOS;PAUTAS CRT;0;0;0
48;67;;DIM;0;54;2 Dimmer 00 (2)                     ;750.0;MUSICOS;KEYS;0;0;0
48;68;;DIM;0;54;2 Dimmer 00 (2)                     ;1000.0;ALCOVAS LAT.;DIR ALCOVA;0;0;0
48;69;;DIM;0;54;2 Dimmer 00 (2)                     ;1000.0;ALCOVAS LAT.;BANHEIRA DIR;0;0;0
48;70;;DIM;0;54;2 Dimmer 00 (2)                     ;750.0;ALCOVAS LAT.;ESQ ALCOVA;0;0;0
48;71;;DIM;0;54;2 Dimmer 00 (2)                     ;750.0;ALCOVAS LAT.;BANHEIRA ESQ;0;0;0
48;72;;DIM;0;54;2 Dimmer 00 (2)                     ;3000.0;FUMO;VAPOR;0;0;0
48;231;;DIM;0;54;2 Dimmer 00 (2)                     ;3000.0;VENTOINHAS;FAN 1;0;0;0
48;232;;DIM;0;54;2 Dimmer 00 (2)                     ;1000.0;CODA PUB;PUB 1;0;0;0
48;233;;DIM;0;54;2 Dimmer 00 (2)                     ;1000.0;CODA PUB;PUB 2;0;0;0
48;234;;DIM;0;54;2 Dimmer 00 (2)                     ;1000.0;CODA PUB;PUB 3;0;0;0
48;235;;DIM;0;54;2 Dimmer 00 (2)                     ;1000.0;CODA PUB;PUB 4;0;0;0
49;1;;DIM;0;277;2 Dimmer 00 (2)                     ;2000.0;FRENTES;FT 1.1;0;0;0
49;2;;DIM;0;277;2 Dimmer 00 (2)                     ;2000.0;FRENTES;FT 1.2;0;0;0
49;3;;DIM;0;277;2 Dimmer 00 (2)                     ;2000.0;FRENTES;FT 1.3;0;0;0
49;4;;DIM;0;277;2 Dimmer 00 (2)                     ;2000.0;FRENTES;FT 1.4;0;0;0
49;5;;DIM;0;277;2 Dimmer 00 (2)                     ;2000.0;FRENTES;FT 1.5;0;0;0
49;6;;DIM;0;277;2 Dimmer 00 (2)                     ;2000.0;FRENTES;FT 2.1;0;0;0
49;7;;DIM;0;277;2 Dimmer 00 (2)                     ;2000.0;FRENTES;FT 2.2;0;0;0
49;8;;DIM;21;277;2 Dimmer 00 (2)                     ;2000.0;FRENTES;FT 2.3;164.71;45623.53;12.67
49;9;;DIM;22.5;277;2 Dimmer 00 (2)                     ;2000.0;FRENTES;FT 2.4;176.47;48882.35;13.58
49;10;;DIM;0;277;2 Dimmer 00 (2)                     ;2000.0;FRENTES;FT 2.5;0;0;0
49;11;;DIM;15.5;277;2 Dimmer 00 (2)                     ;1000.0;FRENTES;FT 201_3.1;60.78;16837.25;4.68
49;12;;DIM;15.5;277;2 Dimmer 00 (2)                     ;1000.0;FRENTES;FT 201_3.2;60.78;16837.25;4.68
49;13;;DIM;15.5;277;2 Dimmer 00 (2)                     ;1000.0;FRENTES;FT 201_3.3;60.78;16837.25;4.68
49;14;;DIM;15.5;277;2 Dimmer 00 (2)                     ;1000.0;FRENTES;FT 201_3.4;60.78;16837.25;4.68
49;15;;DIM;15.5;277;2 Dimmer 00 (2)                     ;1000.0;FRENTES;FT 201_3.5;60.78;16837.25;4.68
49;16;;DIM;0.5;277;2 Dimmer 00 (2)                     ;1000.0;FRENTES;FT 201_4.1;500;138500;38.47
49;17;;DIM;0.5;277;2 Dimmer 00 (2)                     ;1000.0;FRENTES;FT 201_4.2;500;138500;38.47
49;18;;DIM;0.5;277;2 Dimmer 00 (2)                     ;1000.0;FRENTES;FT 201_4.3;500;138500;38.47
49;19;;DIM;9.5;277;2 Dimmer 00 (2)                     ;1000.0;FRENTES;FT 115_3.1;37.25;10319.61;2.87
49;20;;DIM;9.5;277;2 Dimmer 00 (2)                     ;1000.0;FRENTES;FT 115_3.2;37.25;10319.61;2.87
49;21;;DIM;9.5;277;2 Dimmer 00 (2)                     ;1000.0;FRENTES;FT 115_3.3;37.25;10319.61;2.87
49;22;;DIM;9.5;277;2 Dimmer 00 (2)                     ;1000.0;FRENTES;FT 115_3.4;37.25;10319.61;2.87
49;23;;DIM;9.5;277;2 Dimmer 00 (2)                     ;1000.0;FRENTES;FT 115_3.5;37.25;10319.61;2.87
49;24;;DIM;9.5;277;2 Dimmer 00 (2)                     ;1000.0;FRENTES;FT 115_4.1;37.25;10319.61;2.87
49;25;;DIM;9.5;277;2 Dimmer 00 (2)                     ;1000.0;FRENTES;FT 115_4.2;37.25;10319.61;2.87
49;26;;DIM;9.5;277;2 Dimmer 00 (2)                     ;1000.0;FRENTES;FT 115_4.3;37.25;10319.61;2.87
49;27;;DIM;0;277;2 Dimmer 00 (2)                     ;1000.0;CONTRAS;CRT 201_1.1;0;0;0
49;28;;DIM;0;277;2 Dimmer 00 (2)                     ;1000.0;CONTRAS;CRT 201_1.2;0;0;0
49;29;;DIM;0;277;2 Dimmer 00 (2)                     ;1000.0;CONTRAS;CRT 201_1.3;0;0;0
49;30;;DIM;0;277;2 Dimmer 00 (2)                     ;1000.0;CONTRAS;CRT 201_1.4;0;0;0
49;31;;DIM;0;277;2 Dimmer 00 (2)                     ;1000.0;CONTRAS;CRT 201_2.1;0;0;0
49;32;;DIM;0;277;2 Dimmer 00 (2)                     ;1000.0;CONTRAS;CRT 201_2.2;0;0;0
49;33;;DIM;0;277;2 Dimmer 00 (2)                     ;1000.0;CONTRAS;CRT 201_2.3;0;0;0
49;34;;DIM;31;277;2 Dimmer 00 (2)                     ;1000.0;CONTRAS;CRT 115_1.1;121.57;33674.51;9.35
49;35;;DIM;31;277;2 Dimmer 00 (2)                     ;1000.0;CONTRAS;CRT 115_1.2;121.57;33674.51;9.35
49;36;;DIM;22;277;2 Dimmer 00 (2)                     ;1000.0;CONTRAS;CRT 115_1.3;86.27;23898.04;6.64
49;37;;DIM;31;277;2 Dimmer 00 (2)                     ;1000.0;CONTRAS;CRT 115_1.4;121.57;33674.51;9.35
49;38;;DIM;31;277;2 Dimmer 00 (2)                     ;1000.0;CONTRAS;CRT 115_2.1;121.57;33674.51;9.35
49;39;;DIM;31;277;2 Dimmer 00 (2)                     ;1000.0;CONTRAS;CRT 115_2.2;121.57;33674.51;9.35
49;40;;DIM;22;277;2 Dimmer 00 (2)                     ;1000.0;CONTRAS;CRT 115_2.3;86.27;23898.04;6.64
49;41;;DIM;32.5;277;2 Dimmer 00 (2)                     ;750.0;LEQUE PAREDES;PAREDE 1;95.59;26477.94;7.35
49;42;;DIM;32.5;277;2 Dimmer 00 (2)                     ;750.0;LEQUE PAREDES;PAREDE 2;95.59;26477.94;7.35
49;43;;DIM;32.5;277;2 Dimmer 00 (2)                     ;750.0;LEQUE PAREDES;PAREDE 3;95.59;26477.94;7.35
49;44;;DIM;32.5;277;2 Dimmer 00 (2)                     ;750.0;LEQUE PAREDES;PAREDE 4;95.59;26477.94;7.35
49;45;;DIM;32.5;277;2 Dimmer 00 (2)                     ;750.0;LEQUE PAREDES;PAREDE 5;95.59;26477.94;7.35
49;46;;DIM;32.5;277;2 Dimmer 00 (2)                     ;750.0;LEQUE PAREDES;PAREDE 6;95.59;26477.94;7.35
49;47;;DIM;32.5;277;2 Dimmer 00 (2)                     ;750.0;LEQUE PAREDES;PAREDE 7;95.59;26477.94;7.35
49;48;;DIM;0;277;2 Dimmer 00 (2)                     ;1000.0;LATERAIS RED;RED 1;0;0;0
49;49;;DIM;0;277;2 Dimmer 00 (2)                     ;1000.0;LATERAIS RED;RED 2;0;0;0
49;50;;DIM;0;277;2 Dimmer 00 (2)                     ;1000.0;LATERAIS RED;RED 3;0;0;0
49;51;;DIM;0;277;2 Dimmer 00 (2)                     ;1000.0;LATERAIS RED;RED 4;0;0;0
49;52;;DIM;0;277;2 Dimmer 00 (2)                     ;750.0;BANHEIRA;BANHEIRA FRT;0;0;0
49;53;;DIM;0;277;2 Dimmer 00 (2)                     ;750.0;BANHEIRA;BANHEIRA PIC.;0;0;0
49;54;;DIM;45.5;277;2 Dimmer 00 (2)                     ;750.0;BANHEIRA;BANHEIRA CRT;133.82;37069.12;10.3
49;55;;DIM;17.5;277;2 Dimmer 00 (2)                     ;1000.0;BANCOS;BANCO FR L;68.63;19009.8;5.28
49;56;;DIM;0;277;2 Dimmer 00 (2)                     ;1000.0;BANCOS;BANCO CRT L;0;0;0
49;57;;DIM;0;277;2 Dimmer 00 (2)                     ;1000.0;BANCOS;BANCO FR R;0;0;0
49;58;;DIM;0;277;2 Dimmer 00 (2)                     ;1000.0;BANCOS;BANCO CRT R;0;0;0
49;59;;DIM;0;277;2 Dimmer 00 (2)                     ;750.0;CADEIRA COUMIER;COUMIER;0;0;0
49;60;;DIM;14.68;277;2 Dimmer 00 (2)                     ;750.0;GUILHOTINA;GUILHO PIC.;43.17;11957.01;3.32
49;61;;DIM;0;277;2 Dimmer 00 (2)                     ;750.0;GUILHOTINA;GUILHO CRT;0;0;0
49;62;;DIM;0;277;2 Dimmer 00 (2)                     ;1000.0;CANTORES;CANTORES CRT;0;0;0
49;63;;DIM;0;277;2 Dimmer 00 (2)                     ;1000.0;PORTA;PORTA FR PICADO;0;0;0
49;64;;DIM;0;277;2 Dimmer 00 (2)                     ;1000.0;PORTA;PORTA CRT;0;0;0
49;73;;DIM;0;277;2 Dimmer 00 (2)                     ;750.0;PORTA;PORTA RÉGIE;0;0;0
49;65;;DIM;0;277;2 Dimmer 00 (2)                     ;1000.0;MUSICOS;MUSICO FR;0;0;0
49;66;;DIM;0;277;2 Dimmer 00 (2)                     ;1000.0;MUSICOS;PAUTAS CRT;0;0;0
49;67;;DIM;0;277;2 Dimmer 00 (2)                     ;750.0;MUSICOS;KEYS;0;0;0
49;68;;DIM;7.5;277;2 Dimmer 00 (2)                     ;1000.0;ALCOVAS LAT.;DIR ALCOVA;29.41;8147.06;2.26
49;69;;DIM;0;277;2 Dimmer 00 (2)                     ;1000.0;ALCOVAS LAT.;BANHEIRA DIR;0;0;0
49;70;;DIM;7.5;277;2 Dimmer 00 (2)                     ;750.0;ALCOVAS LAT.;ESQ ALCOVA;22.06;6110.29;1.7
49;71;;DIM;25;277;2 Dimmer 00 (2)                     ;750.0;ALCOVAS LAT.;BANHEIRA ESQ;73.53;20367.65;5.66
49;72;;DIM;0;277;2 Dimmer 00 (2)                     ;3000.0;FUMO;VAPOR;0;0;0
49;231;;DIM;0;277;2 Dimmer 00 (2)                     ;3000.0;VENTOINHAS;FAN 1;0;0;0
49;232;;DIM;0;277;2 Dimmer 00 (2)                     ;1000.0;CODA PUB;PUB 1;0;0;0
49;233;;DIM;0;277;2 Dimmer 00 (2)                     ;1000.0;CODA PUB;PUB 2;0;0;0
49;234;;DIM;0;277;2 Dimmer 00 (2)                     ;1000.0;CODA PUB;PUB 3;0;0;0
49;235;;DIM;0;277;2 Dimmer 00 (2)                     ;1000.0;CODA PUB;PUB 4;0;0;0
52;1;;DIM;0;110;2 Dimmer 00 (2)                     ;2000.0;FRENTES;FT 1.1;0;0;0
52;2;;DIM;0;110;2 Dimmer 00 (2)                     ;2000.0;FRENTES;FT 1.2;0;0;0
52;3;;DIM;0;110;2 Dimmer 00 (2)                     ;2000.0;FRENTES;FT 1.3;0;0;0
52;4;;DIM;0;110;2 Dimmer 00 (2)                     ;2000.0;FRENTES;FT 1.4;0;0;0
52;5;;DIM;0;110;2 Dimmer 00 (2)                     ;2000.0;FRENTES;FT 1.5;0;0;0
52;6;;DIM;0;110;2 Dimmer 00 (2)                     ;2000.0;FRENTES;FT 2.1;0;0;0
52;7;;DIM;0;110;2 Dimmer 00 (2)                     ;2000.0;FRENTES;FT 2.2;0;0;0
52;8;;DIM;21;110;2 Dimmer 00 (2)                     ;2000.0;FRENTES;FT 2.3;164.71;18117.65;5.03
52;9;;DIM;22.5;110;2 Dimmer 00 (2)                     ;2000.0;FRENTES;FT 2.4;176.47;19411.76;5.39
52;10;;DIM;0;110;2 Dimmer 00 (2)                     ;2000.0;FRENTES;FT 2.5;0;0;0
52;11;;DIM;15.5;110;2 Dimmer 00 (2)                     ;1000.0;FRENTES;FT 201_3.1;60.78;6686.27;1.86
52;12;;DIM;15.5;110;2 Dimmer 00 (2)                     ;1000.0;FRENTES;FT 201_3.2;60.78;6686.27;1.86
52;13;;DIM;15.5;110;2 Dimmer 00 (2)                     ;1000.0;FRENTES;FT 201_3.3;60.78;6686.27;1.86
52;14;;DIM;15.5;110;2 Dimmer 00 (2)                     ;1000.0;FRENTES;FT 201_3.4;60.78;6686.27;1.86
52;15;;DIM;15.5;110;2 Dimmer 00 (2)                     ;1000.0;FRENTES;FT 201_3.5;60.78;6686.27;1.86
52;16;;DIM;0.5;110;2 Dimmer 00 (2)                     ;1000.0;FRENTES;FT 201_4.1;500;55000;15.28
52;17;;DIM;0.5;110;2 Dimmer 00 (2)                     ;1000.0;FRENTES;FT 201_4.2;500;55000;15.28
52;18;;DIM;0.5;110;2 Dimmer 00 (2)                     ;1000.0;FRENTES;FT 201_4.3;500;55000;15.28
52;19;;DIM;9.5;110;2 Dimmer 00 (2)                     ;1000.0;FRENTES;FT 115_3.1;37.25;4098.04;1.14
52;20;;DIM;9.5;110;2 Dimmer 00 (2)                     ;1000.0;FRENTES;FT 115_3.2;37.25;4098.04;1.14
52;21;;DIM;9.5;110;2 Dimmer 00 (2)                     ;1000.0;FRENTES;FT 115_3.3;37.25;4098.04;1.14
52;22;;DIM;9.5;110;2 Dimmer 00 (2)                     ;1000.0;FRENTES;FT 115_3.4;37.25;4098.04;1.14
52;23;;DIM;9.5;110;2 Dimmer 00 (2)                     ;1000.0;FRENTES;FT 115_3.5;37.25;4098.04;1.14
52;24;;DIM;9.5;110;2 Dimmer 00 (2)                     ;1000.0;FRENTES;FT 115_4.1;37.25;4098.04;1.14
52;25;;DIM;9.5;110;2 Dimmer 00 (2)                     ;1000.0;FRENTES;FT 115_4.2;37.25;4098.04;1.14
52;26;;DIM;9.5;110;2 Dimmer 00 (2)                     ;1000.0;FRENTES;FT 115_4.3;37.25;4098.04;1.14
52;27;;DIM;0;110;2 Dimmer 00 (2)                     ;1000.0;CONTRAS;CRT 201_1.1;0;0;0
52;28;;DIM;0;110;2 Dimmer 00 (2)                     ;1000.0;CONTRAS;CRT 201_1.2;0;0;0
52;29;;DIM;0;110;2 Dimmer 00 (2)                     ;1000.0;CONTRAS;CRT 201_1.3;0;0;0
52;30;;DIM;0;110;2 Dimmer 00 (2)                     ;1000.0;CONTRAS;CRT 201_1.4;0;0;0
52;31;;DIM;0;110;2 Dimmer 00 (2)                     ;1000.0;CONTRAS;CRT 201_2.1;0;0;0
52;32;;DIM;0;110;2 Dimmer 00 (2)                     ;1000.0;CONTRAS;CRT 201_2.2;0;0;0
52;33;;DIM;0;110;2 Dimmer 00 (2)                     ;1000.0;CONTRAS;CRT 201_2.3;0;0;0
52;34;;DIM;1.5;110;2 Dimmer 00 (2)                     ;1000.0;CONTRAS;CRT 115_1.1;5.88;647.06;0.18
52;35;;DIM;1.5;110;2 Dimmer 00 (2)                     ;1000.0;CONTRAS;CRT 115_1.2;5.88;647.06;0.18
52;36;;DIM;0;110;2 Dimmer 00 (2)                     ;1000.0;CONTRAS;CRT 115_1.3;0;0;0
52;37;;DIM;1.5;110;2 Dimmer 00 (2)                     ;1000.0;CONTRAS;CRT 115_1.4;5.88;647.06;0.18
52;38;;DIM;1.5;110;2 Dimmer 00 (2)                     ;1000.0;CONTRAS;CRT 115_2.1;5.88;647.06;0.18
52;39;;DIM;1.5;110;2 Dimmer 00 (2)                     ;1000.0;CONTRAS;CRT 115_2.2;5.88;647.06;0.18
52;40;;DIM;0;110;2 Dimmer 00 (2)                     ;1000.0;CONTRAS;CRT 115_2.3;0;0;0
52;41;;DIM;1;110;2 Dimmer 00 (2)                     ;750.0;LEQUE PAREDES;PAREDE 1;750;82500;22.92
52;42;;DIM;1;110;2 Dimmer 00 (2)                     ;750.0;LEQUE PAREDES;PAREDE 2;750;82500;22.92
52;43;;DIM;1;110;2 Dimmer 00 (2)                     ;750.0;LEQUE PAREDES;PAREDE 3;750;82500;22.92
52;44;;DIM;1;110;2 Dimmer 00 (2)                     ;750.0;LEQUE PAREDES;PAREDE 4;750;82500;22.92
52;45;;DIM;1;110;2 Dimmer 00 (2)                     ;750.0;LEQUE PAREDES;PAREDE 5;750;82500;22.92
52;46;;DIM;1;110;2 Dimmer 00 (2)                     ;750.0;LEQUE PAREDES;PAREDE 6;750;82500;22.92
52;47;;DIM;1;110;2 Dimmer 00 (2)                     ;750.0;LEQUE PAREDES;PAREDE 7;750;82500;22.92
52;48;;DIM;64;110;2 Dimmer 00 (2)                     ;1000.0;LATERAIS RED;RED 1;250.98;27607.84;7.67
52;49;;DIM;64;110;2 Dimmer 00 (2)                     ;1000.0;LATERAIS RED;RED 2;250.98;27607.84;7.67
52;50;;DIM;64;110;2 Dimmer 00 (2)                     ;1000.0;LATERAIS RED;RED 3;250.98;27607.84;7.67
52;51;;DIM;64;110;2 Dimmer 00 (2)                     ;1000.0;LATERAIS RED;RED 4;250.98;27607.84;7.67
52;52;;DIM;0;110;2 Dimmer 00 (2)                     ;750.0;BANHEIRA;BANHEIRA FRT;0;0;0
52;53;;DIM;0;110;2 Dimmer 00 (2)                     ;750.0;BANHEIRA;BANHEIRA PIC.;0;0;0
52;54;;DIM;45.5;110;2 Dimmer 00 (2)                     ;750.0;BANHEIRA;BANHEIRA CRT;133.82;14720.59;4.09
52;55;;DIM;0;110;2 Dimmer 00 (2)                     ;1000.0;BANCOS;BANCO FR L;0;0;0
52;56;;DIM;0;110;2 Dimmer 00 (2)                     ;1000.0;BANCOS;BANCO CRT L;0;0;0
52;57;;DIM;0;110;2 Dimmer 00 (2)                     ;1000.0;BANCOS;BANCO FR R;0;0;0
52;58;;DIM;0;110;2 Dimmer 00 (2)                     ;1000.0;BANCOS;BANCO CRT R;0;0;0
52;59;;DIM;0;110;2 Dimmer 00 (2)                     ;750.0;CADEIRA COUMIER;COUMIER;0;0;0
52;60;;DIM;0;110;2 Dimmer 00 (2)                     ;750.0;GUILHOTINA;GUILHO PIC.;0;0;0
52;61;;DIM;0;110;2 Dimmer 00 (2)                     ;750.0;GUILHOTINA;GUILHO CRT;0;0;0
52;62;;DIM;0;110;2 Dimmer 00 (2)                     ;1000.0;CANTORES;CANTORES CRT;0;0;0
52;63;;DIM;30;110;2 Dimmer 00 (2)                     ;1000.0;PORTA;PORTA FR PICADO;117.65;12941.18;3.59
52;64;;DIM;0;110;2 Dimmer 00 (2)                     ;1000.0;PORTA;PORTA CRT;0;0;0
52;73;;DIM;0;110;2 Dimmer 00 (2)                     ;750.0;PORTA;PORTA RÉGIE;0;0;0
52;65;;DIM;0;110;2 Dimmer 00 (2)                     ;1000.0;MUSICOS;MUSICO FR;0;0;0
52;66;;DIM;0;110;2 Dimmer 00 (2)                     ;1000.0;MUSICOS;PAUTAS CRT;0;0;0
52;67;;DIM;0;110;2 Dimmer 00 (2)                     ;750.0;MUSICOS;KEYS;0;0;0
52;68;;DIM;6.5;110;2 Dimmer 00 (2)                     ;1000.0;ALCOVAS LAT.;DIR ALCOVA;25.49;2803.92;0.78
52;69;;DIM;25;110;2 Dimmer 00 (2)                     ;1000.0;ALCOVAS LAT.;BANHEIRA DIR;98.04;10784.31;3
52;70;;DIM;6.5;110;2 Dimmer 00 (2)                     ;750.0;ALCOVAS LAT.;ESQ ALCOVA;19.12;2102.94;0.58
52;71;;DIM;25;110;2 Dimmer 00 (2)                     ;750.0;ALCOVAS LAT.;BANHEIRA ESQ;73.53;8088.24;2.25
52;72;;DIM;0;110;2 Dimmer 00 (2)                     ;3000.0;FUMO;VAPOR;0;0;0
52;231;;DIM;0;110;2 Dimmer 00 (2)                     ;3000.0;VENTOINHAS;FAN 1;0;0;0
52;232;;DIM;0;110;2 Dimmer 00 (2)                     ;1000.0;CODA PUB;PUB 1;0;0;0
52;233;;DIM;0;110;2 Dimmer 00 (2)                     ;1000.0;CODA PUB;PUB 2;0;0;0
52;234;;DIM;0;110;2 Dimmer 00 (2)                     ;1000.0;CODA PUB;PUB 3;0;0;0
52;235;;DIM;0;110;2 Dimmer 00 (2)                     ;1000.0;CODA PUB;PUB 4;0;0;0
53;1;;DIM;0;311;2 Dimmer 00 (2)                     ;2000.0;FRENTES;FT 1.1;0;0;0
53;2;;DIM;0;311;2 Dimmer 00 (2)                     ;2000.0;FRENTES;FT 1.2;0;0;0
53;3;;DIM;0;311;2 Dimmer 00 (2)                     ;2000.0;FRENTES;FT 1.3;0;0;0
53;4;;DIM;0;311;2 Dimmer 00 (2)                     ;2000.0;FRENTES;FT 1.4;0;0;0
53;5;;DIM;0;311;2 Dimmer 00 (2)                     ;2000.0;FRENTES;FT 1.5;0;0;0
53;6;;DIM;0;311;2 Dimmer 00 (2)                     ;2000.0;FRENTES;FT 2.1;0;0;0
53;7;;DIM;0;311;2 Dimmer 00 (2)                     ;2000.0;FRENTES;FT 2.2;0;0;0
53;8;;DIM;21;311;2 Dimmer 00 (2)                     ;2000.0;FRENTES;FT 2.3;164.71;51223.53;14.23
53;9;;DIM;22.5;311;2 Dimmer 00 (2)                     ;2000.0;FRENTES;FT 2.4;176.47;54882.35;15.25
53;10;;DIM;0;311;2 Dimmer 00 (2)                     ;2000.0;FRENTES;FT 2.5;0;0;0
53;11;;DIM;15.5;311;2 Dimmer 00 (2)                     ;1000.0;FRENTES;FT 201_3.1;60.78;18903.92;5.25
53;12;;DIM;15.5;311;2 Dimmer 00 (2)                     ;1000.0;FRENTES;FT 201_3.2;60.78;18903.92;5.25
53;13;;DIM;15.5;311;2 Dimmer 00 (2)                     ;1000.0;FRENTES;FT 201_3.3;60.78;18903.92;5.25
53;14;;DIM;15.5;311;2 Dimmer 00 (2)                     ;1000.0;FRENTES;FT 201_3.4;60.78;18903.92;5.25
53;15;;DIM;15.5;311;2 Dimmer 00 (2)                     ;1000.0;FRENTES;FT 201_3.5;60.78;18903.92;5.25
53;16;;DIM;0.5;311;2 Dimmer 00 (2)                     ;1000.0;FRENTES;FT 201_4.1;500;155500;43.19
53;17;;DIM;0.5;311;2 Dimmer 00 (2)                     ;1000.0;FRENTES;FT 201_4.2;500;155500;43.19
53;18;;DIM;0.5;311;2 Dimmer 00 (2)                     ;1000.0;FRENTES;FT 201_4.3;500;155500;43.19
53;19;;DIM;9.5;311;2 Dimmer 00 (2)                     ;1000.0;FRENTES;FT 115_3.1;37.25;11586.27;3.22
53;20;;DIM;9.5;311;2 Dimmer 00 (2)                     ;1000.0;FRENTES;FT 115_3.2;37.25;11586.27;3.22
53;21;;DIM;9.5;311;2 Dimmer 00 (2)                     ;1000.0;FRENTES;FT 115_3.3;37.25;11586.27;3.22
53;22;;DIM;9.5;311;2 Dimmer 00 (2)                     ;1000.0;FRENTES;FT 115_3.4;37.25;11586.27;3.22
53;23;;DIM;9.5;311;2 Dimmer 00 (2)                     ;1000.0;FRENTES;FT 115_3.5;37.25;11586.27;3.22
53;24;;DIM;9.5;311;2 Dimmer 00 (2)                     ;1000.0;FRENTES;FT 115_4.1;37.25;11586.27;3.22
53;25;;DIM;9.5;311;2 Dimmer 00 (2)                     ;1000.0;FRENTES;FT 115_4.2;37.25;11586.27;3.22
53;26;;DIM;9.5;311;2 Dimmer 00 (2)                     ;1000.0;FRENTES;FT 115_4.3;37.25;11586.27;3.22
53;27;;DIM;0;311;2 Dimmer 00 (2)                     ;1000.0;CONTRAS;CRT 201_1.1;0;0;0
53;28;;DIM;0;311;2 Dimmer 00 (2)                     ;1000.0;CONTRAS;CRT 201_1.2;0;0;0
53;29;;DIM;0;311;2 Dimmer 00 (2)                     ;1000.0;CONTRAS;CRT 201_1.3;0;0;0
53;30;;DIM;0;311;2 Dimmer 00 (2)                     ;1000.0;CONTRAS;CRT 201_1.4;0;0;0
53;31;;DIM;0;311;2 Dimmer 00 (2)                     ;1000.0;CONTRAS;CRT 201_2.1;0;0;0
53;32;;DIM;0;311;2 Dimmer 00 (2)                     ;1000.0;CONTRAS;CRT 201_2.2;0;0;0
53;33;;DIM;0;311;2 Dimmer 00 (2)                     ;1000.0;CONTRAS;CRT 201_2.3;0;0;0
53;34;;DIM;1.5;311;2 Dimmer 00 (2)                     ;1000.0;CONTRAS;CRT 115_1.1;5.88;1829.41;0.51
53;35;;DIM;1.5;311;2 Dimmer 00 (2)                     ;1000.0;CONTRAS;CRT 115_1.2;5.88;1829.41;0.51
53;36;;DIM;0;311;2 Dimmer 00 (2)                     ;1000.0;CONTRAS;CRT 115_1.3;0;0;0
53;37;;DIM;1.5;311;2 Dimmer 00 (2)                     ;1000.0;CONTRAS;CRT 115_1.4;5.88;1829.41;0.51
53;38;;DIM;1.5;311;2 Dimmer 00 (2)                     ;1000.0;CONTRAS;CRT 115_2.1;5.88;1829.41;0.51
53;39;;DIM;1.5;311;2 Dimmer 00 (2)                     ;1000.0;CONTRAS;CRT 115_2.2;5.88;1829.41;0.51
53;40;;DIM;0;311;2 Dimmer 00 (2)                     ;1000.0;CONTRAS;CRT 115_2.3;0;0;0
53;41;;DIM;1;311;2 Dimmer 00 (2)                     ;750.0;LEQUE PAREDES;PAREDE 1;750;233250;64.79
53;42;;DIM;1;311;2 Dimmer 00 (2)                     ;750.0;LEQUE PAREDES;PAREDE 2;750;233250;64.79
53;43;;DIM;1;311;2 Dimmer 00 (2)                     ;750.0;LEQUE PAREDES;PAREDE 3;750;233250;64.79
53;44;;DIM;1;311;2 Dimmer 00 (2)                     ;750.0;LEQUE PAREDES;PAREDE 4;750;233250;64.79
53;45;;DIM;1;311;2 Dimmer 00 (2)                     ;750.0;LEQUE PAREDES;PAREDE 5;750;233250;64.79
53;46;;DIM;1;311;2 Dimmer 00 (2)                     ;750.0;LEQUE PAREDES;PAREDE 6;750;233250;64.79
53;47;;DIM;1;311;2 Dimmer 00 (2)                     ;750.0;LEQUE PAREDES;PAREDE 7;750;233250;64.79
53;48;;DIM;64;311;2 Dimmer 00 (2)                     ;1000.0;LATERAIS RED;RED 1;250.98;78054.9;21.68
53;49;;DIM;64;311;2 Dimmer 00 (2)                     ;1000.0;LATERAIS RED;RED 2;250.98;78054.9;21.68
53;50;;DIM;64;311;2 Dimmer 00 (2)                     ;1000.0;LATERAIS RED;RED 3;250.98;78054.9;21.68
53;51;;DIM;64;311;2 Dimmer 00 (2)                     ;1000.0;LATERAIS RED;RED 4;250.98;78054.9;21.68
53;52;;DIM;0;311;2 Dimmer 00 (2)                     ;750.0;BANHEIRA;BANHEIRA FRT;0;0;0
53;53;;DIM;0;311;2 Dimmer 00 (2)                     ;750.0;BANHEIRA;BANHEIRA PIC.;0;0;0
53;54;;DIM;45.5;311;2 Dimmer 00 (2)                     ;750.0;BANHEIRA;BANHEIRA CRT;133.82;41619.12;11.56
53;55;;DIM;0;311;2 Dimmer 00 (2)                     ;1000.0;BANCOS;BANCO FR L;0;0;0
53;56;;DIM;0;311;2 Dimmer 00 (2)                     ;1000.0;BANCOS;BANCO CRT L;0;0;0
53;57;;DIM;0;311;2 Dimmer 00 (2)                     ;1000.0;BANCOS;BANCO FR R;0;0;0
53;58;;DIM;0;311;2 Dimmer 00 (2)                     ;1000.0;BANCOS;BANCO CRT R;0;0;0
53;59;;DIM;0;311;2 Dimmer 00 (2)                     ;750.0;CADEIRA COUMIER;COUMIER;0;0;0
53;60;;DIM;0;311;2 Dimmer 00 (2)                     ;750.0;GUILHOTINA;GUILHO PIC.;0;0;0
53;61;;DIM;0;311;2 Dimmer 00 (2)                     ;750.0;GUILHOTINA;GUILHO CRT;0;0;0
53;62;;DIM;0;311;2 Dimmer 00 (2)                     ;1000.0;CANTORES;CANTORES CRT;0;0;0
53;63;;DIM;0;311;2 Dimmer 00 (2)                     ;1000.0;PORTA;PORTA FR PICADO;0;0;0
53;64;;DIM;0;311;2 Dimmer 00 (2)                     ;1000.0;PORTA;PORTA CRT;0;0;0
53;73;;DIM;0;311;2 Dimmer 00 (2)                     ;750.0;PORTA;PORTA RÉGIE;0;0;0
53;65;;DIM;0;311;2 Dimmer 00 (2)                     ;1000.0;MUSICOS;MUSICO FR;0;0;0
53;66;;DIM;0;311;2 Dimmer 00 (2)                     ;1000.0;MUSICOS;PAUTAS CRT;0;0;0
53;67;;DIM;0;311;2 Dimmer 00 (2)                     ;750.0;MUSICOS;KEYS;0;0;0
53;68;;DIM;6.5;311;2 Dimmer 00 (2)                     ;1000.0;ALCOVAS LAT.;DIR ALCOVA;25.49;7927.45;2.2
53;69;;DIM;25;311;2 Dimmer 00 (2)                     ;1000.0;ALCOVAS LAT.;BANHEIRA DIR;98.04;30490.2;8.47
53;70;;DIM;6.5;311;2 Dimmer 00 (2)                     ;750.0;ALCOVAS LAT.;ESQ ALCOVA;19.12;5945.59;1.65
53;71;;DIM;25;311;2 Dimmer 00 (2)                     ;750.0;ALCOVAS LAT.;BANHEIRA ESQ;73.53;22867.65;6.35
53;72;;DIM;0;311;2 Dimmer 00 (2)                     ;3000.0;FUMO;VAPOR;0;0;0
53;231;;DIM;0;311;2 Dimmer 00 (2)                     ;3000.0;VENTOINHAS;FAN 1;0;0;0
53;232;;DIM;0;311;2 Dimmer 00 (2)                     ;1000.0;CODA PUB;PUB 1;0;0;0
53;233;;DIM;0;311;2 Dimmer 00 (2)                     ;1000.0;CODA PUB;PUB 2;0;0;0
53;234;;DIM;0;311;2 Dimmer 00 (2)                     ;1000.0;CODA PUB;PUB 3;0;0;0
53;235;;DIM;0;311;2 Dimmer 00 (2)                     ;1000.0;CODA PUB;PUB 4;0;0;0
54;1;;DIM;0;106;2 Dimmer 00 (2)                     ;2000.0;FRENTES;FT 1.1;0;0;0
54;2;;DIM;0;106;2 Dimmer 00 (2)                     ;2000.0;FRENTES;FT 1.2;0;0;0
54;3;;DIM;0;106;2 Dimmer 00 (2)                     ;2000.0;FRENTES;FT 1.3;0;0;0
54;4;;DIM;0;106;2 Dimmer 00 (2)                     ;2000.0;FRENTES;FT 1.4;0;0;0
54;5;;DIM;0;106;2 Dimmer 00 (2)                     ;2000.0;FRENTES;FT 1.5;0;0;0
54;6;;DIM;0;106;2 Dimmer 00 (2)                     ;2000.0;FRENTES;FT 2.1;0;0;0
54;7;;DIM;0;106;2 Dimmer 00 (2)                     ;2000.0;FRENTES;FT 2.2;0;0;0
54;8;;DIM;0;106;2 Dimmer 00 (2)                     ;2000.0;FRENTES;FT 2.3;0;0;0
54;9;;DIM;0;106;2 Dimmer 00 (2)                     ;2000.0;FRENTES;FT 2.4;0;0;0
54;10;;DIM;0;106;2 Dimmer 00 (2)                     ;2000.0;FRENTES;FT 2.5;0;0;0
54;11;;DIM;15.5;106;2 Dimmer 00 (2)                     ;1000.0;FRENTES;FT 201_3.1;60.78;6443.14;1.79
54;12;;DIM;15.5;106;2 Dimmer 00 (2)                     ;1000.0;FRENTES;FT 201_3.2;60.78;6443.14;1.79
54;13;;DIM;15.5;106;2 Dimmer 00 (2)                     ;1000.0;FRENTES;FT 201_3.3;60.78;6443.14;1.79
54;14;;DIM;15.5;106;2 Dimmer 00 (2)                     ;1000.0;FRENTES;FT 201_3.4;60.78;6443.14;1.79
54;15;;DIM;15.5;106;2 Dimmer 00 (2)                     ;1000.0;FRENTES;FT 201_3.5;60.78;6443.14;1.79
54;16;;DIM;0.5;106;2 Dimmer 00 (2)                     ;1000.0;FRENTES;FT 201_4.1;500;53000;14.72
54;17;;DIM;0.5;106;2 Dimmer 00 (2)                     ;1000.0;FRENTES;FT 201_4.2;500;53000;14.72
54;18;;DIM;0.5;106;2 Dimmer 00 (2)                     ;1000.0;FRENTES;FT 201_4.3;500;53000;14.72
54;19;;DIM;9.5;106;2 Dimmer 00 (2)                     ;1000.0;FRENTES;FT 115_3.1;37.25;3949.02;1.1
54;20;;DIM;9.5;106;2 Dimmer 00 (2)                     ;1000.0;FRENTES;FT 115_3.2;37.25;3949.02;1.1
54;21;;DIM;9.5;106;2 Dimmer 00 (2)                     ;1000.0;FRENTES;FT 115_3.3;37.25;3949.02;1.1
54;22;;DIM;9.5;106;2 Dimmer 00 (2)                     ;1000.0;FRENTES;FT 115_3.4;37.25;3949.02;1.1
54;23;;DIM;9.5;106;2 Dimmer 00 (2)                     ;1000.0;FRENTES;FT 115_3.5;37.25;3949.02;1.1
54;24;;DIM;9.5;106;2 Dimmer 00 (2)                     ;1000.0;FRENTES;FT 115_4.1;37.25;3949.02;1.1
54;25;;DIM;9.5;106;2 Dimmer 00 (2)                     ;1000.0;FRENTES;FT 115_4.2;37.25;3949.02;1.1
54;26;;DIM;9.5;106;2 Dimmer 00 (2)                     ;1000.0;FRENTES;FT 115_4.3;37.25;3949.02;1.1
54;27;;DIM;0;106;2 Dimmer 00 (2)                     ;1000.0;CONTRAS;CRT 201_1.1;0;0;0
54;28;;DIM;0;106;2 Dimmer 00 (2)                     ;1000.0;CONTRAS;CRT 201_1.2;0;0;0
54;29;;DIM;0;106;2 Dimmer 00 (2)                     ;1000.0;CONTRAS;CRT 201_1.3;0;0;0
54;30;;DIM;0;106;2 Dimmer 00 (2)                     ;1000.0;CONTRAS;CRT 201_1.4;0;0;0
54;31;;DIM;0;106;2 Dimmer 00 (2)                     ;1000.0;CONTRAS;CRT 201_2.1;0;0;0
54;32;;DIM;0;106;2 Dimmer 00 (2)                     ;1000.0;CONTRAS;CRT 201_2.2;0;0;0
54;33;;DIM;0;106;2 Dimmer 00 (2)                     ;1000.0;CONTRAS;CRT 201_2.3;0;0;0
54;34;;DIM;1.5;106;2 Dimmer 00 (2)                     ;1000.0;CONTRAS;CRT 115_1.1;5.88;623.53;0.17
54;35;;DIM;1.5;106;2 Dimmer 00 (2)                     ;1000.0;CONTRAS;CRT 115_1.2;5.88;623.53;0.17
54;36;;DIM;0;106;2 Dimmer 00 (2)                     ;1000.0;CONTRAS;CRT 115_1.3;0;0;0
54;37;;DIM;1.5;106;2 Dimmer 00 (2)                     ;1000.0;CONTRAS;CRT 115_1.4;5.88;623.53;0.17
54;38;;DIM;1.5;106;2 Dimmer 00 (2)                     ;1000.0;CONTRAS;CRT 115_2.1;5.88;623.53;0.17
54;39;;DIM;1.5;106;2 Dimmer 00 (2)                     ;1000.0;CONTRAS;CRT 115_2.2;5.88;623.53;0.17
54;40;;DIM;0;106;2 Dimmer 00 (2)                     ;1000.0;CONTRAS;CRT 115_2.3;0;0;0
54;41;;DIM;1;106;2 Dimmer 00 (2)                     ;750.0;LEQUE PAREDES;PAREDE 1;750;79500;22.08
54;42;;DIM;1;106;2 Dimmer 00 (2)                     ;750.0;LEQUE PAREDES;PAREDE 2;750;79500;22.08
54;43;;DIM;1;106;2 Dimmer 00 (2)                     ;750.0;LEQUE PAREDES;PAREDE 3;750;79500;22.08
54;44;;DIM;1;106;2 Dimmer 00 (2)                     ;750.0;LEQUE PAREDES;PAREDE 4;750;79500;22.08
54;45;;DIM;1;106;2 Dimmer 00 (2)                     ;750.0;LEQUE PAREDES;PAREDE 5;750;79500;22.08
54;46;;DIM;1;106;2 Dimmer 00 (2)                     ;750.0;LEQUE PAREDES;PAREDE 6;750;79500;22.08
54;47;;DIM;1;106;2 Dimmer 00 (2)                     ;750.0;LEQUE PAREDES;PAREDE 7;750;79500;22.08
54;48;;DIM;0;106;2 Dimmer 00 (2)                     ;1000.0;LATERAIS RED;RED 1;0;0;0
54;49;;DIM;0;106;2 Dimmer 00 (2)                     ;1000.0;LATERAIS RED;RED 2;0;0;0
54;50;;DIM;0;106;2 Dimmer 00 (2)                     ;1000.0;LATERAIS RED;RED 3;0;0;0
54;51;;DIM;0;106;2 Dimmer 00 (2)                     ;1000.0;LATERAIS RED;RED 4;0;0;0
54;52;;DIM;0;106;2 Dimmer 00 (2)                     ;750.0;BANHEIRA;BANHEIRA FRT;0;0;0
54;53;;DIM;0;106;2 Dimmer 00 (2)                     ;750.0;BANHEIRA;BANHEIRA PIC.;0;0;0
54;54;;DIM;45.5;106;2 Dimmer 00 (2)                     ;750.0;BANHEIRA;BANHEIRA CRT;133.82;14185.29;3.94
54;55;;DIM;0;106;2 Dimmer 00 (2)                     ;1000.0;BANCOS;BANCO FR L;0;0;0
54;56;;DIM;0;106;2 Dimmer 00 (2)                     ;1000.0;BANCOS;BANCO CRT L;0;0;0
54;57;;DIM;0;106;2 Dimmer 00 (2)                     ;1000.0;BANCOS;BANCO FR R;0;0;0
54;58;;DIM;0;106;2 Dimmer 00 (2)                     ;1000.0;BANCOS;BANCO CRT R;0;0;0
54;59;;DIM;0;106;2 Dimmer 00 (2)                     ;750.0;CADEIRA COUMIER;COUMIER;0;0;0
54;60;;DIM;0;106;2 Dimmer 00 (2)                     ;750.0;GUILHOTINA;GUILHO PIC.;0;0;0
54;61;;DIM;0;106;2 Dimmer 00 (2)                     ;750.0;GUILHOTINA;GUILHO CRT;0;0;0
54;62;;DIM;0;106;2 Dimmer 00 (2)                     ;1000.0;CANTORES;CANTORES CRT;0;0;0
54;63;;DIM;0;106;2 Dimmer 00 (2)                     ;1000.0;PORTA;PORTA FR PICADO;0;0;0
54;64;;DIM;0;106;2 Dimmer 00 (2)                     ;1000.0;PORTA;PORTA CRT;0;0;0
54;73;;DIM;0;106;2 Dimmer 00 (2)                     ;750.0;PORTA;PORTA RÉGIE;0;0;0
54;65;;DIM;0;106;2 Dimmer 00 (2)                     ;1000.0;MUSICOS;MUSICO FR;0;0;0
54;66;;DIM;0;106;2 Dimmer 00 (2)                     ;1000.0;MUSICOS;PAUTAS CRT;0;0;0
54;67;;DIM;0;106;2 Dimmer 00 (2)                     ;750.0;MUSICOS;KEYS;0;0;0
54;68;;DIM;6.5;106;2 Dimmer 00 (2)                     ;1000.0;ALCOVAS LAT.;DIR ALCOVA;25.49;2701.96;0.75
54;69;;DIM;25;106;2 Dimmer 00 (2)                     ;1000.0;ALCOVAS LAT.;BANHEIRA DIR;98.04;10392.16;2.89
54;70;;DIM;6.5;106;2 Dimmer 00 (2)                     ;750.0;ALCOVAS LAT.;ESQ ALCOVA;19.12;2026.47;0.56
54;71;;DIM;25;106;2 Dimmer 00 (2)                     ;750.0;ALCOVAS LAT.;BANHEIRA ESQ;73.53;7794.12;2.17
54;72;;DIM;0;106;2 Dimmer 00 (2)                     ;3000.0;FUMO;VAPOR;0;0;0
54;231;;DIM;0;106;2 Dimmer 00 (2)                     ;3000.0;VENTOINHAS;FAN 1;0;0;0
54;232;;DIM;0;106;2 Dimmer 00 (2)                     ;1000.0;CODA PUB;PUB 1;0;0;0
54;233;;DIM;0;106;2 Dimmer 00 (2)                     ;1000.0;CODA PUB;PUB 2;0;0;0
54;234;;DIM;0;106;2 Dimmer 00 (2)                     ;1000.0;CODA PUB;PUB 3;0;0;0
54;235;;DIM;0;106;2 Dimmer 00 (2)                     ;1000.0;CODA PUB;PUB 4;0;0;0
55;1;;DIM;56.5;82;2 Dimmer 00 (2)                     ;2000.0;FRENTES;FT 1.1;443.14;36337.25;10.09
55;2;;DIM;56.5;82;2 Dimmer 00 (2)                     ;2000.0;FRENTES;FT 1.2;443.14;36337.25;10.09
55;3;;DIM;56.5;82;2 Dimmer 00 (2)                     ;2000.0;FRENTES;FT 1.3;443.14;36337.25;10.09
55;4;;DIM;56.5;82;2 Dimmer 00 (2)                     ;2000.0;FRENTES;FT 1.4;443.14;36337.25;10.09
55;5;;DIM;56.5;82;2 Dimmer 00 (2)                     ;2000.0;FRENTES;FT 1.5;443.14;36337.25;10.09
55;6;;DIM;0;82;2 Dimmer 00 (2)                     ;2000.0;FRENTES;FT 2.1;0;0;0
55;7;;DIM;0;82;2 Dimmer 00 (2)                     ;2000.0;FRENTES;FT 2.2;0;0;0
55;8;;DIM;0;82;2 Dimmer 00 (2)                     ;2000.0;FRENTES;FT 2.3;0;0;0
55;9;;DIM;0;82;2 Dimmer 00 (2)                     ;2000.0;FRENTES;FT 2.4;0;0;0
55;10;;DIM;0;82;2 Dimmer 00 (2)                     ;2000.0;FRENTES;FT 2.5;0;0;0
55;11;;DIM;15.5;82;2 Dimmer 00 (2)                     ;1000.0;FRENTES;FT 201_3.1;60.78;4984.31;1.38
55;12;;DIM;15.5;82;2 Dimmer 00 (2)                     ;1000.0;FRENTES;FT 201_3.2;60.78;4984.31;1.38
55;13;;DIM;15.5;82;2 Dimmer 00 (2)                     ;1000.0;FRENTES;FT 201_3.3;60.78;4984.31;1.38
55;14;;DIM;15.5;82;2 Dimmer 00 (2)                     ;1000.0;FRENTES;FT 201_3.4;60.78;4984.31;1.38
55;15;;DIM;15.5;82;2 Dimmer 00 (2)                     ;1000.0;FRENTES;FT 201_3.5;60.78;4984.31;1.38
55;16;;DIM;0.5;82;2 Dimmer 00 (2)                     ;1000.0;FRENTES;FT 201_4.1;500;41000;11.39
55;17;;DIM;0.5;82;2 Dimmer 00 (2)                     ;1000.0;FRENTES;FT 201_4.2;500;41000;11.39
55;18;;DIM;0.5;82;2 Dimmer 00 (2)                     ;1000.0;FRENTES;FT 201_4.3;500;41000;11.39
55;19;;DIM;100;82;2 Dimmer 00 (2)                     ;1000.0;FRENTES;FT 115_3.1;392.16;32156.86;8.93
55;20;;DIM;100;82;2 Dimmer 00 (2)                     ;1000.0;FRENTES;FT 115_3.2;392.16;32156.86;8.93
55;21;;DIM;100;82;2 Dimmer 00 (2)                     ;1000.0;FRENTES;FT 115_3.3;392.16;32156.86;8.93
55;22;;DIM;100;82;2 Dimmer 00 (2)                     ;1000.0;FRENTES;FT 115_3.4;392.16;32156.86;8.93
55;23;;DIM;100;82;2 Dimmer 00 (2)                     ;1000.0;FRENTES;FT 115_3.5;392.16;32156.86;8.93
55;24;;DIM;100;82;2 Dimmer 00 (2)                     ;1000.0;FRENTES;FT 115_4.1;392.16;32156.86;8.93
55;25;;DIM;100;82;2 Dimmer 00 (2)                     ;1000.0;FRENTES;FT 115_4.2;392.16;32156.86;8.93
55;26;;DIM;100;82;2 Dimmer 00 (2)                     ;1000.0;FRENTES;FT 115_4.3;392.16;32156.86;8.93
55;27;;DIM;0;82;2 Dimmer 00 (2)                     ;1000.0;CONTRAS;CRT 201_1.1;0;0;0
55;28;;DIM;0;82;2 Dimmer 00 (2)                     ;1000.0;CONTRAS;CRT 201_1.2;0;0;0
55;29;;DIM;0;82;2 Dimmer 00 (2)                     ;1000.0;CONTRAS;CRT 201_1.3;0;0;0
55;30;;DIM;0;82;2 Dimmer 00 (2)                     ;1000.0;CONTRAS;CRT 201_1.4;0;0;0
55;31;;DIM;0;82;2 Dimmer 00 (2)                     ;1000.0;CONTRAS;CRT 201_2.1;0;0;0
55;32;;DIM;0;82;2 Dimmer 00 (2)                     ;1000.0;CONTRAS;CRT 201_2.2;0;0;0
55;33;;DIM;0;82;2 Dimmer 00 (2)                     ;1000.0;CONTRAS;CRT 201_2.3;0;0;0
55;34;;DIM;93;82;2 Dimmer 00 (2)                     ;1000.0;CONTRAS;CRT 115_1.1;364.71;29905.88;8.31
55;35;;DIM;93;82;2 Dimmer 00 (2)                     ;1000.0;CONTRAS;CRT 115_1.2;364.71;29905.88;8.31
55;36;;DIM;91.5;82;2 Dimmer 00 (2)                     ;1000.0;CONTRAS;CRT 115_1.3;358.82;29423.53;8.17
55;37;;DIM;93;82;2 Dimmer 00 (2)                     ;1000.0;CONTRAS;CRT 115_1.4;364.71;29905.88;8.31
55;38;;DIM;93;82;2 Dimmer 00 (2)                     ;1000.0;CONTRAS;CRT 115_2.1;364.71;29905.88;8.31
55;39;;DIM;93;82;2 Dimmer 00 (2)                     ;1000.0;CONTRAS;CRT 115_2.2;364.71;29905.88;8.31
55;40;;DIM;91.5;82;2 Dimmer 00 (2)                     ;1000.0;CONTRAS;CRT 115_2.3;358.82;29423.53;8.17
55;41;;DIM;100;82;2 Dimmer 00 (2)                     ;750.0;LEQUE PAREDES;PAREDE 1;294.12;24117.65;6.7
55;42;;DIM;100;82;2 Dimmer 00 (2)                     ;750.0;LEQUE PAREDES;PAREDE 2;294.12;24117.65;6.7
55;43;;DIM;100;82;2 Dimmer 00 (2)                     ;750.0;LEQUE PAREDES;PAREDE 3;294.12;24117.65;6.7
55;44;;DIM;100;82;2 Dimmer 00 (2)                     ;750.0;LEQUE PAREDES;PAREDE 4;294.12;24117.65;6.7
55;45;;DIM;100;82;2 Dimmer 00 (2)                     ;750.0;LEQUE PAREDES;PAREDE 5;294.12;24117.65;6.7
55;46;;DIM;100;82;2 Dimmer 00 (2)                     ;750.0;LEQUE PAREDES;PAREDE 6;294.12;24117.65;6.7
55;47;;DIM;100;82;2 Dimmer 00 (2)                     ;750.0;LEQUE PAREDES;PAREDE 7;294.12;24117.65;6.7
55;48;;DIM;0;82;2 Dimmer 00 (2)                     ;1000.0;LATERAIS RED;RED 1;0;0;0
55;49;;DIM;0;82;2 Dimmer 00 (2)                     ;1000.0;LATERAIS RED;RED 2;0;0;0
55;50;;DIM;0;82;2 Dimmer 00 (2)                     ;1000.0;LATERAIS RED;RED 3;0;0;0
55;51;;DIM;0;82;2 Dimmer 00 (2)                     ;1000.0;LATERAIS RED;RED 4;0;0;0
55;52;;DIM;0;82;2 Dimmer 00 (2)                     ;750.0;BANHEIRA;BANHEIRA FRT;0;0;0
55;53;;DIM;0;82;2 Dimmer 00 (2)                     ;750.0;BANHEIRA;BANHEIRA PIC.;0;0;0
55;54;;DIM;45.5;82;2 Dimmer 00 (2)                     ;750.0;BANHEIRA;BANHEIRA CRT;133.82;10973.53;3.05
55;55;;DIM;0;82;2 Dimmer 00 (2)                     ;1000.0;BANCOS;BANCO FR L;0;0;0
55;56;;DIM;0;82;2 Dimmer 00 (2)                     ;1000.0;BANCOS;BANCO CRT L;0;0;0
55;57;;DIM;0;82;2 Dimmer 00 (2)                     ;1000.0;BANCOS;BANCO FR R;0;0;0
55;58;;DIM;0;82;2 Dimmer 00 (2)                     ;1000.0;BANCOS;BANCO CRT R;0;0;0
55;59;;DIM;0;82;2 Dimmer 00 (2)                     ;750.0;CADEIRA COUMIER;COUMIER;0;0;0
55;60;;DIM;0;82;2 Dimmer 00 (2)                     ;750.0;GUILHOTINA;GUILHO PIC.;0;0;0
55;61;;DIM;0;82;2 Dimmer 00 (2)                     ;750.0;GUILHOTINA;GUILHO CRT;0;0;0
55;62;;DIM;0;82;2 Dimmer 00 (2)                     ;1000.0;CANTORES;CANTORES CRT;0;0;0
55;63;;DIM;0;82;2 Dimmer 00 (2)                     ;1000.0;PORTA;PORTA FR PICADO;0;0;0
55;64;;DIM;0;82;2 Dimmer 00 (2)                     ;1000.0;PORTA;PORTA CRT;0;0;0
55;73;;DIM;84;82;2 Dimmer 00 (2)                     ;750.0;PORTA;PORTA RÉGIE;247.06;20258.82;5.63
55;65;;DIM;0;82;2 Dimmer 00 (2)                     ;1000.0;MUSICOS;MUSICO FR;0;0;0
55;66;;DIM;0;82;2 Dimmer 00 (2)                     ;1000.0;MUSICOS;PAUTAS CRT;0;0;0
55;67;;DIM;0;82;2 Dimmer 00 (2)                     ;750.0;MUSICOS;KEYS;0;0;0
55;68;;DIM;6.5;82;2 Dimmer 00 (2)                     ;1000.0;ALCOVAS LAT.;DIR ALCOVA;25.49;2090.2;0.58
55;69;;DIM;25;82;2 Dimmer 00 (2)                     ;1000.0;ALCOVAS LAT.;BANHEIRA DIR;98.04;8039.22;2.23
55;70;;DIM;6.5;82;2 Dimmer 00 (2)                     ;750.0;ALCOVAS LAT.;ESQ ALCOVA;19.12;1567.65;0.44
55;71;;DIM;25;82;2 Dimmer 00 (2)                     ;750.0;ALCOVAS LAT.;BANHEIRA ESQ;73.53;6029.41;1.67
55;72;;DIM;0;82;2 Dimmer 00 (2)                     ;3000.0;FUMO;VAPOR;0;0;0
55;236;;DIM;0;82;2 Dimmer 00 (2)                     ;3000.0;FUMO;Fumo 1;0;0;0
55;237;;DIM;0;82;2 Dimmer 00 (2)                     ;100.0;FUMO;Fumo 2;0;0;0
55;238;;DIM;0;82;2 Dimmer 00 (2)                     ;3000.0;FUMO;Fumo 3;0;0;0
55;239;;DIM;0;82;2 Dimmer 00 (2)                     ;100.0;FUMO;Fumo 4;0;0;0
55;240;;DIM;0;82;2 Dimmer 00 (2)                     ;3000.0;FUMO;Fumo 5;0;0;0
55;231;;DIM;0;82;2 Dimmer 00 (2)                     ;3000.0;VENTOINHAS;FAN 1;0;0;0
55;241;;DIM;0;82;2 Dimmer 00 (2)                     ;3000.0;VENTOINHAS;FAN 2;0;0;0
55;232;;DIM;0;82;2 Dimmer 00 (2)                     ;1000.0;CODA PUB;PUB 1;0;0;0
55;233;;DIM;0;82;2 Dimmer 00 (2)                     ;1000.0;CODA PUB;PUB 2;0;0;0
55;234;;DIM;0;82;2 Dimmer 00 (2)                     ;1000.0;CODA PUB;PUB 3;0;0;0
55;235;;DIM;0;82;2 Dimmer 00 (2)                     ;1000.0;CODA PUB;PUB 4;0;0;0
55;1;;DIM;0;82;2 Dimmer 00 (2)                     ;2000.0;FRENTES;FT 1.1;0;0;0
55;2;;DIM;0;82;2 Dimmer 00 (2)                     ;2000.0;FRENTES;FT 1.2;0;0;0
55;3;;DIM;0;82;2 Dimmer 00 (2)                     ;2000.0;FRENTES;FT 1.3;0;0;0
55;4;;DIM;0;82;2 Dimmer 00 (2)                     ;2000.0;FRENTES;FT 1.4;0;0;0
55;5;;DIM;0;82;2 Dimmer 00 (2)                     ;2000.0;FRENTES;FT 1.5;0;0;0
55;6;;DIM;0;82;2 Dimmer 00 (2)                     ;2000.0;FRENTES;FT 2.1;0;0;0
55;7;;DIM;0;82;2 Dimmer 00 (2)                     ;2000.0;FRENTES;FT 2.2;0;0;0
55;8;;DIM;0;82;2 Dimmer 00 (2)                     ;2000.0;FRENTES;FT 2.3;0;0;0
55;9;;DIM;0;82;2 Dimmer 00 (2)                     ;2000.0;FRENTES;FT 2.4;0;0;0
55;10;;DIM;0;82;2 Dimmer 00 (2)                     ;2000.0;FRENTES;FT 2.5;0;0;0
55;11;;DIM;0;82;2 Dimmer 00 (2)                     ;1000.0;FRENTES;FT 201_3.1;0;0;0
55;12;;DIM;0;82;2 Dimmer 00 (2)                     ;1000.0;FRENTES;FT 201_3.2;0;0;0
55;13;;DIM;0;82;2 Dimmer 00 (2)                     ;1000.0;FRENTES;FT 201_3.3;0;0;0
55;14;;DIM;0;82;2 Dimmer 00 (2)                     ;1000.0;FRENTES;FT 201_3.4;0;0;0
55;15;;DIM;0;82;2 Dimmer 00 (2)                     ;1000.0;FRENTES;FT 201_3.5;0;0;0
55;16;;DIM;0;82;2 Dimmer 00 (2)                     ;1000.0;FRENTES;FT 201_4.1;0;0;0
55;17;;DIM;0;82;2 Dimmer 00 (2)                     ;1000.0;FRENTES;FT 201_4.2;0;0;0
55;18;;DIM;0;82;2 Dimmer 00 (2)                     ;1000.0;FRENTES;FT 201_4.3;0;0;0
55;19;;DIM;5.5;82;2 Dimmer 00 (2)                     ;1000.0;FRENTES;FT 115_3.1;21.57;1768.63;0.49
55;20;;DIM;5.5;82;2 Dimmer 00 (2)                     ;1000.0;FRENTES;FT 115_3.2;21.57;1768.63;0.49
55;21;;DIM;5.5;82;2 Dimmer 00 (2)                     ;1000.0;FRENTES;FT 115_3.3;21.57;1768.63;0.49
55;22;;DIM;5.5;82;2 Dimmer 00 (2)                     ;1000.0;FRENTES;FT 115_3.4;21.57;1768.63;0.49
55;23;;DIM;5.5;82;2 Dimmer 00 (2)                     ;1000.0;FRENTES;FT 115_3.5;21.57;1768.63;0.49
55;24;;DIM;5.5;82;2 Dimmer 00 (2)                     ;1000.0;FRENTES;FT 115_4.1;21.57;1768.63;0.49
55;25;;DIM;5.5;82;2 Dimmer 00 (2)                     ;1000.0;FRENTES;FT 115_4.2;21.57;1768.63;0.49
55;26;;DIM;5.5;82;2 Dimmer 00 (2)                     ;1000.0;FRENTES;FT 115_4.3;21.57;1768.63;0.49
55;27;;DIM;0;82;2 Dimmer 00 (2)                     ;1000.0;CONTRAS;CRT 201_1.1;0;0;0
55;28;;DIM;0;82;2 Dimmer 00 (2)                     ;1000.0;CONTRAS;CRT 201_1.2;0;0;0
55;29;;DIM;0;82;2 Dimmer 00 (2)                     ;1000.0;CONTRAS;CRT 201_1.3;0;0;0
55;30;;DIM;0;82;2 Dimmer 00 (2)                     ;1000.0;CONTRAS;CRT 201_1.4;0;0;0
55;31;;DIM;0;82;2 Dimmer 00 (2)                     ;1000.0;CONTRAS;CRT 201_2.1;0;0;0
55;32;;DIM;0;82;2 Dimmer 00 (2)                     ;1000.0;CONTRAS;CRT 201_2.2;0;0;0
55;33;;DIM;0;82;2 Dimmer 00 (2)                     ;1000.0;CONTRAS;CRT 201_2.3;0;0;0
55;34;;DIM;0;82;2 Dimmer 00 (2)                     ;1000.0;CONTRAS;CRT 115_1.1;0;0;0
55;35;;DIM;0;82;2 Dimmer 00 (2)                     ;1000.0;CONTRAS;CRT 115_1.2;0;0;0
55;36;;DIM;0;82;2 Dimmer 00 (2)                     ;1000.0;CONTRAS;CRT 115_1.3;0;0;0
55;37;;DIM;0;82;2 Dimmer 00 (2)                     ;1000.0;CONTRAS;CRT 115_1.4;0;0;0
55;38;;DIM;0;82;2 Dimmer 00 (2)                     ;1000.0;CONTRAS;CRT 115_2.1;0;0;0
55;39;;DIM;0;82;2 Dimmer 00 (2)                     ;1000.0;CONTRAS;CRT 115_2.2;0;0;0
55;40;;DIM;0;82;2 Dimmer 00 (2)                     ;1000.0;CONTRAS;CRT 115_2.3;0;0;0
55;41;;DIM;100;82;2 Dimmer 00 (2)                     ;750.0;LEQUE PAREDES;PAREDE 1;294.12;24117.65;6.7
55;42;;DIM;100;82;2 Dimmer 00 (2)                     ;750.0;LEQUE PAREDES;PAREDE 2;294.12;24117.65;6.7
55;43;;DIM;100;82;2 Dimmer 00 (2)                     ;750.0;LEQUE PAREDES;PAREDE 3;294.12;24117.65;6.7
55;44;;DIM;100;82;2 Dimmer 00 (2)                     ;750.0;LEQUE PAREDES;PAREDE 4;294.12;24117.65;6.7
55;45;;DIM;100;82;2 Dimmer 00 (2)                     ;750.0;LEQUE PAREDES;PAREDE 5;294.12;24117.65;6.7
55;46;;DIM;100;82;2 Dimmer 00 (2)                     ;750.0;LEQUE PAREDES;PAREDE 6;294.12;24117.65;6.7
55;47;;DIM;100;82;2 Dimmer 00 (2)                     ;750.0;LEQUE PAREDES;PAREDE 7;294.12;24117.65;6.7
55;48;;DIM;0;82;2 Dimmer 00 (2)                     ;1000.0;LATERAIS RED;RED 1;0;0;0
55;49;;DIM;0;82;2 Dimmer 00 (2)                     ;1000.0;LATERAIS RED;RED 2;0;0;0
55;50;;DIM;0;82;2 Dimmer 00 (2)                     ;1000.0;LATERAIS RED;RED 3;0;0;0
55;51;;DIM;0;82;2 Dimmer 00 (2)                     ;1000.0;LATERAIS RED;RED 4;0;0;0
55;52;;DIM;0;82;2 Dimmer 00 (2)                     ;750.0;BANHEIRA;BANHEIRA FRT;0;0;0
55;53;;DIM;0;82;2 Dimmer 00 (2)                     ;750.0;BANHEIRA;BANHEIRA PIC.;0;0;0
55;54;;DIM;0;82;2 Dimmer 00 (2)                     ;750.0;BANHEIRA;BANHEIRA CRT;0;0;0
55;55;;DIM;0;82;2 Dimmer 00 (2)                     ;1000.0;BANCOS;BANCO FR L;0;0;0
55;56;;DIM;0;82;2 Dimmer 00 (2)                     ;1000.0;BANCOS;BANCO CRT L;0;0;0
55;57;;DIM;0;82;2 Dimmer 00 (2)                     ;1000.0;BANCOS;BANCO FR R;0;0;0
55;58;;DIM;0;82;2 Dimmer 00 (2)                     ;1000.0;BANCOS;BANCO CRT R;0;0;0
55;59;;DIM;0;82;2 Dimmer 00 (2)                     ;750.0;CADEIRA COUMIER;COUMIER;0;0;0
55;60;;DIM;0;82;2 Dimmer 00 (2)                     ;750.0;GUILHOTINA;GUILHO PIC.;0;0;0
55;61;;DIM;0;82;2 Dimmer 00 (2)                     ;750.0;GUILHOTINA;GUILHO CRT;0;0;0
55;62;;DIM;0;82;2 Dimmer 00 (2)                     ;1000.0;CANTORES;CANTORES CRT;0;0;0
55;63;;DIM;0;82;2 Dimmer 00 (2)                     ;1000.0;PORTA;PORTA FR PICADO;0;0;0
55;64;;DIM;0;82;2 Dimmer 00 (2)                     ;1000.0;PORTA;PORTA CRT;0;0;0
55;73;;DIM;84;82;2 Dimmer 00 (2)                     ;750.0;PORTA;PORTA RÉGIE;247.06;20258.82;5.63
55;65;;DIM;0;82;2 Dimmer 00 (2)                     ;1000.0;MUSICOS;MUSICO FR;0;0;0
55;66;;DIM;0;82;2 Dimmer 00 (2)                     ;1000.0;MUSICOS;PAUTAS CRT;0;0;0
55;67;;DIM;0;82;2 Dimmer 00 (2)                     ;750.0;MUSICOS;KEYS;0;0;0
55;68;;DIM;6.5;82;2 Dimmer 00 (2)                     ;1000.0;ALCOVAS LAT.;DIR ALCOVA;25.49;2090.2;0.58
55;69;;DIM;0;82;2 Dimmer 00 (2)                     ;1000.0;ALCOVAS LAT.;BANHEIRA DIR;0;0;0
55;70;;DIM;6.5;82;2 Dimmer 00 (2)                     ;750.0;ALCOVAS LAT.;ESQ ALCOVA;19.12;1567.65;0.44
55;71;;DIM;0;82;2 Dimmer 00 (2)                     ;750.0;ALCOVAS LAT.;BANHEIRA ESQ;0;0;0
55;72;;DIM;0;82;2 Dimmer 00 (2)                     ;3000.0;FUMO;VAPOR;0;0;0
55;236;;DIM;0;82;2 Dimmer 00 (2)                     ;3000.0;FUMO;Fumo 1;0;0;0
55;237;;DIM;0;82;2 Dimmer 00 (2)                     ;100.0;FUMO;Fumo 2;0;0;0
55;238;;DIM;0;82;2 Dimmer 00 (2)                     ;3000.0;FUMO;Fumo 3;0;0;0
55;239;;DIM;0;82;2 Dimmer 00 (2)                     ;100.0;FUMO;Fumo 4;0;0;0
55;240;;DIM;0;82;2 Dimmer 00 (2)                     ;3000.0;FUMO;Fumo 5;0;0;0
55;231;;DIM;0;82;2 Dimmer 00 (2)                     ;3000.0;VENTOINHAS;FAN 1;0;0;0
55;241;;DIM;0;82;2 Dimmer 00 (2)                     ;3000.0;VENTOINHAS;FAN 2;0;0;0
55;232;;DIM;0;82;2 Dimmer 00 (2)                     ;1000.0;CODA PUB;PUB 1;0;0;0
55;233;;DIM;0;82;2 Dimmer 00 (2)                     ;1000.0;CODA PUB;PUB 2;0;0;0
55;234;;DIM;0;82;2 Dimmer 00 (2)                     ;1000.0;CODA PUB;PUB 3;0;0;0
55;235;;DIM;0;82;2 Dimmer 00 (2)                     ;1000.0;CODA PUB;PUB 4;0;0;0
56;1;;DIM;0;346;2 Dimmer 00 (2)                     ;2000.0;FRENTES;FT 1.1;0;0;0
56;2;;DIM;0;346;2 Dimmer 00 (2)                     ;2000.0;FRENTES;FT 1.2;0;0;0
56;3;;DIM;0;346;2 Dimmer 00 (2)                     ;2000.0;FRENTES;FT 1.3;0;0;0
56;4;;DIM;0;346;2 Dimmer 00 (2)                     ;2000.0;FRENTES;FT 1.4;0;0;0
56;5;;DIM;0;346;2 Dimmer 00 (2)                     ;2000.0;FRENTES;FT 1.5;0;0;0
56;6;;DIM;0;346;2 Dimmer 00 (2)                     ;2000.0;FRENTES;FT 2.1;0;0;0
56;7;;DIM;0;346;2 Dimmer 00 (2)                     ;2000.0;FRENTES;FT 2.2;0;0;0
56;8;;DIM;0;346;2 Dimmer 00 (2)                     ;2000.0;FRENTES;FT 2.3;0;0;0
56;9;;DIM;0;346;2 Dimmer 00 (2)                     ;2000.0;FRENTES;FT 2.4;0;0;0
56;10;;DIM;0;346;2 Dimmer 00 (2)                     ;2000.0;FRENTES;FT 2.5;0;0;0
56;11;;DIM;0;346;2 Dimmer 00 (2)                     ;1000.0;FRENTES;FT 201_3.1;0;0;0
56;12;;DIM;0;346;2 Dimmer 00 (2)                     ;1000.0;FRENTES;FT 201_3.2;0;0;0
56;13;;DIM;0;346;2 Dimmer 00 (2)                     ;1000.0;FRENTES;FT 201_3.3;0;0;0
56;14;;DIM;0;346;2 Dimmer 00 (2)                     ;1000.0;FRENTES;FT 201_3.4;0;0;0
56;15;;DIM;0;346;2 Dimmer 00 (2)                     ;1000.0;FRENTES;FT 201_3.5;0;0;0
56;16;;DIM;0;346;2 Dimmer 00 (2)                     ;1000.0;FRENTES;FT 201_4.1;0;0;0
56;17;;DIM;0;346;2 Dimmer 00 (2)                     ;1000.0;FRENTES;FT 201_4.2;0;0;0
56;18;;DIM;0;346;2 Dimmer 00 (2)                     ;1000.0;FRENTES;FT 201_4.3;0;0;0
56;19;;DIM;0;346;2 Dimmer 00 (2)                     ;1000.0;FRENTES;FT 115_3.1;0;0;0
56;20;;DIM;0;346;2 Dimmer 00 (2)                     ;1000.0;FRENTES;FT 115_3.2;0;0;0
56;21;;DIM;0;346;2 Dimmer 00 (2)                     ;1000.0;FRENTES;FT 115_3.3;0;0;0
56;22;;DIM;0;346;2 Dimmer 00 (2)                     ;1000.0;FRENTES;FT 115_3.4;0;0;0
56;23;;DIM;0;346;2 Dimmer 00 (2)                     ;1000.0;FRENTES;FT 115_3.5;0;0;0
56;24;;DIM;0;346;2 Dimmer 00 (2)                     ;1000.0;FRENTES;FT 115_4.1;0;0;0
56;25;;DIM;0;346;2 Dimmer 00 (2)                     ;1000.0;FRENTES;FT 115_4.2;0;0;0
56;26;;DIM;0;346;2 Dimmer 00 (2)                     ;1000.0;FRENTES;FT 115_4.3;0;0;0
56;27;;DIM;0;346;2 Dimmer 00 (2)                     ;1000.0;CONTRAS;CRT 201_1.1;0;0;0
56;28;;DIM;0;346;2 Dimmer 00 (2)                     ;1000.0;CONTRAS;CRT 201_1.2;0;0;0
56;29;;DIM;0;346;2 Dimmer 00 (2)                     ;1000.0;CONTRAS;CRT 201_1.3;0;0;0
56;30;;DIM;0;346;2 Dimmer 00 (2)                     ;1000.0;CONTRAS;CRT 201_1.4;0;0;0
56;31;;DIM;0;346;2 Dimmer 00 (2)                     ;1000.0;CONTRAS;CRT 201_2.1;0;0;0
56;32;;DIM;0;346;2 Dimmer 00 (2)                     ;1000.0;CONTRAS;CRT 201_2.2;0;0;0
56;33;;DIM;0;346;2 Dimmer 00 (2)                     ;1000.0;CONTRAS;CRT 201_2.3;0;0;0
56;34;;DIM;0;346;2 Dimmer 00 (2)                     ;1000.0;CONTRAS;CRT 115_1.1;0;0;0
56;35;;DIM;0;346;2 Dimmer 00 (2)                     ;1000.0;CONTRAS;CRT 115_1.2;0;0;0
56;36;;DIM;0;346;2 Dimmer 00 (2)                     ;1000.0;CONTRAS;CRT 115_1.3;0;0;0
56;37;;DIM;0;346;2 Dimmer 00 (2)                     ;1000.0;CONTRAS;CRT 115_1.4;0;0;0
56;38;;DIM;0;346;2 Dimmer 00 (2)                     ;1000.0;CONTRAS;CRT 115_2.1;0;0;0
56;39;;DIM;0;346;2 Dimmer 00 (2)                     ;1000.0;CONTRAS;CRT 115_2.2;0;0;0
56;40;;DIM;0;346;2 Dimmer 00 (2)                     ;1000.0;CONTRAS;CRT 115_2.3;0;0;0
56;41;;DIM;0;346;2 Dimmer 00 (2)                     ;750.0;LEQUE PAREDES;PAREDE 1;0;0;0
56;42;;DIM;0;346;2 Dimmer 00 (2)                     ;750.0;LEQUE PAREDES;PAREDE 2;0;0;0
56;43;;DIM;0;346;2 Dimmer 00 (2)                     ;750.0;LEQUE PAREDES;PAREDE 3;0;0;0
56;44;;DIM;0;346;2 Dimmer 00 (2)                     ;750.0;LEQUE PAREDES;PAREDE 4;0;0;0
56;45;;DIM;0;346;2 Dimmer 00 (2)                     ;750.0;LEQUE PAREDES;PAREDE 5;0;0;0
56;46;;DIM;0;346;2 Dimmer 00 (2)                     ;750.0;LEQUE PAREDES;PAREDE 6;0;0;0
56;47;;DIM;0;346;2 Dimmer 00 (2)                     ;750.0;LEQUE PAREDES;PAREDE 7;0;0;0
56;48;;DIM;0;346;2 Dimmer 00 (2)                     ;1000.0;LATERAIS RED;RED 1;0;0;0
56;49;;DIM;0;346;2 Dimmer 00 (2)                     ;1000.0;LATERAIS RED;RED 2;0;0;0
56;50;;DIM;0;346;2 Dimmer 00 (2)                     ;1000.0;LATERAIS RED;RED 3;0;0;0
56;51;;DIM;0;346;2 Dimmer 00 (2)                     ;1000.0;LATERAIS RED;RED 4;0;0;0
56;52;;DIM;0;346;2 Dimmer 00 (2)                     ;750.0;BANHEIRA;BANHEIRA FRT;0;0;0
56;53;;DIM;0;346;2 Dimmer 00 (2)                     ;750.0;BANHEIRA;BANHEIRA PIC.;0;0;0
56;54;;DIM;0;346;2 Dimmer 00 (2)                     ;750.0;BANHEIRA;BANHEIRA CRT;0;0;0
56;55;;DIM;0;346;2 Dimmer 00 (2)                     ;1000.0;BANCOS;BANCO FR L;0;0;0
56;56;;DIM;0;346;2 Dimmer 00 (2)                     ;1000.0;BANCOS;BANCO CRT L;0;0;0
56;57;;DIM;0;346;2 Dimmer 00 (2)                     ;1000.0;BANCOS;BANCO FR R;0;0;0
56;58;;DIM;0;346;2 Dimmer 00 (2)                     ;1000.0;BANCOS;BANCO CRT R;0;0;0
56;59;;DIM;0;346;2 Dimmer 00 (2)                     ;750.0;CADEIRA COUMIER;COUMIER;0;0;0
56;60;;DIM;0;346;2 Dimmer 00 (2)                     ;750.0;GUILHOTINA;GUILHO PIC.;0;0;0
56;61;;DIM;0;346;2 Dimmer 00 (2)                     ;750.0;GUILHOTINA;GUILHO CRT;0;0;0
56;62;;DIM;0;346;2 Dimmer 00 (2)                     ;1000.0;CANTORES;CANTORES CRT;0;0;0
56;63;;DIM;0;346;2 Dimmer 00 (2)                     ;1000.0;PORTA;PORTA FR PICADO;0;0;0
56;64;;DIM;0;346;2 Dimmer 00 (2)                     ;1000.0;PORTA;PORTA CRT;0;0;0
56;73;;DIM;0;346;2 Dimmer 00 (2)                     ;750.0;PORTA;PORTA RÉGIE;0;0;0
56;65;;DIM;0;346;2 Dimmer 00 (2)                     ;1000.0;MUSICOS;MUSICO FR;0;0;0
56;66;;DIM;0;346;2 Dimmer 00 (2)                     ;1000.0;MUSICOS;PAUTAS CRT;0;0;0
56;67;;DIM;0;346;2 Dimmer 00 (2)                     ;750.0;MUSICOS;KEYS;0;0;0
56;68;;DIM;0;346;2 Dimmer 00 (2)                     ;1000.0;ALCOVAS LAT.;DIR ALCOVA;0;0;0
56;69;;DIM;0;346;2 Dimmer 00 (2)                     ;1000.0;ALCOVAS LAT.;BANHEIRA DIR;0;0;0
56;70;;DIM;0;346;2 Dimmer 00 (2)                     ;750.0;ALCOVAS LAT.;ESQ ALCOVA;0;0;0
56;71;;DIM;0;346;2 Dimmer 00 (2)                     ;750.0;ALCOVAS LAT.;BANHEIRA ESQ;0;0;0
56;72;;DIM;0;346;2 Dimmer 00 (2)                     ;3000.0;FUMO;VAPOR;0;0;0
56;231;;DIM;0;346;2 Dimmer 00 (2)                     ;3000.0;VENTOINHAS;FAN 1;0;0;0
56;232;;DIM;0;346;2 Dimmer 00 (2)                     ;1000.0;CODA PUB;PUB 1;0;0;0
56;233;;DIM;0;346;2 Dimmer 00 (2)                     ;1000.0;CODA PUB;PUB 2;0;0;0
56;234;;DIM;0;346;2 Dimmer 00 (2)                     ;1000.0;CODA PUB;PUB 3;0;0;0
56;235;;DIM;0;346;2 Dimmer 00 (2)                     ;1000.0;CODA PUB;PUB 4;0;0;0
57;1;;DIM;0;285;2 Dimmer 00 (2)                     ;2000.0;FRENTES;FT 1.1;0;0;0
57;2;;DIM;0;285;2 Dimmer 00 (2)                     ;2000.0;FRENTES;FT 1.2;0;0;0
57;3;;DIM;0;285;2 Dimmer 00 (2)                     ;2000.0;FRENTES;FT 1.3;0;0;0
57;4;;DIM;0;285;2 Dimmer 00 (2)                     ;2000.0;FRENTES;FT 1.4;0;0;0
57;5;;DIM;0;285;2 Dimmer 00 (2)                     ;2000.0;FRENTES;FT 1.5;0;0;0
57;6;;DIM;0;285;2 Dimmer 00 (2)                     ;2000.0;FRENTES;FT 2.1;0;0;0
57;7;;DIM;0;285;2 Dimmer 00 (2)                     ;2000.0;FRENTES;FT 2.2;0;0;0
57;8;;DIM;0;285;2 Dimmer 00 (2)                     ;2000.0;FRENTES;FT 2.3;0;0;0
57;9;;DIM;0;285;2 Dimmer 00 (2)                     ;2000.0;FRENTES;FT 2.4;0;0;0
57;10;;DIM;0;285;2 Dimmer 00 (2)                     ;2000.0;FRENTES;FT 2.5;0;0;0
57;11;;DIM;0;285;2 Dimmer 00 (2)                     ;1000.0;FRENTES;FT 201_3.1;0;0;0
57;12;;DIM;0;285;2 Dimmer 00 (2)                     ;1000.0;FRENTES;FT 201_3.2;0;0;0
57;13;;DIM;0;285;2 Dimmer 00 (2)                     ;1000.0;FRENTES;FT 201_3.3;0;0;0
57;14;;DIM;0;285;2 Dimmer 00 (2)                     ;1000.0;FRENTES;FT 201_3.4;0;0;0
57;15;;DIM;0;285;2 Dimmer 00 (2)                     ;1000.0;FRENTES;FT 201_3.5;0;0;0
57;16;;DIM;0;285;2 Dimmer 00 (2)                     ;1000.0;FRENTES;FT 201_4.1;0;0;0
57;17;;DIM;0;285;2 Dimmer 00 (2)                     ;1000.0;FRENTES;FT 201_4.2;0;0;0
57;18;;DIM;0;285;2 Dimmer 00 (2)                     ;1000.0;FRENTES;FT 201_4.3;0;0;0
57;19;;DIM;20;285;2 Dimmer 00 (2)                     ;1000.0;FRENTES;FT 115_3.1;78.43;22352.94;6.21
57;20;;DIM;20;285;2 Dimmer 00 (2)                     ;1000.0;FRENTES;FT 115_3.2;78.43;22352.94;6.21
57;21;;DIM;20;285;2 Dimmer 00 (2)                     ;1000.0;FRENTES;FT 115_3.3;78.43;22352.94;6.21
57;22;;DIM;20;285;2 Dimmer 00 (2)                     ;1000.0;FRENTES;FT 115_3.4;78.43;22352.94;6.21
57;23;;DIM;20;285;2 Dimmer 00 (2)                     ;1000.0;FRENTES;FT 115_3.5;78.43;22352.94;6.21
57;24;;DIM;20;285;2 Dimmer 00 (2)                     ;1000.0;FRENTES;FT 115_4.1;78.43;22352.94;6.21
57;25;;DIM;20;285;2 Dimmer 00 (2)                     ;1000.0;FRENTES;FT 115_4.2;78.43;22352.94;6.21
57;26;;DIM;20;285;2 Dimmer 00 (2)                     ;1000.0;FRENTES;FT 115_4.3;78.43;22352.94;6.21
57;27;;DIM;0;285;2 Dimmer 00 (2)                     ;1000.0;CONTRAS;CRT 201_1.1;0;0;0
57;28;;DIM;0;285;2 Dimmer 00 (2)                     ;1000.0;CONTRAS;CRT 201_1.2;0;0;0
57;29;;DIM;0;285;2 Dimmer 00 (2)                     ;1000.0;CONTRAS;CRT 201_1.3;0;0;0
57;30;;DIM;0;285;2 Dimmer 00 (2)                     ;1000.0;CONTRAS;CRT 201_1.4;0;0;0
57;31;;DIM;0;285;2 Dimmer 00 (2)                     ;1000.0;CONTRAS;CRT 201_2.1;0;0;0
57;32;;DIM;0;285;2 Dimmer 00 (2)                     ;1000.0;CONTRAS;CRT 201_2.2;0;0;0
57;33;;DIM;0;285;2 Dimmer 00 (2)                     ;1000.0;CONTRAS;CRT 201_2.3;0;0;0
57;34;;DIM;35.5;285;2 Dimmer 00 (2)                     ;1000.0;CONTRAS;CRT 115_1.1;139.22;39676.47;11.02
57;35;;DIM;35.5;285;2 Dimmer 00 (2)                     ;1000.0;CONTRAS;CRT 115_1.2;139.22;39676.47;11.02
57;36;;DIM;35.5;285;2 Dimmer 00 (2)                     ;1000.0;CONTRAS;CRT 115_1.3;139.22;39676.47;11.02
57;37;;DIM;35.5;285;2 Dimmer 00 (2)                     ;1000.0;CONTRAS;CRT 115_1.4;139.22;39676.47;11.02
57;38;;DIM;35.5;285;2 Dimmer 00 (2)                     ;1000.0;CONTRAS;CRT 115_2.1;139.22;39676.47;11.02
57;39;;DIM;35.5;285;2 Dimmer 00 (2)                     ;1000.0;CONTRAS;CRT 115_2.2;139.22;39676.47;11.02
57;40;;DIM;35.5;285;2 Dimmer 00 (2)                     ;1000.0;CONTRAS;CRT 115_2.3;139.22;39676.47;11.02
57;41;;DIM;50;285;2 Dimmer 00 (2)                     ;750.0;LEQUE PAREDES;PAREDE 1;147.06;41911.76;11.64
57;42;;DIM;50;285;2 Dimmer 00 (2)                     ;750.0;LEQUE PAREDES;PAREDE 2;147.06;41911.76;11.64
57;43;;DIM;50;285;2 Dimmer 00 (2)                     ;750.0;LEQUE PAREDES;PAREDE 3;147.06;41911.76;11.64
57;44;;DIM;50;285;2 Dimmer 00 (2)                     ;750.0;LEQUE PAREDES;PAREDE 4;147.06;41911.76;11.64
57;45;;DIM;50;285;2 Dimmer 00 (2)                     ;750.0;LEQUE PAREDES;PAREDE 5;147.06;41911.76;11.64
57;46;;DIM;50;285;2 Dimmer 00 (2)                     ;750.0;LEQUE PAREDES;PAREDE 6;147.06;41911.76;11.64
57;47;;DIM;50;285;2 Dimmer 00 (2)                     ;750.0;LEQUE PAREDES;PAREDE 7;147.06;41911.76;11.64
57;48;;DIM;0;285;2 Dimmer 00 (2)                     ;1000.0;LATERAIS RED;RED 1;0;0;0
57;49;;DIM;0;285;2 Dimmer 00 (2)                     ;1000.0;LATERAIS RED;RED 2;0;0;0
57;50;;DIM;0;285;2 Dimmer 00 (2)                     ;1000.0;LATERAIS RED;RED 3;0;0;0
57;51;;DIM;0;285;2 Dimmer 00 (2)                     ;1000.0;LATERAIS RED;RED 4;0;0;0
57;52;;DIM;0;285;2 Dimmer 00 (2)                     ;750.0;BANHEIRA;BANHEIRA FRT;0;0;0
57;53;;DIM;0;285;2 Dimmer 00 (2)                     ;750.0;BANHEIRA;BANHEIRA PIC.;0;0;0
57;54;;DIM;0;285;2 Dimmer 00 (2)                     ;750.0;BANHEIRA;BANHEIRA CRT;0;0;0
57;55;;DIM;0;285;2 Dimmer 00 (2)                     ;1000.0;BANCOS;BANCO FR L;0;0;0
57;56;;DIM;0;285;2 Dimmer 00 (2)                     ;1000.0;BANCOS;BANCO CRT L;0;0;0
57;57;;DIM;0;285;2 Dimmer 00 (2)                     ;1000.0;BANCOS;BANCO FR R;0;0;0
57;58;;DIM;0;285;2 Dimmer 00 (2)                     ;1000.0;BANCOS;BANCO CRT R;0;0;0
57;59;;DIM;0;285;2 Dimmer 00 (2)                     ;750.0;CADEIRA COUMIER;COUMIER;0;0;0
57;60;;DIM;0;285;2 Dimmer 00 (2)                     ;750.0;GUILHOTINA;GUILHO PIC.;0;0;0
57;61;;DIM;0;285;2 Dimmer 00 (2)                     ;750.0;GUILHOTINA;GUILHO CRT;0;0;0
57;62;;DIM;0;285;2 Dimmer 00 (2)                     ;1000.0;CANTORES;CANTORES CRT;0;0;0
57;63;;DIM;0;285;2 Dimmer 00 (2)                     ;1000.0;PORTA;PORTA FR PICADO;0;0;0
57;64;;DIM;0;285;2 Dimmer 00 (2)                     ;1000.0;PORTA;PORTA CRT;0;0;0
57;73;;DIM;0;285;2 Dimmer 00 (2)                     ;750.0;PORTA;PORTA RÉGIE;0;0;0
57;65;;DIM;0;285;2 Dimmer 00 (2)                     ;1000.0;MUSICOS;MUSICO FR;0;0;0
57;66;;DIM;0;285;2 Dimmer 00 (2)                     ;1000.0;MUSICOS;PAUTAS CRT;0;0;0
57;67;;DIM;0;285;2 Dimmer 00 (2)                     ;750.0;MUSICOS;KEYS;0;0;0
57;68;;DIM;0;285;2 Dimmer 00 (2)                     ;1000.0;ALCOVAS LAT.;DIR ALCOVA;0;0;0
57;69;;DIM;0;285;2 Dimmer 00 (2)                     ;1000.0;ALCOVAS LAT.;BANHEIRA DIR;0;0;0
57;70;;DIM;0;285;2 Dimmer 00 (2)                     ;750.0;ALCOVAS LAT.;ESQ ALCOVA;0;0;0
57;71;;DIM;0;285;2 Dimmer 00 (2)                     ;750.0;ALCOVAS LAT.;BANHEIRA ESQ;0;0;0
57;72;;DIM;0;285;2 Dimmer 00 (2)                     ;3000.0;FUMO;VAPOR;0;0;0
57;231;;DIM;0;285;2 Dimmer 00 (2)                     ;3000.0;VENTOINHAS;FAN 1;0;0;0
57;232;;DIM;50;285;2 Dimmer 00 (2)                     ;1000.0;CODA PUB;PUB 1;196.08;55882.35;15.52
57;233;;DIM;50;285;2 Dimmer 00 (2)                     ;1000.0;CODA PUB;PUB 2;196.08;55882.35;15.52
57;234;;DIM;50;285;2 Dimmer 00 (2)                     ;1000.0;CODA PUB;PUB 3;196.08;55882.35;15.52
57;235;;DIM;50;285;2 Dimmer 00 (2)                     ;1000.0;CODA PUB;PUB 4;196.08;55882.35;15.52
58;19;;DIM;40;225;2 Dimmer 00 (2)                     ;1000.0;FRENTES;FT 115_3.1;156.86;35294.12;9.8
58;20;;DIM;40;225;2 Dimmer 00 (2)                     ;1000.0;FRENTES;FT 115_3.2;156.86;35294.12;9.8
58;21;;DIM;40;225;2 Dimmer 00 (2)                     ;1000.0;FRENTES;FT 115_3.3;156.86;35294.12;9.8
58;22;;DIM;40;225;2 Dimmer 00 (2)                     ;1000.0;FRENTES;FT 115_3.4;156.86;35294.12;9.8
58;23;;DIM;40;225;2 Dimmer 00 (2)                     ;1000.0;FRENTES;FT 115_3.5;156.86;35294.12;9.8
58;24;;DIM;40;225;2 Dimmer 00 (2)                     ;1000.0;FRENTES;FT 115_4.1;156.86;35294.12;9.8
58;25;;DIM;40;225;2 Dimmer 00 (2)                     ;1000.0;FRENTES;FT 115_4.2;156.86;35294.12;9.8
58;26;;DIM;40;225;2 Dimmer 00 (2)                     ;1000.0;FRENTES;FT 115_4.3;156.86;35294.12;9.8
58;232;;DIM;70;225;2 Dimmer 00 (2)                     ;1000.0;CODA PUB;PUB 1;274.51;61764.71;17.16
58;233;;DIM;70;225;2 Dimmer 00 (2)                     ;1000.0;CODA PUB;PUB 2;274.51;61764.71;17.16
58;234;;DIM;70;225;2 Dimmer 00 (2)                     ;1000.0;CODA PUB;PUB 3;274.51;61764.71;17.16
58;235;;DIM;70;225;2 Dimmer 00 (2)                     ;1000.0;CODA PUB;PUB 4;274.51;61764.71;17.16
