CueNumber;ChannelID;FixtureID;AttributeName;Value;betweenCuesTime;FixtureType;MaxPower;Layer;Name;PowerUsed;Energy_J;Energy_Wh
1;1;;DIM;30;363;2 Dimmer 00 (2)                     ;2000.0;FRENTE;FT 1.1;235.2941176471;85411.7647058823;23.7254901961
1;2;;DIM;30;363;2 Dimmer 00 (2)                     ;2000.0;FRENTE;FT 1.2;235.2941176471;85411.7647058823;23.7254901961
1;3;;DIM;30;363;2 Dimmer 00 (2)                     ;2000.0;FRENTE;FT 1.3;235.2941176471;85411.7647058823;23.7254901961
1;4;;DIM;30;363;2 Dimmer 00 (2)                     ;2000.0;FRENTE;FT 1.4;235.2941176471;85411.7647058823;23.7254901961
1;5;;DIM;30;363;2 Dimmer 00 (2)                     ;2000.0;FRENTE;FT 1.5;235.2941176471;85411.7647058823;23.7254901961
1;6;;DIM;30;363;2 Dimmer 00 (2)                     ;2000.0;FRENTE;FT 2.1;235.2941176471;85411.7647058823;23.7254901961
1;7;;DIM;30;363;2 Dimmer 00 (2)                     ;2000.0;FRENTE;FT 2.2;235.2941176471;85411.7647058823;23.7254901961
1;8;;DIM;30;363;2 Dimmer 00 (2)                     ;2000.0;FRENTE;FT 2.3;235.2941176471;85411.7647058823;23.7254901961
1;9;;DIM;30;363;2 Dimmer 00 (2)                     ;2000.0;FRENTE;FT 2.4;235.2941176471;85411.7647058823;23.7254901961
1;10;;DIM;30;363;2 Dimmer 00 (2)                     ;2000.0;FRENTE;FT 2.5;235.2941176471;85411.7647058823;23.7254901961
1;11;;DIM;30;363;2 Dimmer 00 (2)                     ;1000.0;FRENTE;FT 201_3.1;117.6470588235;42705.8823529412;11.862745098
1;12;;DIM;30;363;2 Dimmer 00 (2)                     ;1000.0;FRENTE;FT 201_3.2;117.6470588235;42705.8823529412;11.862745098
1;13;;DIM;30;363;2 Dimmer 00 (2)                     ;1000.0;FRENTE;FT 201_3.3;117.6470588235;42705.8823529412;11.862745098
1;14;;DIM;30;363;2 Dimmer 00 (2)                     ;1000.0;FRENTE;FT 201_3.4;117.6470588235;42705.8823529412;11.862745098
1;15;;DIM;30;363;2 Dimmer 00 (2)                     ;1000.0;FRENTE;FT 201_3.5;117.6470588235;42705.8823529412;11.862745098
1;16;;DIM;30;363;2 Dimmer 00 (2)                     ;1000.0;FRENTE;FT 201_4.1;117.6470588235;42705.8823529412;11.862745098
1;17;;DIM;30;363;2 Dimmer 00 (2)                     ;1000.0;FRENTE;FT 201_4.2;117.6470588235;42705.8823529412;11.862745098
1;18;;DIM;30;363;2 Dimmer 00 (2)                     ;1000.0;FRENTE;FT 201_4.3;117.6470588235;42705.8823529412;11.862745098
1;19;;DIM;30;363;2 Dimmer 00 (2)                     ;1000.0;FRENTE;FT 115_3.1;117.6470588235;42705.8823529412;11.862745098
1;20;;DIM;30;363;2 Dimmer 00 (2)                     ;1000.0;FRENTE;FT 115_3.2;117.6470588235;42705.8823529412;11.862745098
1;21;;DIM;30;363;2 Dimmer 00 (2)                     ;1000.0;FRENTE;FT 115_3.3;117.6470588235;42705.8823529412;11.862745098
1;22;;DIM;30;363;2 Dimmer 00 (2)                     ;1000.0;FRENTE;FT 115_3.4;117.6470588235;42705.8823529412;11.862745098
1;23;;DIM;30;363;2 Dimmer 00 (2)                     ;1000.0;FRENTE;FT 115_3.5;117.6470588235;42705.8823529412;11.862745098
1;24;;DIM;30;363;2 Dimmer 00 (2)                     ;1000.0;FRENTE;FT 115_4.1;117.6470588235;42705.8823529412;11.862745098
1;25;;DIM;30;363;2 Dimmer 00 (2)                     ;1000.0;FRENTE;FT 115_4.2;117.6470588235;42705.8823529412;11.862745098
1;26;;DIM;30;363;2 Dimmer 00 (2)                     ;1000.0;FRENTE;FT 115_4.3;117.6470588235;42705.8823529412;11.862745098
1;27;;DIM;30;363;2 Dimmer 00 (2)                     ;1000.0;CONTRA;CRT 201_1.1;117.6470588235;42705.8823529412;11.862745098
1;28;;DIM;30;363;2 Dimmer 00 (2)                     ;1000.0;CONTRA;CRT 201_1.2;117.6470588235;42705.8823529412;11.862745098
1;29;;DIM;30;363;2 Dimmer 00 (2)                     ;1000.0;CONTRA;CRT 201_1.3;117.6470588235;42705.8823529412;11.862745098
1;30;;DIM;30;363;2 Dimmer 00 (2)                     ;1000.0;CONTRA;CRT 201_1.4;117.6470588235;42705.8823529412;11.862745098
1;31;;DIM;30;363;2 Dimmer 00 (2)                     ;1000.0;CONTRA;CRT 201_2.1;117.6470588235;42705.8823529412;11.862745098
1;32;;DIM;30;363;2 Dimmer 00 (2)                     ;1000.0;CONTRA;CRT 201_2.2;117.6470588235;42705.8823529412;11.862745098
1;33;;DIM;30;363;2 Dimmer 00 (2)                     ;1000.0;CONTRA;CRT 201_2.3;117.6470588235;42705.8823529412;11.862745098
1;34;;DIM;30;363;2 Dimmer 00 (2)                     ;1000.0;CONTRA;CRT 115_1.1;117.6470588235;42705.8823529412;11.862745098
1;35;;DIM;30;363;2 Dimmer 00 (2)                     ;1000.0;CONTRA;CRT 115_1.2;117.6470588235;42705.8823529412;11.862745098
1;36;;DIM;30;363;2 Dimmer 00 (2)                     ;1000.0;CONTRA;CRT 115_1.3;117.6470588235;42705.8823529412;11.862745098
1;37;;DIM;30;363;2 Dimmer 00 (2)                     ;1000.0;CONTRA;CRT 115_1.4;117.6470588235;42705.8823529412;11.862745098
1;38;;DIM;30;363;2 Dimmer 00 (2)                     ;1000.0;CONTRA;CRT 115_2.1;117.6470588235;42705.8823529412;11.862745098
1;39;;DIM;30;363;2 Dimmer 00 (2)                     ;1000.0;CONTRA;CRT 115_2.2;117.6470588235;42705.8823529412;11.862745098
1;40;;DIM;30;363;2 Dimmer 00 (2)                     ;1000.0;CONTRA;CRT 115_2.3;117.6470588235;42705.8823529412;11.862745098
1;41;;DIM;30;363;2 Dimmer 00 (2)                     ;750.0;LEQUE ;PAREDE 1;88.2352941176;32029.4117647059;8.8970588235
1;42;;DIM;30;363;2 Dimmer 00 (2)                     ;750.0;LEQUE ;PAREDE 2;88.2352941176;32029.4117647059;8.8970588235
1;43;;DIM;30;363;2 Dimmer 00 (2)                     ;750.0;LEQUE ;PAREDE 3;88.2352941176;32029.4117647059;8.8970588235
1;44;;DIM;30;363;2 Dimmer 00 (2)                     ;750.0;LEQUE ;PAREDE 4;88.2352941176;32029.4117647059;8.8970588235
1;45;;DIM;30;363;2 Dimmer 00 (2)                     ;750.0;LEQUE ;PAREDE 5;88.2352941176;32029.4117647059;8.8970588235
1;46;;DIM;30;363;2 Dimmer 00 (2)                     ;750.0;LEQUE ;PAREDE 6;88.2352941176;32029.4117647059;8.8970588235
1;47;;DIM;30;363;2 Dimmer 00 (2)                     ;750.0;LEQUE ;PAREDE 7;88.2352941176;32029.4117647059;8.8970588235
1;48;;DIM;30;363;2 Dimmer 00 (2)                     ;1000.0;LATERA;RED 1;117.6470588235;42705.8823529412;11.862745098
1;49;;DIM;30;363;2 Dimmer 00 (2)                     ;1000.0;LATERA;RED 2;117.6470588235;42705.8823529412;11.862745098
1;50;;DIM;30;363;2 Dimmer 00 (2)                     ;1000.0;LATERA;RED 3;117.6470588235;42705.8823529412;11.862745098
1;51;;DIM;30;363;2 Dimmer 00 (2)                     ;1000.0;LATERA;RED 4;117.6470588235;42705.8823529412;11.862745098
1;52;;DIM;30;363;2 Dimmer 00 (2)                     ;750.0;BANHEI;BANHEIRA FRT;88.2352941176;32029.4117647059;8.8970588235
1;53;;DIM;30;363;2 Dimmer 00 (2)                     ;750.0;BANHEI;BANHEIRA PIC.;88.2352941176;32029.4117647059;8.8970588235
1;54;;DIM;30;363;2 Dimmer 00 (2)                     ;750.0;BANHEI;BANHEIRA CRT;88.2352941176;32029.4117647059;8.8970588235
1;55;;DIM;30;363;2 Dimmer 00 (2)                     ;1000.0;BANCOS;BANCO FR L;117.6470588235;42705.8823529412;11.862745098
1;56;;DIM;30;363;2 Dimmer 00 (2)                     ;1000.0;BANCOS;BANCO CRT L;117.6470588235;42705.8823529412;11.862745098
1;57;;DIM;30;363;2 Dimmer 00 (2)                     ;1000.0;BANCOS;BANCO FR R;117.6470588235;42705.8823529412;11.862745098
1;58;;DIM;30;363;2 Dimmer 00 (2)                     ;1000.0;BANCOS;BANCO CRT R;117.6470588235;42705.8823529412;11.862745098
1;59;;DIM;30;363;2 Dimmer 00 (2)                     ;750.0;CADEIR;COUMIER;88.2352941176;32029.4117647059;8.8970588235
1;60;;DIM;30;363;2 Dimmer 00 (2)                     ;750.0;GUILHO;GUILHO PIC.;88.2352941176;32029.4117647059;8.8970588235
1;61;;DIM;30;363;2 Dimmer 00 (2)                     ;750.0;GUILHO;GUILHO CRT;88.2352941176;32029.4117647059;8.8970588235
1;62;;DIM;30;363;2 Dimmer 00 (2)                     ;1000.0;CANTOR;CANTORES CRT;117.6470588235;42705.8823529412;11.862745098
1;63;;DIM;30;363;2 Dimmer 00 (2)                     ;1000.0;PORTA ;PORTA FR PICADO;117.6470588235;42705.8823529412;11.862745098
1;64;;DIM;30;363;2 Dimmer 00 (2)                     ;1000.0;PORTA ;PORTA CRT;117.6470588235;42705.8823529412;11.862745098
1;73;;DIM;30;363;2 Dimmer 00 (2)                     ;750.0;PORTA ;PORTA RÉGIE;88.2352941176;32029.4117647059;8.8970588235
1;65;;DIM;30;363;2 Dimmer 00 (2)                     ;1000.0;MUSICO;MUSICO FR;117.6470588235;42705.8823529412;11.862745098
1;66;;DIM;30;363;2 Dimmer 00 (2)                     ;1000.0;MUSICO;PAUTAS CRT;117.6470588235;42705.8823529412;11.862745098
1;67;;DIM;30;363;2 Dimmer 00 (2)                     ;750.0;MUSICO;KEYS;88.2352941176;32029.4117647059;8.8970588235
1;68;;DIM;30;363;2 Dimmer 00 (2)                     ;1000.0;ALCOVA;DIR ALCOVA;117.6470588235;42705.8823529412;11.862745098
1;69;;DIM;30;363;2 Dimmer 00 (2)                     ;1000.0;ALCOVA;BANHEIRA DIR;117.6470588235;42705.8823529412;11.862745098
1;70;;DIM;30;363;2 Dimmer 00 (2)                     ;750.0;ALCOVA;ESQ ALCOVA;88.2352941176;32029.4117647059;8.8970588235
1;71;;DIM;30;363;2 Dimmer 00 (2)                     ;750.0;ALCOVA;BANHEIRA ESQ;88.2352941176;32029.4117647059;8.8970588235
1;72;;DIM;0;363;2 Dimmer 00 (2)                     ;3000.0;FUMO  ;VAPOR;0.0;0.0;0.0
1;231;;DIM;30;363;2 Dimmer 00 (2)                     ;3000.0;VENTOI;FAN 1;352.9411764706;128117.6470588235;35.5882352941
1;232;;DIM;30;363;2 Dimmer 00 (2)                     ;1000.0;CODA P;PUB 1;117.6470588235;42705.8823529412;11.862745098
1;233;;DIM;30;363;2 Dimmer 00 (2)                     ;1000.0;CODA P;PUB 2;117.6470588235;42705.8823529412;11.862745098
1;234;;DIM;30;363;2 Dimmer 00 (2)                     ;1000.0;CODA P;PUB 3;117.6470588235;42705.8823529412;11.862745098
1;235;;DIM;30;363;2 Dimmer 00 (2)                     ;1000.0;CODA P;PUB 4;117.6470588235;42705.8823529412;11.862745098
2;1;;DIM;0;234;2 Dimmer 00 (2)                     ;2000.0;FRENTE;FT 1.1;0.0;0.0;0.0
2;2;;DIM;0;234;2 Dimmer 00 (2)                     ;2000.0;FRENTE;FT 1.2;0.0;0.0;0.0
2;3;;DIM;0;234;2 Dimmer 00 (2)                     ;2000.0;FRENTE;FT 1.3;0.0;0.0;0.0
2;4;;DIM;0;234;2 Dimmer 00 (2)                     ;2000.0;FRENTE;FT 1.4;0.0;0.0;0.0
2;5;;DIM;0;234;2 Dimmer 00 (2)                     ;2000.0;FRENTE;FT 1.5;0.0;0.0;0.0
2;6;;DIM;0;234;2 Dimmer 00 (2)                     ;2000.0;FRENTE;FT 2.1;0.0;0.0;0.0
2;7;;DIM;0;234;2 Dimmer 00 (2)                     ;2000.0;FRENTE;FT 2.2;0.0;0.0;0.0
2;8;;DIM;0;234;2 Dimmer 00 (2)                     ;2000.0;FRENTE;FT 2.3;0.0;0.0;0.0
2;9;;DIM;0;234;2 Dimmer 00 (2)                     ;2000.0;FRENTE;FT 2.4;0.0;0.0;0.0
2;10;;DIM;0;234;2 Dimmer 00 (2)                     ;2000.0;FRENTE;FT 2.5;0.0;0.0;0.0
2;11;;DIM;0;234;2 Dimmer 00 (2)                     ;1000.0;FRENTE;FT 201_3.1;0.0;0.0;0.0
2;12;;DIM;0;234;2 Dimmer 00 (2)                     ;1000.0;FRENTE;FT 201_3.2;0.0;0.0;0.0
2;13;;DIM;0;234;2 Dimmer 00 (2)                     ;1000.0;FRENTE;FT 201_3.3;0.0;0.0;0.0
2;14;;DIM;0;234;2 Dimmer 00 (2)                     ;1000.0;FRENTE;FT 201_3.4;0.0;0.0;0.0
2;15;;DIM;0;234;2 Dimmer 00 (2)                     ;1000.0;FRENTE;FT 201_3.5;0.0;0.0;0.0
2;16;;DIM;0;234;2 Dimmer 00 (2)                     ;1000.0;FRENTE;FT 201_4.1;0.0;0.0;0.0
2;17;;DIM;0;234;2 Dimmer 00 (2)                     ;1000.0;FRENTE;FT 201_4.2;0.0;0.0;0.0
2;18;;DIM;0;234;2 Dimmer 00 (2)                     ;1000.0;FRENTE;FT 201_4.3;0.0;0.0;0.0
2;19;;DIM;0;234;2 Dimmer 00 (2)                     ;1000.0;FRENTE;FT 115_3.1;0.0;0.0;0.0
2;20;;DIM;0;234;2 Dimmer 00 (2)                     ;1000.0;FRENTE;FT 115_3.2;0.0;0.0;0.0
2;21;;DIM;0;234;2 Dimmer 00 (2)                     ;1000.0;FRENTE;FT 115_3.3;0.0;0.0;0.0
2;22;;DIM;0;234;2 Dimmer 00 (2)                     ;1000.0;FRENTE;FT 115_3.4;0.0;0.0;0.0
2;23;;DIM;0;234;2 Dimmer 00 (2)                     ;1000.0;FRENTE;FT 115_3.5;0.0;0.0;0.0
2;24;;DIM;0;234;2 Dimmer 00 (2)                     ;1000.0;FRENTE;FT 115_4.1;0.0;0.0;0.0
2;25;;DIM;0;234;2 Dimmer 00 (2)                     ;1000.0;FRENTE;FT 115_4.2;0.0;0.0;0.0
2;26;;DIM;0;234;2 Dimmer 00 (2)                     ;1000.0;FRENTE;FT 115_4.3;0.0;0.0;0.0
2;27;;DIM;0;234;2 Dimmer 00 (2)                     ;1000.0;CONTRA;CRT 201_1.1;0.0;0.0;0.0
2;28;;DIM;0;234;2 Dimmer 00 (2)                     ;1000.0;CONTRA;CRT 201_1.2;0.0;0.0;0.0
2;29;;DIM;0;234;2 Dimmer 00 (2)                     ;1000.0;CONTRA;CRT 201_1.3;0.0;0.0;0.0
2;30;;DIM;0;234;2 Dimmer 00 (2)                     ;1000.0;CONTRA;CRT 201_1.4;0.0;0.0;0.0
2;31;;DIM;0;234;2 Dimmer 00 (2)                     ;1000.0;CONTRA;CRT 201_2.1;0.0;0.0;0.0
2;32;;DIM;0;234;2 Dimmer 00 (2)                     ;1000.0;CONTRA;CRT 201_2.2;0.0;0.0;0.0
2;33;;DIM;0;234;2 Dimmer 00 (2)                     ;1000.0;CONTRA;CRT 201_2.3;0.0;0.0;0.0
2;34;;DIM;0;234;2 Dimmer 00 (2)                     ;1000.0;CONTRA;CRT 115_1.1;0.0;0.0;0.0
2;35;;DIM;0;234;2 Dimmer 00 (2)                     ;1000.0;CONTRA;CRT 115_1.2;0.0;0.0;0.0
2;36;;DIM;0;234;2 Dimmer 00 (2)                     ;1000.0;CONTRA;CRT 115_1.3;0.0;0.0;0.0
2;37;;DIM;0;234;2 Dimmer 00 (2)                     ;1000.0;CONTRA;CRT 115_1.4;0.0;0.0;0.0
2;38;;DIM;0;234;2 Dimmer 00 (2)                     ;1000.0;CONTRA;CRT 115_2.1;0.0;0.0;0.0
2;39;;DIM;0;234;2 Dimmer 00 (2)                     ;1000.0;CONTRA;CRT 115_2.2;0.0;0.0;0.0
2;40;;DIM;0;234;2 Dimmer 00 (2)                     ;1000.0;CONTRA;CRT 115_2.3;0.0;0.0;0.0
2;41;;DIM;0;234;2 Dimmer 00 (2)                     ;750.0;LEQUE ;PAREDE 1;0.0;0.0;0.0
2;42;;DIM;0;234;2 Dimmer 00 (2)                     ;750.0;LEQUE ;PAREDE 2;0.0;0.0;0.0
2;43;;DIM;0;234;2 Dimmer 00 (2)                     ;750.0;LEQUE ;PAREDE 3;0.0;0.0;0.0
2;44;;DIM;0;234;2 Dimmer 00 (2)                     ;750.0;LEQUE ;PAREDE 4;0.0;0.0;0.0
2;45;;DIM;0;234;2 Dimmer 00 (2)                     ;750.0;LEQUE ;PAREDE 5;0.0;0.0;0.0
2;46;;DIM;0;234;2 Dimmer 00 (2)                     ;750.0;LEQUE ;PAREDE 6;0.0;0.0;0.0
2;47;;DIM;0;234;2 Dimmer 00 (2)                     ;750.0;LEQUE ;PAREDE 7;0.0;0.0;0.0
2;48;;DIM;0;234;2 Dimmer 00 (2)                     ;1000.0;LATERA;RED 1;0.0;0.0;0.0
2;49;;DIM;0;234;2 Dimmer 00 (2)                     ;1000.0;LATERA;RED 2;0.0;0.0;0.0
2;50;;DIM;0;234;2 Dimmer 00 (2)                     ;1000.0;LATERA;RED 3;0.0;0.0;0.0
2;51;;DIM;0;234;2 Dimmer 00 (2)                     ;1000.0;LATERA;RED 4;0.0;0.0;0.0
2;52;;DIM;0;234;2 Dimmer 00 (2)                     ;750.0;BANHEI;BANHEIRA FRT;0.0;0.0;0.0
2;53;;DIM;0;234;2 Dimmer 00 (2)                     ;750.0;BANHEI;BANHEIRA PIC.;0.0;0.0;0.0
2;54;;DIM;0;234;2 Dimmer 00 (2)                     ;750.0;BANHEI;BANHEIRA CRT;0.0;0.0;0.0
2;55;;DIM;0;234;2 Dimmer 00 (2)                     ;1000.0;BANCOS;BANCO FR L;0.0;0.0;0.0
2;56;;DIM;0;234;2 Dimmer 00 (2)                     ;1000.0;BANCOS;BANCO CRT L;0.0;0.0;0.0
2;57;;DIM;0;234;2 Dimmer 00 (2)                     ;1000.0;BANCOS;BANCO FR R;0.0;0.0;0.0
2;58;;DIM;0;234;2 Dimmer 00 (2)                     ;1000.0;BANCOS;BANCO CRT R;0.0;0.0;0.0
2;59;;DIM;0;234;2 Dimmer 00 (2)                     ;750.0;CADEIR;COUMIER;0.0;0.0;0.0
2;60;;DIM;0;234;2 Dimmer 00 (2)                     ;750.0;GUILHO;GUILHO PIC.;0.0;0.0;0.0
2;61;;DIM;0;234;2 Dimmer 00 (2)                     ;750.0;GUILHO;GUILHO CRT;0.0;0.0;0.0
2;62;;DIM;0;234;2 Dimmer 00 (2)                     ;1000.0;CANTOR;CANTORES CRT;0.0;0.0;0.0
2;63;;DIM;0;234;2 Dimmer 00 (2)                     ;1000.0;PORTA ;PORTA FR PICADO;0.0;0.0;0.0
2;64;;DIM;0;234;2 Dimmer 00 (2)                     ;1000.0;PORTA ;PORTA CRT;0.0;0.0;0.0
2;73;;DIM;0;234;2 Dimmer 00 (2)                     ;750.0;PORTA ;PORTA RÉGIE;0.0;0.0;0.0
2;65;;DIM;0;234;2 Dimmer 00 (2)                     ;1000.0;MUSICO;MUSICO FR;0.0;0.0;0.0
2;66;;DIM;0;234;2 Dimmer 00 (2)                     ;1000.0;MUSICO;PAUTAS CRT;0.0;0.0;0.0
2;67;;DIM;0;234;2 Dimmer 00 (2)                     ;750.0;MUSICO;KEYS;0.0;0.0;0.0
2;68;;DIM;0;234;2 Dimmer 00 (2)                     ;1000.0;ALCOVA;DIR ALCOVA;0.0;0.0;0.0
2;69;;DIM;0;234;2 Dimmer 00 (2)                     ;1000.0;ALCOVA;BANHEIRA DIR;0.0;0.0;0.0
2;70;;DIM;0;234;2 Dimmer 00 (2)                     ;750.0;ALCOVA;ESQ ALCOVA;0.0;0.0;0.0
2;71;;DIM;0;234;2 Dimmer 00 (2)                     ;750.0;ALCOVA;BANHEIRA ESQ;0.0;0.0;0.0
2;72;;DIM;0;234;2 Dimmer 00 (2)                     ;3000.0;FUMO  ;VAPOR;0.0;0.0;0.0
2;231;;DIM;0;234;2 Dimmer 00 (2)                     ;3000.0;VENTOI;FAN 1;0.0;0.0;0.0
2;232;;DIM;0;234;2 Dimmer 00 (2)                     ;1000.0;CODA P;PUB 1;0.0;0.0;0.0
2;233;;DIM;0;234;2 Dimmer 00 (2)                     ;1000.0;CODA P;PUB 2;0.0;0.0;0.0
2;234;;DIM;0;234;2 Dimmer 00 (2)                     ;1000.0;CODA P;PUB 3;0.0;0.0;0.0
2;235;;DIM;0;234;2 Dimmer 00 (2)                     ;1000.0;CODA P;PUB 4;0.0;0.0;0.0
2;1;;DIM;0;234;2 Dimmer 00 (2)                     ;2000.0;FRENTE;FT 1.1;0.0;0.0;0.0
2;2;;DIM;0;234;2 Dimmer 00 (2)                     ;2000.0;FRENTE;FT 1.2;0.0;0.0;0.0
2;3;;DIM;0;234;2 Dimmer 00 (2)                     ;2000.0;FRENTE;FT 1.3;0.0;0.0;0.0
2;4;;DIM;0;234;2 Dimmer 00 (2)                     ;2000.0;FRENTE;FT 1.4;0.0;0.0;0.0
2;5;;DIM;0;234;2 Dimmer 00 (2)                     ;2000.0;FRENTE;FT 1.5;0.0;0.0;0.0
2;6;;DIM;0;234;2 Dimmer 00 (2)                     ;2000.0;FRENTE;FT 2.1;0.0;0.0;0.0
2;7;;DIM;0;234;2 Dimmer 00 (2)                     ;2000.0;FRENTE;FT 2.2;0.0;0.0;0.0
2;8;;DIM;0;234;2 Dimmer 00 (2)                     ;2000.0;FRENTE;FT 2.3;0.0;0.0;0.0
2;9;;DIM;0;234;2 Dimmer 00 (2)                     ;2000.0;FRENTE;FT 2.4;0.0;0.0;0.0
2;10;;DIM;0;234;2 Dimmer 00 (2)                     ;2000.0;FRENTE;FT 2.5;0.0;0.0;0.0
2;11;;DIM;0;234;2 Dimmer 00 (2)                     ;1000.0;FRENTE;FT 201_3.1;0.0;0.0;0.0
2;12;;DIM;0;234;2 Dimmer 00 (2)                     ;1000.0;FRENTE;FT 201_3.2;0.0;0.0;0.0
2;13;;DIM;0;234;2 Dimmer 00 (2)                     ;1000.0;FRENTE;FT 201_3.3;0.0;0.0;0.0
2;14;;DIM;0;234;2 Dimmer 00 (2)                     ;1000.0;FRENTE;FT 201_3.4;0.0;0.0;0.0
2;15;;DIM;0;234;2 Dimmer 00 (2)                     ;1000.0;FRENTE;FT 201_3.5;0.0;0.0;0.0
2;16;;DIM;0;234;2 Dimmer 00 (2)                     ;1000.0;FRENTE;FT 201_4.1;0.0;0.0;0.0
2;17;;DIM;0;234;2 Dimmer 00 (2)                     ;1000.0;FRENTE;FT 201_4.2;0.0;0.0;0.0
2;18;;DIM;0;234;2 Dimmer 00 (2)                     ;1000.0;FRENTE;FT 201_4.3;0.0;0.0;0.0
2;19;;DIM;16;234;2 Dimmer 00 (2)                     ;1000.0;FRENTE;FT 115_3.1;62.7450980392;14682.3529411765;4.0784313725
2;20;;DIM;16;234;2 Dimmer 00 (2)                     ;1000.0;FRENTE;FT 115_3.2;62.7450980392;14682.3529411765;4.0784313725
2;21;;DIM;16;234;2 Dimmer 00 (2)                     ;1000.0;FRENTE;FT 115_3.3;62.7450980392;14682.3529411765;4.0784313725
2;22;;DIM;16;234;2 Dimmer 00 (2)                     ;1000.0;FRENTE;FT 115_3.4;62.7450980392;14682.3529411765;4.0784313725
2;23;;DIM;16;234;2 Dimmer 00 (2)                     ;1000.0;FRENTE;FT 115_3.5;62.7450980392;14682.3529411765;4.0784313725
2;24;;DIM;16;234;2 Dimmer 00 (2)                     ;1000.0;FRENTE;FT 115_4.1;62.7450980392;14682.3529411765;4.0784313725
2;25;;DIM;16;234;2 Dimmer 00 (2)                     ;1000.0;FRENTE;FT 115_4.2;62.7450980392;14682.3529411765;4.0784313725
2;26;;DIM;16;234;2 Dimmer 00 (2)                     ;1000.0;FRENTE;FT 115_4.3;62.7450980392;14682.3529411765;4.0784313725
2;27;;DIM;0;234;2 Dimmer 00 (2)                     ;1000.0;CONTRA;CRT 201_1.1;0.0;0.0;0.0
2;28;;DIM;0;234;2 Dimmer 00 (2)                     ;1000.0;CONTRA;CRT 201_1.2;0.0;0.0;0.0
2;29;;DIM;0;234;2 Dimmer 00 (2)                     ;1000.0;CONTRA;CRT 201_1.3;0.0;0.0;0.0
2;30;;DIM;0;234;2 Dimmer 00 (2)                     ;1000.0;CONTRA;CRT 201_1.4;0.0;0.0;0.0
2;31;;DIM;0;234;2 Dimmer 00 (2)                     ;1000.0;CONTRA;CRT 201_2.1;0.0;0.0;0.0
2;32;;DIM;0;234;2 Dimmer 00 (2)                     ;1000.0;CONTRA;CRT 201_2.2;0.0;0.0;0.0
2;33;;DIM;0;234;2 Dimmer 00 (2)                     ;1000.0;CONTRA;CRT 201_2.3;0.0;0.0;0.0
2;34;;DIM;19.5;234;2 Dimmer 00 (2)                     ;1000.0;CONTRA;CRT 115_1.1;76.4705882353;17894.1176470588;4.9705882353
2;35;;DIM;19.5;234;2 Dimmer 00 (2)                     ;1000.0;CONTRA;CRT 115_1.2;76.4705882353;17894.1176470588;4.9705882353
2;36;;DIM;19.5;234;2 Dimmer 00 (2)                     ;1000.0;CONTRA;CRT 115_1.3;76.4705882353;17894.1176470588;4.9705882353
2;37;;DIM;19.5;234;2 Dimmer 00 (2)                     ;1000.0;CONTRA;CRT 115_1.4;76.4705882353;17894.1176470588;4.9705882353
2;38;;DIM;19.5;234;2 Dimmer 00 (2)                     ;1000.0;CONTRA;CRT 115_2.1;76.4705882353;17894.1176470588;4.9705882353
2;39;;DIM;19.5;234;2 Dimmer 00 (2)                     ;1000.0;CONTRA;CRT 115_2.2;76.4705882353;17894.1176470588;4.9705882353
2;40;;DIM;19.5;234;2 Dimmer 00 (2)                     ;1000.0;CONTRA;CRT 115_2.3;76.4705882353;17894.1176470588;4.9705882353
2;41;;DIM;27;234;2 Dimmer 00 (2)                     ;750.0;LEQUE ;PAREDE 1;79.4117647059;18582.3529411765;5.1617647059
2;42;;DIM;27;234;2 Dimmer 00 (2)                     ;750.0;LEQUE ;PAREDE 2;79.4117647059;18582.3529411765;5.1617647059
2;43;;DIM;27;234;2 Dimmer 00 (2)                     ;750.0;LEQUE ;PAREDE 3;79.4117647059;18582.3529411765;5.1617647059
2;44;;DIM;27;234;2 Dimmer 00 (2)                     ;750.0;LEQUE ;PAREDE 4;79.4117647059;18582.3529411765;5.1617647059
2;45;;DIM;27;234;2 Dimmer 00 (2)                     ;750.0;LEQUE ;PAREDE 5;79.4117647059;18582.3529411765;5.1617647059
2;46;;DIM;27;234;2 Dimmer 00 (2)                     ;750.0;LEQUE ;PAREDE 6;79.4117647059;18582.3529411765;5.1617647059
2;47;;DIM;27;234;2 Dimmer 00 (2)                     ;750.0;LEQUE ;PAREDE 7;79.4117647059;18582.3529411765;5.1617647059
2;48;;DIM;0;234;2 Dimmer 00 (2)                     ;1000.0;LATERA;RED 1;0.0;0.0;0.0
2;49;;DIM;0;234;2 Dimmer 00 (2)                     ;1000.0;LATERA;RED 2;0.0;0.0;0.0
2;50;;DIM;0;234;2 Dimmer 00 (2)                     ;1000.0;LATERA;RED 3;0.0;0.0;0.0
2;51;;DIM;0;234;2 Dimmer 00 (2)                     ;1000.0;LATERA;RED 4;0.0;0.0;0.0
2;52;;DIM;0;234;2 Dimmer 00 (2)                     ;750.0;BANHEI;BANHEIRA FRT;0.0;0.0;0.0
2;53;;DIM;26;234;2 Dimmer 00 (2)                     ;750.0;BANHEI;BANHEIRA PIC.;76.4705882353;17894.1176470588;4.9705882353
2;54;;DIM;31.5;234;2 Dimmer 00 (2)                     ;750.0;BANHEI;BANHEIRA CRT;92.6470588235;21679.4117647059;6.0220588235
2;55;;DIM;0;234;2 Dimmer 00 (2)                     ;1000.0;BANCOS;BANCO FR L;0.0;0.0;0.0
2;56;;DIM;0;234;2 Dimmer 00 (2)                     ;1000.0;BANCOS;BANCO CRT L;0.0;0.0;0.0
2;57;;DIM;0;234;2 Dimmer 00 (2)                     ;1000.0;BANCOS;BANCO FR R;0.0;0.0;0.0
2;58;;DIM;0;234;2 Dimmer 00 (2)                     ;1000.0;BANCOS;BANCO CRT R;0.0;0.0;0.0
2;59;;DIM;0;234;2 Dimmer 00 (2)                     ;750.0;CADEIR;COUMIER;0.0;0.0;0.0
2;60;;DIM;0;234;2 Dimmer 00 (2)                     ;750.0;GUILHO;GUILHO PIC.;0.0;0.0;0.0
2;61;;DIM;0;234;2 Dimmer 00 (2)                     ;750.0;GUILHO;GUILHO CRT;0.0;0.0;0.0
2;62;;DIM;0;234;2 Dimmer 00 (2)                     ;1000.0;CANTOR;CANTORES CRT;0.0;0.0;0.0
2;63;;DIM;0;234;2 Dimmer 00 (2)                     ;1000.0;PORTA ;PORTA FR PICADO;0.0;0.0;0.0
2;64;;DIM;0;234;2 Dimmer 00 (2)                     ;1000.0;PORTA ;PORTA CRT;0.0;0.0;0.0
2;73;;DIM;0;234;2 Dimmer 00 (2)                     ;750.0;PORTA ;PORTA RÉGIE;0.0;0.0;0.0
2;65;;DIM;0;234;2 Dimmer 00 (2)                     ;1000.0;MUSICO;MUSICO FR;0.0;0.0;0.0
2;66;;DIM;0;234;2 Dimmer 00 (2)                     ;1000.0;MUSICO;PAUTAS CRT;0.0;0.0;0.0
2;67;;DIM;0;234;2 Dimmer 00 (2)                     ;750.0;MUSICO;KEYS;0.0;0.0;0.0
2;68;;DIM;0;234;2 Dimmer 00 (2)                     ;1000.0;ALCOVA;DIR ALCOVA;0.0;0.0;0.0
2;69;;DIM;0;234;2 Dimmer 00 (2)                     ;1000.0;ALCOVA;BANHEIRA DIR;0.0;0.0;0.0
2;70;;DIM;0;234;2 Dimmer 00 (2)                     ;750.0;ALCOVA;ESQ ALCOVA;0.0;0.0;0.0
2;71;;DIM;0;234;2 Dimmer 00 (2)                     ;750.0;ALCOVA;BANHEIRA ESQ;0.0;0.0;0.0
2;72;;DIM;0;234;2 Dimmer 00 (2)                     ;3000.0;FUMO  ;VAPOR;0.0;0.0;0.0
2;231;;DIM;0;234;2 Dimmer 00 (2)                     ;3000.0;VENTOI;FAN 1;0.0;0.0;0.0
2;232;;DIM;60;234;2 Dimmer 00 (2)                     ;1000.0;CODA P;PUB 1;235.2941176471;55058.8235294118;15.2941176471
2;233;;DIM;60;234;2 Dimmer 00 (2)                     ;1000.0;CODA P;PUB 2;235.2941176471;55058.8235294118;15.2941176471
2;234;;DIM;60;234;2 Dimmer 00 (2)                     ;1000.0;CODA P;PUB 3;235.2941176471;55058.8235294118;15.2941176471
2;235;;DIM;60;234;2 Dimmer 00 (2)                     ;1000.0;CODA P;PUB 4;235.2941176471;55058.8235294118;15.2941176471
3;1;;DIM;0;101;2 Dimmer 00 (2)                     ;2000.0;FRENTE;FT 1.1;0.0;0.0;0.0
3;2;;DIM;0;101;2 Dimmer 00 (2)                     ;2000.0;FRENTE;FT 1.2;0.0;0.0;0.0
3;3;;DIM;0;101;2 Dimmer 00 (2)                     ;2000.0;FRENTE;FT 1.3;0.0;0.0;0.0
3;4;;DIM;0;101;2 Dimmer 00 (2)                     ;2000.0;FRENTE;FT 1.4;0.0;0.0;0.0
3;5;;DIM;0;101;2 Dimmer 00 (2)                     ;2000.0;FRENTE;FT 1.5;0.0;0.0;0.0
3;6;;DIM;0;101;2 Dimmer 00 (2)                     ;2000.0;FRENTE;FT 2.1;0.0;0.0;0.0
3;7;;DIM;0;101;2 Dimmer 00 (2)                     ;2000.0;FRENTE;FT 2.2;0.0;0.0;0.0
3;8;;DIM;0;101;2 Dimmer 00 (2)                     ;2000.0;FRENTE;FT 2.3;0.0;0.0;0.0
3;9;;DIM;0;101;2 Dimmer 00 (2)                     ;2000.0;FRENTE;FT 2.4;0.0;0.0;0.0
3;10;;DIM;0;101;2 Dimmer 00 (2)                     ;2000.0;FRENTE;FT 2.5;0.0;0.0;0.0
3;11;;DIM;0;101;2 Dimmer 00 (2)                     ;1000.0;FRENTE;FT 201_3.1;0.0;0.0;0.0
3;12;;DIM;0;101;2 Dimmer 00 (2)                     ;1000.0;FRENTE;FT 201_3.2;0.0;0.0;0.0
3;13;;DIM;0;101;2 Dimmer 00 (2)                     ;1000.0;FRENTE;FT 201_3.3;0.0;0.0;0.0
3;14;;DIM;0;101;2 Dimmer 00 (2)                     ;1000.0;FRENTE;FT 201_3.4;0.0;0.0;0.0
3;15;;DIM;0;101;2 Dimmer 00 (2)                     ;1000.0;FRENTE;FT 201_3.5;0.0;0.0;0.0
3;16;;DIM;0;101;2 Dimmer 00 (2)                     ;1000.0;FRENTE;FT 201_4.1;0.0;0.0;0.0
3;17;;DIM;0;101;2 Dimmer 00 (2)                     ;1000.0;FRENTE;FT 201_4.2;0.0;0.0;0.0
3;18;;DIM;0;101;2 Dimmer 00 (2)                     ;1000.0;FRENTE;FT 201_4.3;0.0;0.0;0.0
3;19;;DIM;16;101;2 Dimmer 00 (2)                     ;1000.0;FRENTE;FT 115_3.1;62.7450980392;6337.2549019608;1.7603485839
3;20;;DIM;16;101;2 Dimmer 00 (2)                     ;1000.0;FRENTE;FT 115_3.2;62.7450980392;6337.2549019608;1.7603485839
3;21;;DIM;16;101;2 Dimmer 00 (2)                     ;1000.0;FRENTE;FT 115_3.3;62.7450980392;6337.2549019608;1.7603485839
3;22;;DIM;16;101;2 Dimmer 00 (2)                     ;1000.0;FRENTE;FT 115_3.4;62.7450980392;6337.2549019608;1.7603485839
3;23;;DIM;16;101;2 Dimmer 00 (2)                     ;1000.0;FRENTE;FT 115_3.5;62.7450980392;6337.2549019608;1.7603485839
3;24;;DIM;16;101;2 Dimmer 00 (2)                     ;1000.0;FRENTE;FT 115_4.1;62.7450980392;6337.2549019608;1.7603485839
3;25;;DIM;16;101;2 Dimmer 00 (2)                     ;1000.0;FRENTE;FT 115_4.2;62.7450980392;6337.2549019608;1.7603485839
3;26;;DIM;16;101;2 Dimmer 00 (2)                     ;1000.0;FRENTE;FT 115_4.3;62.7450980392;6337.2549019608;1.7603485839
3;27;;DIM;0;101;2 Dimmer 00 (2)                     ;1000.0;CONTRA;CRT 201_1.1;0.0;0.0;0.0
3;28;;DIM;0;101;2 Dimmer 00 (2)                     ;1000.0;CONTRA;CRT 201_1.2;0.0;0.0;0.0
3;29;;DIM;0;101;2 Dimmer 00 (2)                     ;1000.0;CONTRA;CRT 201_1.3;0.0;0.0;0.0
3;30;;DIM;0;101;2 Dimmer 00 (2)                     ;1000.0;CONTRA;CRT 201_1.4;0.0;0.0;0.0
3;31;;DIM;0;101;2 Dimmer 00 (2)                     ;1000.0;CONTRA;CRT 201_2.1;0.0;0.0;0.0
3;32;;DIM;0;101;2 Dimmer 00 (2)                     ;1000.0;CONTRA;CRT 201_2.2;0.0;0.0;0.0
3;33;;DIM;0;101;2 Dimmer 00 (2)                     ;1000.0;CONTRA;CRT 201_2.3;0.0;0.0;0.0
3;34;;DIM;19.5;101;2 Dimmer 00 (2)                     ;1000.0;CONTRA;CRT 115_1.1;76.4705882353;7723.5294117647;2.1454248366
3;35;;DIM;19.5;101;2 Dimmer 00 (2)                     ;1000.0;CONTRA;CRT 115_1.2;76.4705882353;7723.5294117647;2.1454248366
3;36;;DIM;19.5;101;2 Dimmer 00 (2)                     ;1000.0;CONTRA;CRT 115_1.3;76.4705882353;7723.5294117647;2.1454248366
3;37;;DIM;19.5;101;2 Dimmer 00 (2)                     ;1000.0;CONTRA;CRT 115_1.4;76.4705882353;7723.5294117647;2.1454248366
3;38;;DIM;19.5;101;2 Dimmer 00 (2)                     ;1000.0;CONTRA;CRT 115_2.1;76.4705882353;7723.5294117647;2.1454248366
3;39;;DIM;19.5;101;2 Dimmer 00 (2)                     ;1000.0;CONTRA;CRT 115_2.2;76.4705882353;7723.5294117647;2.1454248366
3;40;;DIM;19.5;101;2 Dimmer 00 (2)                     ;1000.0;CONTRA;CRT 115_2.3;76.4705882353;7723.5294117647;2.1454248366
3;41;;DIM;27;101;2 Dimmer 00 (2)                     ;750.0;LEQUE ;PAREDE 1;79.4117647059;8020.5882352941;2.2279411765
3;42;;DIM;27;101;2 Dimmer 00 (2)                     ;750.0;LEQUE ;PAREDE 2;79.4117647059;8020.5882352941;2.2279411765
3;43;;DIM;27;101;2 Dimmer 00 (2)                     ;750.0;LEQUE ;PAREDE 3;79.4117647059;8020.5882352941;2.2279411765
3;44;;DIM;27;101;2 Dimmer 00 (2)                     ;750.0;LEQUE ;PAREDE 4;79.4117647059;8020.5882352941;2.2279411765
3;45;;DIM;27;101;2 Dimmer 00 (2)                     ;750.0;LEQUE ;PAREDE 5;79.4117647059;8020.5882352941;2.2279411765
3;46;;DIM;27;101;2 Dimmer 00 (2)                     ;750.0;LEQUE ;PAREDE 6;79.4117647059;8020.5882352941;2.2279411765
3;47;;DIM;27;101;2 Dimmer 00 (2)                     ;750.0;LEQUE ;PAREDE 7;79.4117647059;8020.5882352941;2.2279411765
3;48;;DIM;0;101;2 Dimmer 00 (2)                     ;1000.0;LATERA;RED 1;0.0;0.0;0.0
3;49;;DIM;0;101;2 Dimmer 00 (2)                     ;1000.0;LATERA;RED 2;0.0;0.0;0.0
3;50;;DIM;0;101;2 Dimmer 00 (2)                     ;1000.0;LATERA;RED 3;0.0;0.0;0.0
3;51;;DIM;0;101;2 Dimmer 00 (2)                     ;1000.0;LATERA;RED 4;0.0;0.0;0.0
3;52;;DIM;0;101;2 Dimmer 00 (2)                     ;750.0;BANHEI;BANHEIRA FRT;0.0;0.0;0.0
3;53;;DIM;26;101;2 Dimmer 00 (2)                     ;750.0;BANHEI;BANHEIRA PIC.;76.4705882353;7723.5294117647;2.1454248366
3;54;;DIM;31.5;101;2 Dimmer 00 (2)                     ;750.0;BANHEI;BANHEIRA CRT;92.6470588235;9357.3529411765;2.5992647059
3;55;;DIM;0;101;2 Dimmer 00 (2)                     ;1000.0;BANCOS;BANCO FR L;0.0;0.0;0.0
3;56;;DIM;0;101;2 Dimmer 00 (2)                     ;1000.0;BANCOS;BANCO CRT L;0.0;0.0;0.0
3;57;;DIM;0;101;2 Dimmer 00 (2)                     ;1000.0;BANCOS;BANCO FR R;0.0;0.0;0.0
3;58;;DIM;0;101;2 Dimmer 00 (2)                     ;1000.0;BANCOS;BANCO CRT R;0.0;0.0;0.0
3;59;;DIM;0;101;2 Dimmer 00 (2)                     ;750.0;CADEIR;COUMIER;0.0;0.0;0.0
3;60;;DIM;0;101;2 Dimmer 00 (2)                     ;750.0;GUILHO;GUILHO PIC.;0.0;0.0;0.0
3;61;;DIM;0;101;2 Dimmer 00 (2)                     ;750.0;GUILHO;GUILHO CRT;0.0;0.0;0.0
3;62;;DIM;0;101;2 Dimmer 00 (2)                     ;1000.0;CANTOR;CANTORES CRT;0.0;0.0;0.0
3;63;;DIM;0;101;2 Dimmer 00 (2)                     ;1000.0;PORTA ;PORTA FR PICADO;0.0;0.0;0.0
3;64;;DIM;0;101;2 Dimmer 00 (2)                     ;1000.0;PORTA ;PORTA CRT;0.0;0.0;0.0
3;73;;DIM;0;101;2 Dimmer 00 (2)                     ;750.0;PORTA ;PORTA RÉGIE;0.0;0.0;0.0
3;65;;DIM;0;101;2 Dimmer 00 (2)                     ;1000.0;MUSICO;MUSICO FR;0.0;0.0;0.0
3;66;;DIM;0;101;2 Dimmer 00 (2)                     ;1000.0;MUSICO;PAUTAS CRT;0.0;0.0;0.0
3;67;;DIM;0;101;2 Dimmer 00 (2)                     ;750.0;MUSICO;KEYS;0.0;0.0;0.0
3;68;;DIM;0;101;2 Dimmer 00 (2)                     ;1000.0;ALCOVA;DIR ALCOVA;0.0;0.0;0.0
3;69;;DIM;0;101;2 Dimmer 00 (2)                     ;1000.0;ALCOVA;BANHEIRA DIR;0.0;0.0;0.0
3;70;;DIM;0;101;2 Dimmer 00 (2)                     ;750.0;ALCOVA;ESQ ALCOVA;0.0;0.0;0.0
3;71;;DIM;0;101;2 Dimmer 00 (2)                     ;750.0;ALCOVA;BANHEIRA ESQ;0.0;0.0;0.0
3;72;;DIM;0;101;2 Dimmer 00 (2)                     ;3000.0;FUMO  ;VAPOR;0.0;0.0;0.0
3;231;;DIM;0;101;2 Dimmer 00 (2)                     ;3000.0;VENTOI;FAN 1;0.0;0.0;0.0
3;232;;DIM;0;101;2 Dimmer 00 (2)                     ;1000.0;CODA P;PUB 1;0.0;0.0;0.0
3;233;;DIM;0;101;2 Dimmer 00 (2)                     ;1000.0;CODA P;PUB 2;0.0;0.0;0.0
3;234;;DIM;0;101;2 Dimmer 00 (2)                     ;1000.0;CODA P;PUB 3;0.0;0.0;0.0
3;235;;DIM;0;101;2 Dimmer 00 (2)                     ;1000.0;CODA P;PUB 4;0.0;0.0;0.0
4;1;;DIM;0;56;2 Dimmer 00 (2)                     ;2000.0;FRENTE;FT 1.1;0.0;0.0;0.0
4;2;;DIM;0;56;2 Dimmer 00 (2)                     ;2000.0;FRENTE;FT 1.2;0.0;0.0;0.0
4;3;;DIM;0;56;2 Dimmer 00 (2)                     ;2000.0;FRENTE;FT 1.3;0.0;0.0;0.0
4;4;;DIM;0;56;2 Dimmer 00 (2)                     ;2000.0;FRENTE;FT 1.4;0.0;0.0;0.0
4;5;;DIM;0;56;2 Dimmer 00 (2)                     ;2000.0;FRENTE;FT 1.5;0.0;0.0;0.0
4;6;;DIM;0;56;2 Dimmer 00 (2)                     ;2000.0;FRENTE;FT 2.1;0.0;0.0;0.0
4;7;;DIM;0;56;2 Dimmer 00 (2)                     ;2000.0;FRENTE;FT 2.2;0.0;0.0;0.0
4;8;;DIM;0;56;2 Dimmer 00 (2)                     ;2000.0;FRENTE;FT 2.3;0.0;0.0;0.0
4;9;;DIM;0;56;2 Dimmer 00 (2)                     ;2000.0;FRENTE;FT 2.4;0.0;0.0;0.0
4;10;;DIM;0;56;2 Dimmer 00 (2)                     ;2000.0;FRENTE;FT 2.5;0.0;0.0;0.0
4;11;;DIM;0;56;2 Dimmer 00 (2)                     ;1000.0;FRENTE;FT 201_3.1;0.0;0.0;0.0
4;12;;DIM;0;56;2 Dimmer 00 (2)                     ;1000.0;FRENTE;FT 201_3.2;0.0;0.0;0.0
4;13;;DIM;0;56;2 Dimmer 00 (2)                     ;1000.0;FRENTE;FT 201_3.3;0.0;0.0;0.0
4;14;;DIM;0;56;2 Dimmer 00 (2)                     ;1000.0;FRENTE;FT 201_3.4;0.0;0.0;0.0
4;15;;DIM;0;56;2 Dimmer 00 (2)                     ;1000.0;FRENTE;FT 201_3.5;0.0;0.0;0.0
4;16;;DIM;0;56;2 Dimmer 00 (2)                     ;1000.0;FRENTE;FT 201_4.1;0.0;0.0;0.0
4;17;;DIM;0;56;2 Dimmer 00 (2)                     ;1000.0;FRENTE;FT 201_4.2;0.0;0.0;0.0
4;18;;DIM;0;56;2 Dimmer 00 (2)                     ;1000.0;FRENTE;FT 201_4.3;0.0;0.0;0.0
4;19;;DIM;16;56;2 Dimmer 00 (2)                     ;1000.0;FRENTE;FT 115_3.1;62.7450980392;3513.7254901961;0.9760348584
4;20;;DIM;16;56;2 Dimmer 00 (2)                     ;1000.0;FRENTE;FT 115_3.2;62.7450980392;3513.7254901961;0.9760348584
4;21;;DIM;16;56;2 Dimmer 00 (2)                     ;1000.0;FRENTE;FT 115_3.3;62.7450980392;3513.7254901961;0.9760348584
4;22;;DIM;16;56;2 Dimmer 00 (2)                     ;1000.0;FRENTE;FT 115_3.4;62.7450980392;3513.7254901961;0.9760348584
4;23;;DIM;16;56;2 Dimmer 00 (2)                     ;1000.0;FRENTE;FT 115_3.5;62.7450980392;3513.7254901961;0.9760348584
4;24;;DIM;16;56;2 Dimmer 00 (2)                     ;1000.0;FRENTE;FT 115_4.1;62.7450980392;3513.7254901961;0.9760348584
4;25;;DIM;16;56;2 Dimmer 00 (2)                     ;1000.0;FRENTE;FT 115_4.2;62.7450980392;3513.7254901961;0.9760348584
4;26;;DIM;16;56;2 Dimmer 00 (2)                     ;1000.0;FRENTE;FT 115_4.3;62.7450980392;3513.7254901961;0.9760348584
4;27;;DIM;0;56;2 Dimmer 00 (2)                     ;1000.0;CONTRA;CRT 201_1.1;0.0;0.0;0.0
4;28;;DIM;0;56;2 Dimmer 00 (2)                     ;1000.0;CONTRA;CRT 201_1.2;0.0;0.0;0.0
4;29;;DIM;0;56;2 Dimmer 00 (2)                     ;1000.0;CONTRA;CRT 201_1.3;0.0;0.0;0.0
4;30;;DIM;0;56;2 Dimmer 00 (2)                     ;1000.0;CONTRA;CRT 201_1.4;0.0;0.0;0.0
4;31;;DIM;0;56;2 Dimmer 00 (2)                     ;1000.0;CONTRA;CRT 201_2.1;0.0;0.0;0.0
4;32;;DIM;0;56;2 Dimmer 00 (2)                     ;1000.0;CONTRA;CRT 201_2.2;0.0;0.0;0.0
4;33;;DIM;0;56;2 Dimmer 00 (2)                     ;1000.0;CONTRA;CRT 201_2.3;0.0;0.0;0.0
4;34;;DIM;19.5;56;2 Dimmer 00 (2)                     ;1000.0;CONTRA;CRT 115_1.1;76.4705882353;4282.3529411765;1.1895424837
4;35;;DIM;19.5;56;2 Dimmer 00 (2)                     ;1000.0;CONTRA;CRT 115_1.2;76.4705882353;4282.3529411765;1.1895424837
4;36;;DIM;19.5;56;2 Dimmer 00 (2)                     ;1000.0;CONTRA;CRT 115_1.3;76.4705882353;4282.3529411765;1.1895424837
4;37;;DIM;19.5;56;2 Dimmer 00 (2)                     ;1000.0;CONTRA;CRT 115_1.4;76.4705882353;4282.3529411765;1.1895424837
4;38;;DIM;19.5;56;2 Dimmer 00 (2)                     ;1000.0;CONTRA;CRT 115_2.1;76.4705882353;4282.3529411765;1.1895424837
4;39;;DIM;19.5;56;2 Dimmer 00 (2)                     ;1000.0;CONTRA;CRT 115_2.2;76.4705882353;4282.3529411765;1.1895424837
4;40;;DIM;19.5;56;2 Dimmer 00 (2)                     ;1000.0;CONTRA;CRT 115_2.3;76.4705882353;4282.3529411765;1.1895424837
4;41;;DIM;27;56;2 Dimmer 00 (2)                     ;750.0;LEQUE ;PAREDE 1;79.4117647059;4447.0588235294;1.2352941176
4;42;;DIM;27;56;2 Dimmer 00 (2)                     ;750.0;LEQUE ;PAREDE 2;79.4117647059;4447.0588235294;1.2352941176
4;43;;DIM;27;56;2 Dimmer 00 (2)                     ;750.0;LEQUE ;PAREDE 3;79.4117647059;4447.0588235294;1.2352941176
4;44;;DIM;27;56;2 Dimmer 00 (2)                     ;750.0;LEQUE ;PAREDE 4;79.4117647059;4447.0588235294;1.2352941176
4;45;;DIM;27;56;2 Dimmer 00 (2)                     ;750.0;LEQUE ;PAREDE 5;79.4117647059;4447.0588235294;1.2352941176
4;46;;DIM;27;56;2 Dimmer 00 (2)                     ;750.0;LEQUE ;PAREDE 6;79.4117647059;4447.0588235294;1.2352941176
4;47;;DIM;27;56;2 Dimmer 00 (2)                     ;750.0;LEQUE ;PAREDE 7;79.4117647059;4447.0588235294;1.2352941176
4;48;;DIM;0;56;2 Dimmer 00 (2)                     ;1000.0;LATERA;RED 1;0.0;0.0;0.0
4;49;;DIM;0;56;2 Dimmer 00 (2)                     ;1000.0;LATERA;RED 2;0.0;0.0;0.0
4;50;;DIM;0;56;2 Dimmer 00 (2)                     ;1000.0;LATERA;RED 3;0.0;0.0;0.0
4;51;;DIM;0;56;2 Dimmer 00 (2)                     ;1000.0;LATERA;RED 4;0.0;0.0;0.0
4;52;;DIM;0;56;2 Dimmer 00 (2)                     ;750.0;BANHEI;BANHEIRA FRT;0.0;0.0;0.0
4;53;;DIM;26;56;2 Dimmer 00 (2)                     ;750.0;BANHEI;BANHEIRA PIC.;76.4705882353;4282.3529411765;1.1895424837
4;54;;DIM;31.5;56;2 Dimmer 00 (2)                     ;750.0;BANHEI;BANHEIRA CRT;92.6470588235;5188.2352941176;1.4411764706
4;55;;DIM;0;56;2 Dimmer 00 (2)                     ;1000.0;BANCOS;BANCO FR L;0.0;0.0;0.0
4;56;;DIM;0;56;2 Dimmer 00 (2)                     ;1000.0;BANCOS;BANCO CRT L;0.0;0.0;0.0
4;57;;DIM;0;56;2 Dimmer 00 (2)                     ;1000.0;BANCOS;BANCO FR R;0.0;0.0;0.0
4;58;;DIM;0;56;2 Dimmer 00 (2)                     ;1000.0;BANCOS;BANCO CRT R;0.0;0.0;0.0
4;59;;DIM;0;56;2 Dimmer 00 (2)                     ;750.0;CADEIR;COUMIER;0.0;0.0;0.0
4;60;;DIM;0;56;2 Dimmer 00 (2)                     ;750.0;GUILHO;GUILHO PIC.;0.0;0.0;0.0
4;61;;DIM;0;56;2 Dimmer 00 (2)                     ;750.0;GUILHO;GUILHO CRT;0.0;0.0;0.0
4;62;;DIM;0;56;2 Dimmer 00 (2)                     ;1000.0;CANTOR;CANTORES CRT;0.0;0.0;0.0
4;63;;DIM;0;56;2 Dimmer 00 (2)                     ;1000.0;PORTA ;PORTA FR PICADO;0.0;0.0;0.0
4;64;;DIM;0;56;2 Dimmer 00 (2)                     ;1000.0;PORTA ;PORTA CRT;0.0;0.0;0.0
4;73;;DIM;0;56;2 Dimmer 00 (2)                     ;750.0;PORTA ;PORTA RÉGIE;0.0;0.0;0.0
4;65;;DIM;0;56;2 Dimmer 00 (2)                     ;1000.0;MUSICO;MUSICO FR;0.0;0.0;0.0
4;66;;DIM;0;56;2 Dimmer 00 (2)                     ;1000.0;MUSICO;PAUTAS CRT;0.0;0.0;0.0
4;67;;DIM;0;56;2 Dimmer 00 (2)                     ;750.0;MUSICO;KEYS;0.0;0.0;0.0
4;68;;DIM;0;56;2 Dimmer 00 (2)                     ;1000.0;ALCOVA;DIR ALCOVA;0.0;0.0;0.0
4;69;;DIM;0;56;2 Dimmer 00 (2)                     ;1000.0;ALCOVA;BANHEIRA DIR;0.0;0.0;0.0
4;70;;DIM;0;56;2 Dimmer 00 (2)                     ;750.0;ALCOVA;ESQ ALCOVA;0.0;0.0;0.0
4;71;;DIM;0;56;2 Dimmer 00 (2)                     ;750.0;ALCOVA;BANHEIRA ESQ;0.0;0.0;0.0
4;72;;DIM;0;56;2 Dimmer 00 (2)                     ;3000.0;FUMO  ;VAPOR;0.0;0.0;0.0
4;231;;DIM;0;56;2 Dimmer 00 (2)                     ;3000.0;VENTOI;FAN 1;0.0;0.0;0.0
4;232;;DIM;0;56;2 Dimmer 00 (2)                     ;1000.0;CODA P;PUB 1;0.0;0.0;0.0
4;233;;DIM;0;56;2 Dimmer 00 (2)                     ;1000.0;CODA P;PUB 2;0.0;0.0;0.0
4;234;;DIM;0;56;2 Dimmer 00 (2)                     ;1000.0;CODA P;PUB 3;0.0;0.0;0.0
4;235;;DIM;0;56;2 Dimmer 00 (2)                     ;1000.0;CODA P;PUB 4;0.0;0.0;0.0
5;1;;DIM;30;116;2 Dimmer 00 (2)                     ;2000.0;FRENTE;FT 1.1;235.2941176471;27294.1176470588;7.5816993464
5;2;;DIM;30;116;2 Dimmer 00 (2)                     ;2000.0;FRENTE;FT 1.2;235.2941176471;27294.1176470588;7.5816993464
5;3;;DIM;30;116;2 Dimmer 00 (2)                     ;2000.0;FRENTE;FT 1.3;235.2941176471;27294.1176470588;7.5816993464
5;4;;DIM;30;116;2 Dimmer 00 (2)                     ;2000.0;FRENTE;FT 1.4;235.2941176471;27294.1176470588;7.5816993464
5;5;;DIM;30;116;2 Dimmer 00 (2)                     ;2000.0;FRENTE;FT 1.5;235.2941176471;27294.1176470588;7.5816993464
5;6;;DIM;0;116;2 Dimmer 00 (2)                     ;2000.0;FRENTE;FT 2.1;0.0;0.0;0.0
5;7;;DIM;0;116;2 Dimmer 00 (2)                     ;2000.0;FRENTE;FT 2.2;0.0;0.0;0.0
5;8;;DIM;0;116;2 Dimmer 00 (2)                     ;2000.0;FRENTE;FT 2.3;0.0;0.0;0.0
5;9;;DIM;0;116;2 Dimmer 00 (2)                     ;2000.0;FRENTE;FT 2.4;0.0;0.0;0.0
5;10;;DIM;0;116;2 Dimmer 00 (2)                     ;2000.0;FRENTE;FT 2.5;0.0;0.0;0.0
5;11;;DIM;0;116;2 Dimmer 00 (2)                     ;1000.0;FRENTE;FT 201_3.1;0.0;0.0;0.0
5;12;;DIM;0;116;2 Dimmer 00 (2)                     ;1000.0;FRENTE;FT 201_3.2;0.0;0.0;0.0
5;13;;DIM;0;116;2 Dimmer 00 (2)                     ;1000.0;FRENTE;FT 201_3.3;0.0;0.0;0.0
5;14;;DIM;0;116;2 Dimmer 00 (2)                     ;1000.0;FRENTE;FT 201_3.4;0.0;0.0;0.0
5;15;;DIM;0;116;2 Dimmer 00 (2)                     ;1000.0;FRENTE;FT 201_3.5;0.0;0.0;0.0
5;16;;DIM;0;116;2 Dimmer 00 (2)                     ;1000.0;FRENTE;FT 201_4.1;0.0;0.0;0.0
5;17;;DIM;0;116;2 Dimmer 00 (2)                     ;1000.0;FRENTE;FT 201_4.2;0.0;0.0;0.0
5;18;;DIM;0;116;2 Dimmer 00 (2)                     ;1000.0;FRENTE;FT 201_4.3;0.0;0.0;0.0
5;19;;DIM;27;116;2 Dimmer 00 (2)                     ;1000.0;FRENTE;FT 115_3.1;105.8823529412;12282.3529411765;3.4117647059
5;20;;DIM;27;116;2 Dimmer 00 (2)                     ;1000.0;FRENTE;FT 115_3.2;105.8823529412;12282.3529411765;3.4117647059
5;21;;DIM;27;116;2 Dimmer 00 (2)                     ;1000.0;FRENTE;FT 115_3.3;105.8823529412;12282.3529411765;3.4117647059
5;22;;DIM;27;116;2 Dimmer 00 (2)                     ;1000.0;FRENTE;FT 115_3.4;105.8823529412;12282.3529411765;3.4117647059
5;23;;DIM;27;116;2 Dimmer 00 (2)                     ;1000.0;FRENTE;FT 115_3.5;105.8823529412;12282.3529411765;3.4117647059
5;24;;DIM;27;116;2 Dimmer 00 (2)                     ;1000.0;FRENTE;FT 115_4.1;105.8823529412;12282.3529411765;3.4117647059
5;25;;DIM;27;116;2 Dimmer 00 (2)                     ;1000.0;FRENTE;FT 115_4.2;105.8823529412;12282.3529411765;3.4117647059
5;26;;DIM;27;116;2 Dimmer 00 (2)                     ;1000.0;FRENTE;FT 115_4.3;105.8823529412;12282.3529411765;3.4117647059
5;27;;DIM;0;116;2 Dimmer 00 (2)                     ;1000.0;CONTRA;CRT 201_1.1;0.0;0.0;0.0
5;28;;DIM;0;116;2 Dimmer 00 (2)                     ;1000.0;CONTRA;CRT 201_1.2;0.0;0.0;0.0
5;29;;DIM;0;116;2 Dimmer 00 (2)                     ;1000.0;CONTRA;CRT 201_1.3;0.0;0.0;0.0
5;30;;DIM;0;116;2 Dimmer 00 (2)                     ;1000.0;CONTRA;CRT 201_1.4;0.0;0.0;0.0
5;31;;DIM;0;116;2 Dimmer 00 (2)                     ;1000.0;CONTRA;CRT 201_2.1;0.0;0.0;0.0
5;32;;DIM;0;116;2 Dimmer 00 (2)                     ;1000.0;CONTRA;CRT 201_2.2;0.0;0.0;0.0
5;33;;DIM;0;116;2 Dimmer 00 (2)                     ;1000.0;CONTRA;CRT 201_2.3;0.0;0.0;0.0
5;34;;DIM;2.5;116;2 Dimmer 00 (2)                     ;1000.0;CONTRA;CRT 115_1.1;9.8039215686;1137.2549019608;0.3159041394
5;35;;DIM;2.5;116;2 Dimmer 00 (2)                     ;1000.0;CONTRA;CRT 115_1.2;9.8039215686;1137.2549019608;0.3159041394
5;36;;DIM;2.5;116;2 Dimmer 00 (2)                     ;1000.0;CONTRA;CRT 115_1.3;9.8039215686;1137.2549019608;0.3159041394
5;37;;DIM;2.5;116;2 Dimmer 00 (2)                     ;1000.0;CONTRA;CRT 115_1.4;9.8039215686;1137.2549019608;0.3159041394
5;38;;DIM;2.5;116;2 Dimmer 00 (2)                     ;1000.0;CONTRA;CRT 115_2.1;9.8039215686;1137.2549019608;0.3159041394
5;39;;DIM;2.5;116;2 Dimmer 00 (2)                     ;1000.0;CONTRA;CRT 115_2.2;9.8039215686;1137.2549019608;0.3159041394
5;40;;DIM;2.5;116;2 Dimmer 00 (2)                     ;1000.0;CONTRA;CRT 115_2.3;9.8039215686;1137.2549019608;0.3159041394
5;41;;DIM;35.5;116;2 Dimmer 00 (2)                     ;750.0;LEQUE ;PAREDE 1;104.4117647059;12111.7647058824;3.364379085
5;42;;DIM;35.5;116;2 Dimmer 00 (2)                     ;750.0;LEQUE ;PAREDE 2;104.4117647059;12111.7647058824;3.364379085
5;43;;DIM;35.5;116;2 Dimmer 00 (2)                     ;750.0;LEQUE ;PAREDE 3;104.4117647059;12111.7647058824;3.364379085
5;44;;DIM;35.5;116;2 Dimmer 00 (2)                     ;750.0;LEQUE ;PAREDE 4;104.4117647059;12111.7647058824;3.364379085
5;45;;DIM;35.5;116;2 Dimmer 00 (2)                     ;750.0;LEQUE ;PAREDE 5;104.4117647059;12111.7647058824;3.364379085
5;46;;DIM;35.5;116;2 Dimmer 00 (2)                     ;750.0;LEQUE ;PAREDE 6;104.4117647059;12111.7647058824;3.364379085
5;47;;DIM;35.5;116;2 Dimmer 00 (2)                     ;750.0;LEQUE ;PAREDE 7;104.4117647059;12111.7647058824;3.364379085
5;48;;DIM;0;116;2 Dimmer 00 (2)                     ;1000.0;LATERA;RED 1;0.0;0.0;0.0
5;49;;DIM;0;116;2 Dimmer 00 (2)                     ;1000.0;LATERA;RED 2;0.0;0.0;0.0
5;50;;DIM;0;116;2 Dimmer 00 (2)                     ;1000.0;LATERA;RED 3;0.0;0.0;0.0
5;51;;DIM;0;116;2 Dimmer 00 (2)                     ;1000.0;LATERA;RED 4;0.0;0.0;0.0
5;52;;DIM;0;116;2 Dimmer 00 (2)                     ;750.0;BANHEI;BANHEIRA FRT;0.0;0.0;0.0
5;53;;DIM;26;116;2 Dimmer 00 (2)                     ;750.0;BANHEI;BANHEIRA PIC.;76.4705882353;8870.5882352941;2.4640522876
5;54;;DIM;31.5;116;2 Dimmer 00 (2)                     ;750.0;BANHEI;BANHEIRA CRT;92.6470588235;10747.0588235294;2.9852941176
5;55;;DIM;0;116;2 Dimmer 00 (2)                     ;1000.0;BANCOS;BANCO FR L;0.0;0.0;0.0
5;56;;DIM;0;116;2 Dimmer 00 (2)                     ;1000.0;BANCOS;BANCO CRT L;0.0;0.0;0.0
5;57;;DIM;0;116;2 Dimmer 00 (2)                     ;1000.0;BANCOS;BANCO FR R;0.0;0.0;0.0
5;58;;DIM;0;116;2 Dimmer 00 (2)                     ;1000.0;BANCOS;BANCO CRT R;0.0;0.0;0.0
5;59;;DIM;0;116;2 Dimmer 00 (2)                     ;750.0;CADEIR;COUMIER;0.0;0.0;0.0
5;60;;DIM;0;116;2 Dimmer 00 (2)                     ;750.0;GUILHO;GUILHO PIC.;0.0;0.0;0.0
5;61;;DIM;0;116;2 Dimmer 00 (2)                     ;750.0;GUILHO;GUILHO CRT;0.0;0.0;0.0
5;62;;DIM;0;116;2 Dimmer 00 (2)                     ;1000.0;CANTOR;CANTORES CRT;0.0;0.0;0.0
5;63;;DIM;0;116;2 Dimmer 00 (2)                     ;1000.0;PORTA ;PORTA FR PICADO;0.0;0.0;0.0
5;64;;DIM;0;116;2 Dimmer 00 (2)                     ;1000.0;PORTA ;PORTA CRT;0.0;0.0;0.0
5;73;;DIM;0;116;2 Dimmer 00 (2)                     ;750.0;PORTA ;PORTA RÉGIE;0.0;0.0;0.0
5;65;;DIM;0;116;2 Dimmer 00 (2)                     ;1000.0;MUSICO;MUSICO FR;0.0;0.0;0.0
5;66;;DIM;0;116;2 Dimmer 00 (2)                     ;1000.0;MUSICO;PAUTAS CRT;0.0;0.0;0.0
5;67;;DIM;0;116;2 Dimmer 00 (2)                     ;750.0;MUSICO;KEYS;0.0;0.0;0.0
5;68;;DIM;0;116;2 Dimmer 00 (2)                     ;1000.0;ALCOVA;DIR ALCOVA;0.0;0.0;0.0
5;69;;DIM;0;116;2 Dimmer 00 (2)                     ;1000.0;ALCOVA;BANHEIRA DIR;0.0;0.0;0.0
5;70;;DIM;0;116;2 Dimmer 00 (2)                     ;750.0;ALCOVA;ESQ ALCOVA;0.0;0.0;0.0
5;71;;DIM;0;116;2 Dimmer 00 (2)                     ;750.0;ALCOVA;BANHEIRA ESQ;0.0;0.0;0.0
5;72;;DIM;10.5;116;2 Dimmer 00 (2)                     ;3000.0;FUMO  ;VAPOR;123.5294117647;14329.4117647059;3.9803921569
5;231;;DIM;0;116;2 Dimmer 00 (2)                     ;3000.0;VENTOI;FAN 1;0.0;0.0;0.0
5;232;;DIM;0;116;2 Dimmer 00 (2)                     ;1000.0;CODA P;PUB 1;0.0;0.0;0.0
5;233;;DIM;0;116;2 Dimmer 00 (2)                     ;1000.0;CODA P;PUB 2;0.0;0.0;0.0
5;234;;DIM;0;116;2 Dimmer 00 (2)                     ;1000.0;CODA P;PUB 3;0.0;0.0;0.0
5;235;;DIM;0;116;2 Dimmer 00 (2)                     ;1000.0;CODA P;PUB 4;0.0;0.0;0.0
6;69;;DIM;27.5;278;2 Dimmer 00 (2)                     ;1000.0;ALCOVA;BANHEIRA DIR;107.8431372549;29980.3921568627;8.3278867102
6;71;;DIM;27.5;278;2 Dimmer 00 (2)                     ;750.0;ALCOVA;BANHEIRA ESQ;80.8823529412;22485.2941176471;6.2459150327
11;11;;DIM;15.5;278;2 Dimmer 00 (2)                     ;1000.0;FRENTE;FT 201_3.1;60.7843137255;16898.0392156863;4.6938997821
11;12;;DIM;15.5;278;2 Dimmer 00 (2)                     ;1000.0;FRENTE;FT 201_3.2;60.7843137255;16898.0392156863;4.6938997821
11;13;;DIM;15.5;278;2 Dimmer 00 (2)                     ;1000.0;FRENTE;FT 201_3.3;60.7843137255;16898.0392156863;4.6938997821
11;14;;DIM;15.5;278;2 Dimmer 00 (2)                     ;1000.0;FRENTE;FT 201_3.4;60.7843137255;16898.0392156863;4.6938997821
11;15;;DIM;15.5;278;2 Dimmer 00 (2)                     ;1000.0;FRENTE;FT 201_3.5;60.7843137255;16898.0392156863;4.6938997821
11;16;;DIM;15.5;278;2 Dimmer 00 (2)                     ;1000.0;FRENTE;FT 201_4.1;60.7843137255;16898.0392156863;4.6938997821
11;17;;DIM;15.5;278;2 Dimmer 00 (2)                     ;1000.0;FRENTE;FT 201_4.2;60.7843137255;16898.0392156863;4.6938997821
11;18;;DIM;15.5;278;2 Dimmer 00 (2)                     ;1000.0;FRENTE;FT 201_4.3;60.7843137255;16898.0392156863;4.6938997821
12;1;;DIM;30;159;2 Dimmer 00 (2)                     ;2000.0;FRENTE;FT 1.1;235.2941176471;37411.7647058823;10.3921568627
12;2;;DIM;30;159;2 Dimmer 00 (2)                     ;2000.0;FRENTE;FT 1.2;235.2941176471;37411.7647058823;10.3921568627
12;3;;DIM;30;159;2 Dimmer 00 (2)                     ;2000.0;FRENTE;FT 1.3;235.2941176471;37411.7647058823;10.3921568627
12;4;;DIM;30;159;2 Dimmer 00 (2)                     ;2000.0;FRENTE;FT 1.4;235.2941176471;37411.7647058823;10.3921568627
12;5;;DIM;30;159;2 Dimmer 00 (2)                     ;2000.0;FRENTE;FT 1.5;235.2941176471;37411.7647058823;10.3921568627
12;6;;DIM;0;159;2 Dimmer 00 (2)                     ;2000.0;FRENTE;FT 2.1;0.0;0.0;0.0
12;7;;DIM;0;159;2 Dimmer 00 (2)                     ;2000.0;FRENTE;FT 2.2;0.0;0.0;0.0
12;8;;DIM;0;159;2 Dimmer 00 (2)                     ;2000.0;FRENTE;FT 2.3;0.0;0.0;0.0
12;9;;DIM;0;159;2 Dimmer 00 (2)                     ;2000.0;FRENTE;FT 2.4;0.0;0.0;0.0
12;10;;DIM;0;159;2 Dimmer 00 (2)                     ;2000.0;FRENTE;FT 2.5;0.0;0.0;0.0
12;11;;DIM;21;159;2 Dimmer 00 (2)                     ;1000.0;FRENTE;FT 201_3.1;82.3529411765;13094.1176470588;3.637254902
12;12;;DIM;21;159;2 Dimmer 00 (2)                     ;1000.0;FRENTE;FT 201_3.2;82.3529411765;13094.1176470588;3.637254902
12;13;;DIM;21;159;2 Dimmer 00 (2)                     ;1000.0;FRENTE;FT 201_3.3;82.3529411765;13094.1176470588;3.637254902
12;14;;DIM;21;159;2 Dimmer 00 (2)                     ;1000.0;FRENTE;FT 201_3.4;82.3529411765;13094.1176470588;3.637254902
12;15;;DIM;21;159;2 Dimmer 00 (2)                     ;1000.0;FRENTE;FT 201_3.5;82.3529411765;13094.1176470588;3.637254902
12;16;;DIM;21;159;2 Dimmer 00 (2)                     ;1000.0;FRENTE;FT 201_4.1;82.3529411765;13094.1176470588;3.637254902
12;17;;DIM;21;159;2 Dimmer 00 (2)                     ;1000.0;FRENTE;FT 201_4.2;82.3529411765;13094.1176470588;3.637254902
12;18;;DIM;21;159;2 Dimmer 00 (2)                     ;1000.0;FRENTE;FT 201_4.3;82.3529411765;13094.1176470588;3.637254902
12;19;;DIM;27.5;159;2 Dimmer 00 (2)                     ;1000.0;FRENTE;FT 115_3.1;107.8431372549;17147.0588235294;4.7630718954
12;20;;DIM;27.5;159;2 Dimmer 00 (2)                     ;1000.0;FRENTE;FT 115_3.2;107.8431372549;17147.0588235294;4.7630718954
12;21;;DIM;27.5;159;2 Dimmer 00 (2)                     ;1000.0;FRENTE;FT 115_3.3;107.8431372549;17147.0588235294;4.7630718954
12;22;;DIM;27.5;159;2 Dimmer 00 (2)                     ;1000.0;FRENTE;FT 115_3.4;107.8431372549;17147.0588235294;4.7630718954
12;23;;DIM;27.5;159;2 Dimmer 00 (2)                     ;1000.0;FRENTE;FT 115_3.5;107.8431372549;17147.0588235294;4.7630718954
12;24;;DIM;27.5;159;2 Dimmer 00 (2)                     ;1000.0;FRENTE;FT 115_4.1;107.8431372549;17147.0588235294;4.7630718954
12;25;;DIM;27.5;159;2 Dimmer 00 (2)                     ;1000.0;FRENTE;FT 115_4.2;107.8431372549;17147.0588235294;4.7630718954
12;26;;DIM;27.5;159;2 Dimmer 00 (2)                     ;1000.0;FRENTE;FT 115_4.3;107.8431372549;17147.0588235294;4.7630718954
12;27;;DIM;0;159;2 Dimmer 00 (2)                     ;1000.0;CONTRA;CRT 201_1.1;0.0;0.0;0.0
12;28;;DIM;0;159;2 Dimmer 00 (2)                     ;1000.0;CONTRA;CRT 201_1.2;0.0;0.0;0.0
12;29;;DIM;0;159;2 Dimmer 00 (2)                     ;1000.0;CONTRA;CRT 201_1.3;0.0;0.0;0.0
12;30;;DIM;0;159;2 Dimmer 00 (2)                     ;1000.0;CONTRA;CRT 201_1.4;0.0;0.0;0.0
12;31;;DIM;0;159;2 Dimmer 00 (2)                     ;1000.0;CONTRA;CRT 201_2.1;0.0;0.0;0.0
12;32;;DIM;0;159;2 Dimmer 00 (2)                     ;1000.0;CONTRA;CRT 201_2.2;0.0;0.0;0.0
12;33;;DIM;0;159;2 Dimmer 00 (2)                     ;1000.0;CONTRA;CRT 201_2.3;0.0;0.0;0.0
12;34;;DIM;37;159;2 Dimmer 00 (2)                     ;1000.0;CONTRA;CRT 115_1.1;145.0980392157;23070.5882352941;6.408496732
12;35;;DIM;37;159;2 Dimmer 00 (2)                     ;1000.0;CONTRA;CRT 115_1.2;145.0980392157;23070.5882352941;6.408496732
12;36;;DIM;37;159;2 Dimmer 00 (2)                     ;1000.0;CONTRA;CRT 115_1.3;145.0980392157;23070.5882352941;6.408496732
12;37;;DIM;37;159;2 Dimmer 00 (2)                     ;1000.0;CONTRA;CRT 115_1.4;145.0980392157;23070.5882352941;6.408496732
12;38;;DIM;37;159;2 Dimmer 00 (2)                     ;1000.0;CONTRA;CRT 115_2.1;145.0980392157;23070.5882352941;6.408496732
12;39;;DIM;37;159;2 Dimmer 00 (2)                     ;1000.0;CONTRA;CRT 115_2.2;145.0980392157;23070.5882352941;6.408496732
12;40;;DIM;37;159;2 Dimmer 00 (2)                     ;1000.0;CONTRA;CRT 115_2.3;145.0980392157;23070.5882352941;6.408496732
12;41;;DIM;37;159;2 Dimmer 00 (2)                     ;750.0;LEQUE ;PAREDE 1;108.8235294118;17302.9411764706;4.806372549
12;42;;DIM;37;159;2 Dimmer 00 (2)                     ;750.0;LEQUE ;PAREDE 2;108.8235294118;17302.9411764706;4.806372549
12;43;;DIM;37;159;2 Dimmer 00 (2)                     ;750.0;LEQUE ;PAREDE 3;108.8235294118;17302.9411764706;4.806372549
12;44;;DIM;37;159;2 Dimmer 00 (2)                     ;750.0;LEQUE ;PAREDE 4;108.8235294118;17302.9411764706;4.806372549
12;45;;DIM;37;159;2 Dimmer 00 (2)                     ;750.0;LEQUE ;PAREDE 5;108.8235294118;17302.9411764706;4.806372549
12;46;;DIM;37;159;2 Dimmer 00 (2)                     ;750.0;LEQUE ;PAREDE 6;108.8235294118;17302.9411764706;4.806372549
12;47;;DIM;37;159;2 Dimmer 00 (2)                     ;750.0;LEQUE ;PAREDE 7;108.8235294118;17302.9411764706;4.806372549
12;48;;DIM;0;159;2 Dimmer 00 (2)                     ;1000.0;LATERA;RED 1;0.0;0.0;0.0
12;49;;DIM;0;159;2 Dimmer 00 (2)                     ;1000.0;LATERA;RED 2;0.0;0.0;0.0
12;50;;DIM;0;159;2 Dimmer 00 (2)                     ;1000.0;LATERA;RED 3;0.0;0.0;0.0
12;51;;DIM;0;159;2 Dimmer 00 (2)                     ;1000.0;LATERA;RED 4;0.0;0.0;0.0
12;52;;DIM;18.5;159;2 Dimmer 00 (2)                     ;750.0;BANHEI;BANHEIRA FRT;54.4117647059;8651.4705882353;2.4031862745
12;53;;DIM;26;159;2 Dimmer 00 (2)                     ;750.0;BANHEI;BANHEIRA PIC.;76.4705882353;12158.8235294118;3.3774509804
12;54;;DIM;31.5;159;2 Dimmer 00 (2)                     ;750.0;BANHEI;BANHEIRA CRT;92.6470588235;14730.8823529412;4.0919117647
12;55;;DIM;0;159;2 Dimmer 00 (2)                     ;1000.0;BANCOS;BANCO FR L;0.0;0.0;0.0
12;56;;DIM;0;159;2 Dimmer 00 (2)                     ;1000.0;BANCOS;BANCO CRT L;0.0;0.0;0.0
12;57;;DIM;0;159;2 Dimmer 00 (2)                     ;1000.0;BANCOS;BANCO FR R;0.0;0.0;0.0
12;58;;DIM;0;159;2 Dimmer 00 (2)                     ;1000.0;BANCOS;BANCO CRT R;0.0;0.0;0.0
12;59;;DIM;0;159;2 Dimmer 00 (2)                     ;750.0;CADEIR;COUMIER;0.0;0.0;0.0
12;60;;DIM;0;159;2 Dimmer 00 (2)                     ;750.0;GUILHO;GUILHO PIC.;0.0;0.0;0.0
12;61;;DIM;0;159;2 Dimmer 00 (2)                     ;750.0;GUILHO;GUILHO CRT;0.0;0.0;0.0
12;62;;DIM;0;159;2 Dimmer 00 (2)                     ;1000.0;CANTOR;CANTORES CRT;0.0;0.0;0.0
12;63;;DIM;0;159;2 Dimmer 00 (2)                     ;1000.0;PORTA ;PORTA FR PICADO;0.0;0.0;0.0
12;64;;DIM;0;159;2 Dimmer 00 (2)                     ;1000.0;PORTA ;PORTA CRT;0.0;0.0;0.0
12;73;;DIM;0;159;2 Dimmer 00 (2)                     ;750.0;PORTA ;PORTA RÉGIE;0.0;0.0;0.0
12;65;;DIM;0;159;2 Dimmer 00 (2)                     ;1000.0;MUSICO;MUSICO FR;0.0;0.0;0.0
12;66;;DIM;0;159;2 Dimmer 00 (2)                     ;1000.0;MUSICO;PAUTAS CRT;0.0;0.0;0.0
12;67;;DIM;0;159;2 Dimmer 00 (2)                     ;750.0;MUSICO;KEYS;0.0;0.0;0.0
12;68;;DIM;0;159;2 Dimmer 00 (2)                     ;1000.0;ALCOVA;DIR ALCOVA;0.0;0.0;0.0
12;69;;DIM;29;159;2 Dimmer 00 (2)                     ;1000.0;ALCOVA;BANHEIRA DIR;113.7254901961;18082.3529411765;5.022875817
12;70;;DIM;0;159;2 Dimmer 00 (2)                     ;750.0;ALCOVA;ESQ ALCOVA;0.0;0.0;0.0
12;71;;DIM;29;159;2 Dimmer 00 (2)                     ;750.0;ALCOVA;BANHEIRA ESQ;85.2941176471;13561.7647058824;3.7671568627
12;72;;DIM;0;159;2 Dimmer 00 (2)                     ;3000.0;FUMO  ;VAPOR;0.0;0.0;0.0
12;231;;DIM;0;159;2 Dimmer 00 (2)                     ;3000.0;VENTOI;FAN 1;0.0;0.0;0.0
12;232;;DIM;0;159;2 Dimmer 00 (2)                     ;1000.0;CODA P;PUB 1;0.0;0.0;0.0
12;233;;DIM;0;159;2 Dimmer 00 (2)                     ;1000.0;CODA P;PUB 2;0.0;0.0;0.0
12;234;;DIM;0;159;2 Dimmer 00 (2)                     ;1000.0;CODA P;PUB 3;0.0;0.0;0.0
12;235;;DIM;0;159;2 Dimmer 00 (2)                     ;1000.0;CODA P;PUB 4;0.0;0.0;0.0
15;1;;DIM;30;223;2 Dimmer 00 (2)                     ;2000.0;FRENTE;FT 1.1;235.2941176471;52470.5882352941;14.5751633987
15;2;;DIM;30;223;2 Dimmer 00 (2)                     ;2000.0;FRENTE;FT 1.2;235.2941176471;52470.5882352941;14.5751633987
15;3;;DIM;30;223;2 Dimmer 00 (2)                     ;2000.0;FRENTE;FT 1.3;235.2941176471;52470.5882352941;14.5751633987
15;4;;DIM;30;223;2 Dimmer 00 (2)                     ;2000.0;FRENTE;FT 1.4;235.2941176471;52470.5882352941;14.5751633987
15;5;;DIM;30;223;2 Dimmer 00 (2)                     ;2000.0;FRENTE;FT 1.5;235.2941176471;52470.5882352941;14.5751633987
15;6;;DIM;0;223;2 Dimmer 00 (2)                     ;2000.0;FRENTE;FT 2.1;0.0;0.0;0.0
15;7;;DIM;0;223;2 Dimmer 00 (2)                     ;2000.0;FRENTE;FT 2.2;0.0;0.0;0.0
15;8;;DIM;0;223;2 Dimmer 00 (2)                     ;2000.0;FRENTE;FT 2.3;0.0;0.0;0.0
15;9;;DIM;0;223;2 Dimmer 00 (2)                     ;2000.0;FRENTE;FT 2.4;0.0;0.0;0.0
15;10;;DIM;0;223;2 Dimmer 00 (2)                     ;2000.0;FRENTE;FT 2.5;0.0;0.0;0.0
15;11;;DIM;21;223;2 Dimmer 00 (2)                     ;1000.0;FRENTE;FT 201_3.1;82.3529411765;18364.7058823529;5.1013071895
15;12;;DIM;21;223;2 Dimmer 00 (2)                     ;1000.0;FRENTE;FT 201_3.2;82.3529411765;18364.7058823529;5.1013071895
15;13;;DIM;21;223;2 Dimmer 00 (2)                     ;1000.0;FRENTE;FT 201_3.3;82.3529411765;18364.7058823529;5.1013071895
15;14;;DIM;21;223;2 Dimmer 00 (2)                     ;1000.0;FRENTE;FT 201_3.4;82.3529411765;18364.7058823529;5.1013071895
15;15;;DIM;21;223;2 Dimmer 00 (2)                     ;1000.0;FRENTE;FT 201_3.5;82.3529411765;18364.7058823529;5.1013071895
15;16;;DIM;21;223;2 Dimmer 00 (2)                     ;1000.0;FRENTE;FT 201_4.1;82.3529411765;18364.7058823529;5.1013071895
15;17;;DIM;21;223;2 Dimmer 00 (2)                     ;1000.0;FRENTE;FT 201_4.2;82.3529411765;18364.7058823529;5.1013071895
15;18;;DIM;21;223;2 Dimmer 00 (2)                     ;1000.0;FRENTE;FT 201_4.3;82.3529411765;18364.7058823529;5.1013071895
15;19;;DIM;27.5;223;2 Dimmer 00 (2)                     ;1000.0;FRENTE;FT 115_3.1;107.8431372549;24049.0196078431;6.6802832244
15;20;;DIM;27.5;223;2 Dimmer 00 (2)                     ;1000.0;FRENTE;FT 115_3.2;107.8431372549;24049.0196078431;6.6802832244
15;21;;DIM;27.5;223;2 Dimmer 00 (2)                     ;1000.0;FRENTE;FT 115_3.3;107.8431372549;24049.0196078431;6.6802832244
15;22;;DIM;27.5;223;2 Dimmer 00 (2)                     ;1000.0;FRENTE;FT 115_3.4;107.8431372549;24049.0196078431;6.6802832244
15;23;;DIM;27.5;223;2 Dimmer 00 (2)                     ;1000.0;FRENTE;FT 115_3.5;107.8431372549;24049.0196078431;6.6802832244
15;24;;DIM;27.5;223;2 Dimmer 00 (2)                     ;1000.0;FRENTE;FT 115_4.1;107.8431372549;24049.0196078431;6.6802832244
15;25;;DIM;27.5;223;2 Dimmer 00 (2)                     ;1000.0;FRENTE;FT 115_4.2;107.8431372549;24049.0196078431;6.6802832244
15;26;;DIM;27.5;223;2 Dimmer 00 (2)                     ;1000.0;FRENTE;FT 115_4.3;107.8431372549;24049.0196078431;6.6802832244
15;27;;DIM;0;223;2 Dimmer 00 (2)                     ;1000.0;CONTRA;CRT 201_1.1;0.0;0.0;0.0
15;28;;DIM;0;223;2 Dimmer 00 (2)                     ;1000.0;CONTRA;CRT 201_1.2;0.0;0.0;0.0
15;29;;DIM;0;223;2 Dimmer 00 (2)                     ;1000.0;CONTRA;CRT 201_1.3;0.0;0.0;0.0
15;30;;DIM;0;223;2 Dimmer 00 (2)                     ;1000.0;CONTRA;CRT 201_1.4;0.0;0.0;0.0
15;31;;DIM;0;223;2 Dimmer 00 (2)                     ;1000.0;CONTRA;CRT 201_2.1;0.0;0.0;0.0
15;32;;DIM;0;223;2 Dimmer 00 (2)                     ;1000.0;CONTRA;CRT 201_2.2;0.0;0.0;0.0
15;33;;DIM;0;223;2 Dimmer 00 (2)                     ;1000.0;CONTRA;CRT 201_2.3;0.0;0.0;0.0
15;34;;DIM;37;223;2 Dimmer 00 (2)                     ;1000.0;CONTRA;CRT 115_1.1;145.0980392157;32356.862745098;8.9880174292
15;35;;DIM;37;223;2 Dimmer 00 (2)                     ;1000.0;CONTRA;CRT 115_1.2;145.0980392157;32356.862745098;8.9880174292
15;36;;DIM;37;223;2 Dimmer 00 (2)                     ;1000.0;CONTRA;CRT 115_1.3;145.0980392157;32356.862745098;8.9880174292
15;37;;DIM;37;223;2 Dimmer 00 (2)                     ;1000.0;CONTRA;CRT 115_1.4;145.0980392157;32356.862745098;8.9880174292
15;38;;DIM;37;223;2 Dimmer 00 (2)                     ;1000.0;CONTRA;CRT 115_2.1;145.0980392157;32356.862745098;8.9880174292
15;39;;DIM;37;223;2 Dimmer 00 (2)                     ;1000.0;CONTRA;CRT 115_2.2;145.0980392157;32356.862745098;8.9880174292
15;40;;DIM;37;223;2 Dimmer 00 (2)                     ;1000.0;CONTRA;CRT 115_2.3;145.0980392157;32356.862745098;8.9880174292
15;41;;DIM;37;223;2 Dimmer 00 (2)                     ;750.0;LEQUE ;PAREDE 1;108.8235294118;24267.6470588235;6.7410130719
15;42;;DIM;37;223;2 Dimmer 00 (2)                     ;750.0;LEQUE ;PAREDE 2;108.8235294118;24267.6470588235;6.7410130719
15;43;;DIM;37;223;2 Dimmer 00 (2)                     ;750.0;LEQUE ;PAREDE 3;108.8235294118;24267.6470588235;6.7410130719
15;44;;DIM;37;223;2 Dimmer 00 (2)                     ;750.0;LEQUE ;PAREDE 4;108.8235294118;24267.6470588235;6.7410130719
15;45;;DIM;37;223;2 Dimmer 00 (2)                     ;750.0;LEQUE ;PAREDE 5;108.8235294118;24267.6470588235;6.7410130719
15;46;;DIM;37;223;2 Dimmer 00 (2)                     ;750.0;LEQUE ;PAREDE 6;108.8235294118;24267.6470588235;6.7410130719
15;47;;DIM;37;223;2 Dimmer 00 (2)                     ;750.0;LEQUE ;PAREDE 7;108.8235294118;24267.6470588235;6.7410130719
15;48;;DIM;0;223;2 Dimmer 00 (2)                     ;1000.0;LATERA;RED 1;0.0;0.0;0.0
15;49;;DIM;0;223;2 Dimmer 00 (2)                     ;1000.0;LATERA;RED 2;0.0;0.0;0.0
15;50;;DIM;0;223;2 Dimmer 00 (2)                     ;1000.0;LATERA;RED 3;0.0;0.0;0.0
15;51;;DIM;0;223;2 Dimmer 00 (2)                     ;1000.0;LATERA;RED 4;0.0;0.0;0.0
15;52;;DIM;8.5;223;2 Dimmer 00 (2)                     ;750.0;BANHEI;BANHEIRA FRT;25.0;5575.0;1.5486111111
15;53;;DIM;26;223;2 Dimmer 00 (2)                     ;750.0;BANHEI;BANHEIRA PIC.;76.4705882353;17052.9411764706;4.7369281046
15;54;;DIM;31.5;223;2 Dimmer 00 (2)                     ;750.0;BANHEI;BANHEIRA CRT;92.6470588235;20660.2941176471;5.7389705882
15;55;;DIM;0;223;2 Dimmer 00 (2)                     ;1000.0;BANCOS;BANCO FR L;0.0;0.0;0.0
15;56;;DIM;0;223;2 Dimmer 00 (2)                     ;1000.0;BANCOS;BANCO CRT L;0.0;0.0;0.0
15;57;;DIM;0;223;2 Dimmer 00 (2)                     ;1000.0;BANCOS;BANCO FR R;0.0;0.0;0.0
15;58;;DIM;0;223;2 Dimmer 00 (2)                     ;1000.0;BANCOS;BANCO CRT R;0.0;0.0;0.0
15;59;;DIM;0;223;2 Dimmer 00 (2)                     ;750.0;CADEIR;COUMIER;0.0;0.0;0.0
15;60;;DIM;0;223;2 Dimmer 00 (2)                     ;750.0;GUILHO;GUILHO PIC.;0.0;0.0;0.0
15;61;;DIM;0;223;2 Dimmer 00 (2)                     ;750.0;GUILHO;GUILHO CRT;0.0;0.0;0.0
15;62;;DIM;0;223;2 Dimmer 00 (2)                     ;1000.0;CANTOR;CANTORES CRT;0.0;0.0;0.0
15;63;;DIM;0;223;2 Dimmer 00 (2)                     ;1000.0;PORTA ;PORTA FR PICADO;0.0;0.0;0.0
15;64;;DIM;0;223;2 Dimmer 00 (2)                     ;1000.0;PORTA ;PORTA CRT;0.0;0.0;0.0
15;73;;DIM;0;223;2 Dimmer 00 (2)                     ;750.0;PORTA ;PORTA RÉGIE;0.0;0.0;0.0
15;65;;DIM;0;223;2 Dimmer 00 (2)                     ;1000.0;MUSICO;MUSICO FR;0.0;0.0;0.0
15;66;;DIM;0;223;2 Dimmer 00 (2)                     ;1000.0;MUSICO;PAUTAS CRT;0.0;0.0;0.0
15;67;;DIM;0;223;2 Dimmer 00 (2)                     ;750.0;MUSICO;KEYS;0.0;0.0;0.0
15;68;;DIM;0;223;2 Dimmer 00 (2)                     ;1000.0;ALCOVA;DIR ALCOVA;0.0;0.0;0.0
15;69;;DIM;22;223;2 Dimmer 00 (2)                     ;1000.0;ALCOVA;BANHEIRA DIR;86.2745098039;19239.2156862745;5.3442265795
15;70;;DIM;0;223;2 Dimmer 00 (2)                     ;750.0;ALCOVA;ESQ ALCOVA;0.0;0.0;0.0
15;71;;DIM;22;223;2 Dimmer 00 (2)                     ;750.0;ALCOVA;BANHEIRA ESQ;64.7058823529;14429.4117647059;4.0081699346
15;72;;DIM;0;223;2 Dimmer 00 (2)                     ;3000.0;FUMO  ;VAPOR;0.0;0.0;0.0
15;231;;DIM;0;223;2 Dimmer 00 (2)                     ;3000.0;VENTOI;FAN 1;0.0;0.0;0.0
15;232;;DIM;0;223;2 Dimmer 00 (2)                     ;1000.0;CODA P;PUB 1;0.0;0.0;0.0
15;233;;DIM;0;223;2 Dimmer 00 (2)                     ;1000.0;CODA P;PUB 2;0.0;0.0;0.0
15;234;;DIM;0;223;2 Dimmer 00 (2)                     ;1000.0;CODA P;PUB 3;0.0;0.0;0.0
15;235;;DIM;0;223;2 Dimmer 00 (2)                     ;1000.0;CODA P;PUB 4;0.0;0.0;0.0
16;1;;DIM;0;91;2 Dimmer 00 (2)                     ;2000.0;FRENTE;FT 1.1;0.0;0.0;0.0
16;2;;DIM;0;91;2 Dimmer 00 (2)                     ;2000.0;FRENTE;FT 1.2;0.0;0.0;0.0
16;3;;DIM;0;91;2 Dimmer 00 (2)                     ;2000.0;FRENTE;FT 1.3;0.0;0.0;0.0
16;4;;DIM;0;91;2 Dimmer 00 (2)                     ;2000.0;FRENTE;FT 1.4;0.0;0.0;0.0
16;5;;DIM;0;91;2 Dimmer 00 (2)                     ;2000.0;FRENTE;FT 1.5;0.0;0.0;0.0
16;6;;DIM;0;91;2 Dimmer 00 (2)                     ;2000.0;FRENTE;FT 2.1;0.0;0.0;0.0
16;7;;DIM;0;91;2 Dimmer 00 (2)                     ;2000.0;FRENTE;FT 2.2;0.0;0.0;0.0
16;8;;DIM;13.5;91;2 Dimmer 00 (2)                     ;2000.0;FRENTE;FT 2.3;105.8823529412;9635.2941176471;2.6764705882
16;9;;DIM;20;91;2 Dimmer 00 (2)                     ;2000.0;FRENTE;FT 2.4;156.862745098;14274.5098039216;3.9651416122
16;10;;DIM;19;91;2 Dimmer 00 (2)                     ;2000.0;FRENTE;FT 2.5;149.0196078431;13560.7843137255;3.7668845316
16;11;;DIM;0;91;2 Dimmer 00 (2)                     ;1000.0;FRENTE;FT 201_3.1;0.0;0.0;0.0
16;12;;DIM;0;91;2 Dimmer 00 (2)                     ;1000.0;FRENTE;FT 201_3.2;0.0;0.0;0.0
16;13;;DIM;0;91;2 Dimmer 00 (2)                     ;1000.0;FRENTE;FT 201_3.3;0.0;0.0;0.0
16;14;;DIM;0;91;2 Dimmer 00 (2)                     ;1000.0;FRENTE;FT 201_3.4;0.0;0.0;0.0
16;15;;DIM;0;91;2 Dimmer 00 (2)                     ;1000.0;FRENTE;FT 201_3.5;0.0;0.0;0.0
16;16;;DIM;12;91;2 Dimmer 00 (2)                     ;1000.0;FRENTE;FT 201_4.1;47.0588235294;4282.3529411765;1.1895424837
16;17;;DIM;12;91;2 Dimmer 00 (2)                     ;1000.0;FRENTE;FT 201_4.2;47.0588235294;4282.3529411765;1.1895424837
16;18;;DIM;12;91;2 Dimmer 00 (2)                     ;1000.0;FRENTE;FT 201_4.3;47.0588235294;4282.3529411765;1.1895424837
16;19;;DIM;0;91;2 Dimmer 00 (2)                     ;1000.0;FRENTE;FT 115_3.1;0.0;0.0;0.0
16;20;;DIM;0;91;2 Dimmer 00 (2)                     ;1000.0;FRENTE;FT 115_3.2;0.0;0.0;0.0
16;21;;DIM;0;91;2 Dimmer 00 (2)                     ;1000.0;FRENTE;FT 115_3.3;0.0;0.0;0.0
16;22;;DIM;0;91;2 Dimmer 00 (2)                     ;1000.0;FRENTE;FT 115_3.4;0.0;0.0;0.0
16;23;;DIM;0;91;2 Dimmer 00 (2)                     ;1000.0;FRENTE;FT 115_3.5;0.0;0.0;0.0
16;24;;DIM;0;91;2 Dimmer 00 (2)                     ;1000.0;FRENTE;FT 115_4.1;0.0;0.0;0.0
16;25;;DIM;0;91;2 Dimmer 00 (2)                     ;1000.0;FRENTE;FT 115_4.2;0.0;0.0;0.0
16;26;;DIM;0;91;2 Dimmer 00 (2)                     ;1000.0;FRENTE;FT 115_4.3;0.0;0.0;0.0
16;27;;DIM;0;91;2 Dimmer 00 (2)                     ;1000.0;CONTRA;CRT 201_1.1;0.0;0.0;0.0
16;28;;DIM;0;91;2 Dimmer 00 (2)                     ;1000.0;CONTRA;CRT 201_1.2;0.0;0.0;0.0
16;29;;DIM;0;91;2 Dimmer 00 (2)                     ;1000.0;CONTRA;CRT 201_1.3;0.0;0.0;0.0
16;30;;DIM;0;91;2 Dimmer 00 (2)                     ;1000.0;CONTRA;CRT 201_1.4;0.0;0.0;0.0
16;31;;DIM;0;91;2 Dimmer 00 (2)                     ;1000.0;CONTRA;CRT 201_2.1;0.0;0.0;0.0
16;32;;DIM;0;91;2 Dimmer 00 (2)                     ;1000.0;CONTRA;CRT 201_2.2;0.0;0.0;0.0
16;33;;DIM;0;91;2 Dimmer 00 (2)                     ;1000.0;CONTRA;CRT 201_2.3;0.0;0.0;0.0
16;34;;DIM;27.5;91;2 Dimmer 00 (2)                     ;1000.0;CONTRA;CRT 115_1.1;107.8431372549;9813.7254901961;2.7260348584
16;35;;DIM;27.5;91;2 Dimmer 00 (2)                     ;1000.0;CONTRA;CRT 115_1.2;107.8431372549;9813.7254901961;2.7260348584
16;36;;DIM;18.5;91;2 Dimmer 00 (2)                     ;1000.0;CONTRA;CRT 115_1.3;72.5490196078;6601.9607843137;1.8338779956
16;37;;DIM;27.5;91;2 Dimmer 00 (2)                     ;1000.0;CONTRA;CRT 115_1.4;107.8431372549;9813.7254901961;2.7260348584
16;38;;DIM;27.5;91;2 Dimmer 00 (2)                     ;1000.0;CONTRA;CRT 115_2.1;107.8431372549;9813.7254901961;2.7260348584
16;39;;DIM;27.5;91;2 Dimmer 00 (2)                     ;1000.0;CONTRA;CRT 115_2.2;107.8431372549;9813.7254901961;2.7260348584
16;40;;DIM;18.5;91;2 Dimmer 00 (2)                     ;1000.0;CONTRA;CRT 115_2.3;72.5490196078;6601.9607843137;1.8338779956
16;41;;DIM;31;91;2 Dimmer 00 (2)                     ;750.0;LEQUE ;PAREDE 1;91.1764705882;8297.0588235294;2.3047385621
16;42;;DIM;31;91;2 Dimmer 00 (2)                     ;750.0;LEQUE ;PAREDE 2;91.1764705882;8297.0588235294;2.3047385621
16;43;;DIM;31;91;2 Dimmer 00 (2)                     ;750.0;LEQUE ;PAREDE 3;91.1764705882;8297.0588235294;2.3047385621
16;44;;DIM;31;91;2 Dimmer 00 (2)                     ;750.0;LEQUE ;PAREDE 4;91.1764705882;8297.0588235294;2.3047385621
16;45;;DIM;31;91;2 Dimmer 00 (2)                     ;750.0;LEQUE ;PAREDE 5;91.1764705882;8297.0588235294;2.3047385621
16;46;;DIM;31;91;2 Dimmer 00 (2)                     ;750.0;LEQUE ;PAREDE 6;91.1764705882;8297.0588235294;2.3047385621
16;47;;DIM;31;91;2 Dimmer 00 (2)                     ;750.0;LEQUE ;PAREDE 7;91.1764705882;8297.0588235294;2.3047385621
16;48;;DIM;0;91;2 Dimmer 00 (2)                     ;1000.0;LATERA;RED 1;0.0;0.0;0.0
16;49;;DIM;0;91;2 Dimmer 00 (2)                     ;1000.0;LATERA;RED 2;0.0;0.0;0.0
16;50;;DIM;0;91;2 Dimmer 00 (2)                     ;1000.0;LATERA;RED 3;0.0;0.0;0.0
16;51;;DIM;0;91;2 Dimmer 00 (2)                     ;1000.0;LATERA;RED 4;0.0;0.0;0.0
16;52;;DIM;11.5;91;2 Dimmer 00 (2)                     ;750.0;BANHEI;BANHEIRA FRT;33.8235294118;3077.9411764706;0.8549836601
16;53;;DIM;0;91;2 Dimmer 00 (2)                     ;750.0;BANHEI;BANHEIRA PIC.;0.0;0.0;0.0
16;54;;DIM;50;91;2 Dimmer 00 (2)                     ;750.0;BANHEI;BANHEIRA CRT;147.0588235294;13382.3529411765;3.7173202614
16;55;;DIM;14;91;2 Dimmer 00 (2)                     ;1000.0;BANCOS;BANCO FR L;54.9019607843;4996.0784313725;1.3877995643
16;56;;DIM;0;91;2 Dimmer 00 (2)                     ;1000.0;BANCOS;BANCO CRT L;0.0;0.0;0.0
16;57;;DIM;0;91;2 Dimmer 00 (2)                     ;1000.0;BANCOS;BANCO FR R;0.0;0.0;0.0
16;58;;DIM;0;91;2 Dimmer 00 (2)                     ;1000.0;BANCOS;BANCO CRT R;0.0;0.0;0.0
16;59;;DIM;0;91;2 Dimmer 00 (2)                     ;750.0;CADEIR;COUMIER;0.0;0.0;0.0
16;60;;DIM;13.96;91;2 Dimmer 00 (2)                     ;750.0;GUILHO;GUILHO PIC.;41.0611264706;3736.5625088235;1.0379340302
16;61;;DIM;0;91;2 Dimmer 00 (2)                     ;750.0;GUILHO;GUILHO CRT;0.0;0.0;0.0
16;62;;DIM;0;91;2 Dimmer 00 (2)                     ;1000.0;CANTOR;CANTORES CRT;0.0;0.0;0.0
16;63;;DIM;0;91;2 Dimmer 00 (2)                     ;1000.0;PORTA ;PORTA FR PICADO;0.0;0.0;0.0
16;64;;DIM;0;91;2 Dimmer 00 (2)                     ;1000.0;PORTA ;PORTA CRT;0.0;0.0;0.0
16;73;;DIM;0;91;2 Dimmer 00 (2)                     ;750.0;PORTA ;PORTA RÉGIE;0.0;0.0;0.0
16;65;;DIM;0;91;2 Dimmer 00 (2)                     ;1000.0;MUSICO;MUSICO FR;0.0;0.0;0.0
16;66;;DIM;0;91;2 Dimmer 00 (2)                     ;1000.0;MUSICO;PAUTAS CRT;0.0;0.0;0.0
16;67;;DIM;0;91;2 Dimmer 00 (2)                     ;750.0;MUSICO;KEYS;0.0;0.0;0.0
16;68;;DIM;16.5;91;2 Dimmer 00 (2)                     ;1000.0;ALCOVA;DIR ALCOVA;64.7058823529;5888.2352941176;1.635620915
16;69;;DIM;0;91;2 Dimmer 00 (2)                     ;1000.0;ALCOVA;BANHEIRA DIR;0.0;0.0;0.0
16;70;;DIM;16.5;91;2 Dimmer 00 (2)                     ;750.0;ALCOVA;ESQ ALCOVA;48.5294117647;4416.1764705882;1.2267156863
16;71;;DIM;30;91;2 Dimmer 00 (2)                     ;750.0;ALCOVA;BANHEIRA ESQ;88.2352941176;8029.4117647059;2.2303921569
16;72;;DIM;0;91;2 Dimmer 00 (2)                     ;3000.0;FUMO  ;VAPOR;0.0;0.0;0.0
16;231;;DIM;0;91;2 Dimmer 00 (2)                     ;3000.0;VENTOI;FAN 1;0.0;0.0;0.0
16;232;;DIM;0;91;2 Dimmer 00 (2)                     ;1000.0;CODA P;PUB 1;0.0;0.0;0.0
16;233;;DIM;0;91;2 Dimmer 00 (2)                     ;1000.0;CODA P;PUB 2;0.0;0.0;0.0
16;234;;DIM;0;91;2 Dimmer 00 (2)                     ;1000.0;CODA P;PUB 3;0.0;0.0;0.0
16;235;;DIM;0;91;2 Dimmer 00 (2)                     ;1000.0;CODA P;PUB 4;0.0;0.0;0.0
19;1;;DIM;13.5;359;2 Dimmer 00 (2)                     ;2000.0;FRENTE;FT 1.1;105.8823529412;38011.7647058823;10.5588235294
19;2;;DIM;13.5;359;2 Dimmer 00 (2)                     ;2000.0;FRENTE;FT 1.2;105.8823529412;38011.7647058823;10.5588235294
19;3;;DIM;13.5;359;2 Dimmer 00 (2)                     ;2000.0;FRENTE;FT 1.3;105.8823529412;38011.7647058823;10.5588235294
19;4;;DIM;13.5;359;2 Dimmer 00 (2)                     ;2000.0;FRENTE;FT 1.4;105.8823529412;38011.7647058823;10.5588235294
19;5;;DIM;13.5;359;2 Dimmer 00 (2)                     ;2000.0;FRENTE;FT 1.5;105.8823529412;38011.7647058823;10.5588235294
19;6;;DIM;0;359;2 Dimmer 00 (2)                     ;2000.0;FRENTE;FT 2.1;0.0;0.0;0.0
19;7;;DIM;0;359;2 Dimmer 00 (2)                     ;2000.0;FRENTE;FT 2.2;0.0;0.0;0.0
19;8;;DIM;18;359;2 Dimmer 00 (2)                     ;2000.0;FRENTE;FT 2.3;141.1764705882;50682.3529411765;14.0784313725
19;9;;DIM;29;359;2 Dimmer 00 (2)                     ;2000.0;FRENTE;FT 2.4;227.4509803922;81654.9019607843;22.6819172113
19;10;;DIM;0;359;2 Dimmer 00 (2)                     ;2000.0;FRENTE;FT 2.5;0.0;0.0;0.0
19;11;;DIM;8;359;2 Dimmer 00 (2)                     ;1000.0;FRENTE;FT 201_3.1;31.3725490196;11262.7450980392;3.128540305
19;12;;DIM;8;359;2 Dimmer 00 (2)                     ;1000.0;FRENTE;FT 201_3.2;31.3725490196;11262.7450980392;3.128540305
19;13;;DIM;8;359;2 Dimmer 00 (2)                     ;1000.0;FRENTE;FT 201_3.3;31.3725490196;11262.7450980392;3.128540305
19;14;;DIM;8;359;2 Dimmer 00 (2)                     ;1000.0;FRENTE;FT 201_3.4;31.3725490196;11262.7450980392;3.128540305
19;15;;DIM;8;359;2 Dimmer 00 (2)                     ;1000.0;FRENTE;FT 201_3.5;31.3725490196;11262.7450980392;3.128540305
19;16;;DIM;29;359;2 Dimmer 00 (2)                     ;1000.0;FRENTE;FT 201_4.1;113.7254901961;40827.4509803922;11.3409586057
19;17;;DIM;29;359;2 Dimmer 00 (2)                     ;1000.0;FRENTE;FT 201_4.2;113.7254901961;40827.4509803922;11.3409586057
19;18;;DIM;29;359;2 Dimmer 00 (2)                     ;1000.0;FRENTE;FT 201_4.3;113.7254901961;40827.4509803922;11.3409586057
19;19;;DIM;20.5;359;2 Dimmer 00 (2)                     ;1000.0;FRENTE;FT 115_3.1;80.3921568627;28860.7843137255;8.0168845316
19;20;;DIM;20.5;359;2 Dimmer 00 (2)                     ;1000.0;FRENTE;FT 115_3.2;80.3921568627;28860.7843137255;8.0168845316
19;21;;DIM;20.5;359;2 Dimmer 00 (2)                     ;1000.0;FRENTE;FT 115_3.3;80.3921568627;28860.7843137255;8.0168845316
19;22;;DIM;20.5;359;2 Dimmer 00 (2)                     ;1000.0;FRENTE;FT 115_3.4;80.3921568627;28860.7843137255;8.0168845316
19;23;;DIM;20.5;359;2 Dimmer 00 (2)                     ;1000.0;FRENTE;FT 115_3.5;80.3921568627;28860.7843137255;8.0168845316
19;24;;DIM;20.5;359;2 Dimmer 00 (2)                     ;1000.0;FRENTE;FT 115_4.1;80.3921568627;28860.7843137255;8.0168845316
19;25;;DIM;20.5;359;2 Dimmer 00 (2)                     ;1000.0;FRENTE;FT 115_4.2;80.3921568627;28860.7843137255;8.0168845316
19;26;;DIM;20.5;359;2 Dimmer 00 (2)                     ;1000.0;FRENTE;FT 115_4.3;80.3921568627;28860.7843137255;8.0168845316
19;27;;DIM;0;359;2 Dimmer 00 (2)                     ;1000.0;CONTRA;CRT 201_1.1;0.0;0.0;0.0
19;28;;DIM;0;359;2 Dimmer 00 (2)                     ;1000.0;CONTRA;CRT 201_1.2;0.0;0.0;0.0
19;29;;DIM;0;359;2 Dimmer 00 (2)                     ;1000.0;CONTRA;CRT 201_1.3;0.0;0.0;0.0
19;30;;DIM;0;359;2 Dimmer 00 (2)                     ;1000.0;CONTRA;CRT 201_1.4;0.0;0.0;0.0
19;31;;DIM;0;359;2 Dimmer 00 (2)                     ;1000.0;CONTRA;CRT 201_2.1;0.0;0.0;0.0
19;32;;DIM;0;359;2 Dimmer 00 (2)                     ;1000.0;CONTRA;CRT 201_2.2;0.0;0.0;0.0
19;33;;DIM;0;359;2 Dimmer 00 (2)                     ;1000.0;CONTRA;CRT 201_2.3;0.0;0.0;0.0
19;34;;DIM;44.5;359;2 Dimmer 00 (2)                     ;1000.0;CONTRA;CRT 115_1.1;174.5098039216;62649.0196078431;17.4025054466
19;35;;DIM;44.5;359;2 Dimmer 00 (2)                     ;1000.0;CONTRA;CRT 115_1.2;174.5098039216;62649.0196078431;17.4025054466
19;36;;DIM;35.5;359;2 Dimmer 00 (2)                     ;1000.0;CONTRA;CRT 115_1.3;139.2156862745;49978.431372549;13.8828976035
19;37;;DIM;44.5;359;2 Dimmer 00 (2)                     ;1000.0;CONTRA;CRT 115_1.4;174.5098039216;62649.0196078431;17.4025054466
19;38;;DIM;44.5;359;2 Dimmer 00 (2)                     ;1000.0;CONTRA;CRT 115_2.1;174.5098039216;62649.0196078431;17.4025054466
19;39;;DIM;44.5;359;2 Dimmer 00 (2)                     ;1000.0;CONTRA;CRT 115_2.2;174.5098039216;62649.0196078431;17.4025054466
19;40;;DIM;35.5;359;2 Dimmer 00 (2)                     ;1000.0;CONTRA;CRT 115_2.3;139.2156862745;49978.431372549;13.8828976035
19;41;;DIM;35.5;359;2 Dimmer 00 (2)                     ;750.0;LEQUE ;PAREDE 1;104.4117647059;37483.8235294118;10.4121732026
19;42;;DIM;35.5;359;2 Dimmer 00 (2)                     ;750.0;LEQUE ;PAREDE 2;104.4117647059;37483.8235294118;10.4121732026
19;43;;DIM;35.5;359;2 Dimmer 00 (2)                     ;750.0;LEQUE ;PAREDE 3;104.4117647059;37483.8235294118;10.4121732026
19;44;;DIM;35.5;359;2 Dimmer 00 (2)                     ;750.0;LEQUE ;PAREDE 4;104.4117647059;37483.8235294118;10.4121732026
19;45;;DIM;35.5;359;2 Dimmer 00 (2)                     ;750.0;LEQUE ;PAREDE 5;104.4117647059;37483.8235294118;10.4121732026
19;46;;DIM;35.5;359;2 Dimmer 00 (2)                     ;750.0;LEQUE ;PAREDE 6;104.4117647059;37483.8235294118;10.4121732026
19;47;;DIM;35.5;359;2 Dimmer 00 (2)                     ;750.0;LEQUE ;PAREDE 7;104.4117647059;37483.8235294118;10.4121732026
19;48;;DIM;0;359;2 Dimmer 00 (2)                     ;1000.0;LATERA;RED 1;0.0;0.0;0.0
19;49;;DIM;0;359;2 Dimmer 00 (2)                     ;1000.0;LATERA;RED 2;0.0;0.0;0.0
19;50;;DIM;0;359;2 Dimmer 00 (2)                     ;1000.0;LATERA;RED 3;0.0;0.0;0.0
19;51;;DIM;0;359;2 Dimmer 00 (2)                     ;1000.0;LATERA;RED 4;0.0;0.0;0.0
19;52;;DIM;11.5;359;2 Dimmer 00 (2)                     ;750.0;BANHEI;BANHEIRA FRT;33.8235294118;12142.6470588235;3.3729575163
19;53;;DIM;22.5;359;2 Dimmer 00 (2)                     ;750.0;BANHEI;BANHEIRA PIC.;66.1764705882;23757.3529411765;6.5992647059
19;54;;DIM;53;359;2 Dimmer 00 (2)                     ;750.0;BANHEI;BANHEIRA CRT;155.8823529412;55961.7647058824;15.5449346405
19;55;;DIM;0;359;2 Dimmer 00 (2)                     ;1000.0;BANCOS;BANCO FR L;0.0;0.0;0.0
19;56;;DIM;0;359;2 Dimmer 00 (2)                     ;1000.0;BANCOS;BANCO CRT L;0.0;0.0;0.0
19;57;;DIM;0;359;2 Dimmer 00 (2)                     ;1000.0;BANCOS;BANCO FR R;0.0;0.0;0.0
19;58;;DIM;0;359;2 Dimmer 00 (2)                     ;1000.0;BANCOS;BANCO CRT R;0.0;0.0;0.0
19;59;;DIM;0;359;2 Dimmer 00 (2)                     ;750.0;CADEIR;COUMIER;0.0;0.0;0.0
19;60;;DIM;0;359;2 Dimmer 00 (2)                     ;750.0;GUILHO;GUILHO PIC.;0.0;0.0;0.0
19;61;;DIM;0;359;2 Dimmer 00 (2)                     ;750.0;GUILHO;GUILHO CRT;0.0;0.0;0.0
19;62;;DIM;0;359;2 Dimmer 00 (2)                     ;1000.0;CANTOR;CANTORES CRT;0.0;0.0;0.0
19;63;;DIM;0;359;2 Dimmer 00 (2)                     ;1000.0;PORTA ;PORTA FR PICADO;0.0;0.0;0.0
19;64;;DIM;0;359;2 Dimmer 00 (2)                     ;1000.0;PORTA ;PORTA CRT;0.0;0.0;0.0
19;73;;DIM;0;359;2 Dimmer 00 (2)                     ;750.0;PORTA ;PORTA RÉGIE;0.0;0.0;0.0
19;65;;DIM;0;359;2 Dimmer 00 (2)                     ;1000.0;MUSICO;MUSICO FR;0.0;0.0;0.0
19;66;;DIM;0;359;2 Dimmer 00 (2)                     ;1000.0;MUSICO;PAUTAS CRT;0.0;0.0;0.0
19;67;;DIM;0;359;2 Dimmer 00 (2)                     ;750.0;MUSICO;KEYS;0.0;0.0;0.0
19;68;;DIM;10;359;2 Dimmer 00 (2)                     ;1000.0;ALCOVA;DIR ALCOVA;39.2156862745;14078.431372549;3.9106753813
19;69;;DIM;21.5;359;2 Dimmer 00 (2)                     ;1000.0;ALCOVA;BANHEIRA DIR;84.3137254902;30268.6274509804;8.4079520697
19;70;;DIM;10;359;2 Dimmer 00 (2)                     ;750.0;ALCOVA;ESQ ALCOVA;29.4117647059;10558.8235294118;2.9330065359
19;71;;DIM;21.5;359;2 Dimmer 00 (2)                     ;750.0;ALCOVA;BANHEIRA ESQ;63.2352941176;22701.4705882353;6.3059640523
19;72;;DIM;0;359;2 Dimmer 00 (2)                     ;3000.0;FUMO  ;VAPOR;0.0;0.0;0.0
19;231;;DIM;0;359;2 Dimmer 00 (2)                     ;3000.0;VENTOI;FAN 1;0.0;0.0;0.0
19;232;;DIM;0;359;2 Dimmer 00 (2)                     ;1000.0;CODA P;PUB 1;0.0;0.0;0.0
19;233;;DIM;0;359;2 Dimmer 00 (2)                     ;1000.0;CODA P;PUB 2;0.0;0.0;0.0
19;234;;DIM;0;359;2 Dimmer 00 (2)                     ;1000.0;CODA P;PUB 3;0.0;0.0;0.0
19;235;;DIM;0;359;2 Dimmer 00 (2)                     ;1000.0;CODA P;PUB 4;0.0;0.0;0.0
20;1;;DIM;29.5;375;2 Dimmer 00 (2)                     ;2000.0;FRENTE;FT 1.1;231.3725490196;86764.7058823529;24.1013071895
20;2;;DIM;29.5;375;2 Dimmer 00 (2)                     ;2000.0;FRENTE;FT 1.2;231.3725490196;86764.7058823529;24.1013071895
20;3;;DIM;29.5;375;2 Dimmer 00 (2)                     ;2000.0;FRENTE;FT 1.3;231.3725490196;86764.7058823529;24.1013071895
20;4;;DIM;29.5;375;2 Dimmer 00 (2)                     ;2000.0;FRENTE;FT 1.4;231.3725490196;86764.7058823529;24.1013071895
20;5;;DIM;29.5;375;2 Dimmer 00 (2)                     ;2000.0;FRENTE;FT 1.5;231.3725490196;86764.7058823529;24.1013071895
21;1;;DIM;0;219;2 Dimmer 00 (2)                     ;2000.0;FRENTE;FT 1.1;0.0;0.0;0.0
21;2;;DIM;0;219;2 Dimmer 00 (2)                     ;2000.0;FRENTE;FT 1.2;0.0;0.0;0.0
21;3;;DIM;0;219;2 Dimmer 00 (2)                     ;2000.0;FRENTE;FT 1.3;0.0;0.0;0.0
21;4;;DIM;0;219;2 Dimmer 00 (2)                     ;2000.0;FRENTE;FT 1.4;0.0;0.0;0.0
21;5;;DIM;0;219;2 Dimmer 00 (2)                     ;2000.0;FRENTE;FT 1.5;0.0;0.0;0.0
21;6;;DIM;0;219;2 Dimmer 00 (2)                     ;2000.0;FRENTE;FT 2.1;0.0;0.0;0.0
21;7;;DIM;0;219;2 Dimmer 00 (2)                     ;2000.0;FRENTE;FT 2.2;0.0;0.0;0.0
21;8;;DIM;13.5;219;2 Dimmer 00 (2)                     ;2000.0;FRENTE;FT 2.3;105.8823529412;23188.2352941176;6.4411764706
21;9;;DIM;17;219;2 Dimmer 00 (2)                     ;2000.0;FRENTE;FT 2.4;133.3333333333;29200.0;8.1111111111
21;10;;DIM;20.5;219;2 Dimmer 00 (2)                     ;2000.0;FRENTE;FT 2.5;160.7843137255;35211.7647058824;9.7810457516
21;11;;DIM;0;219;2 Dimmer 00 (2)                     ;1000.0;FRENTE;FT 201_3.1;0.0;0.0;0.0
21;12;;DIM;0;219;2 Dimmer 00 (2)                     ;1000.0;FRENTE;FT 201_3.2;0.0;0.0;0.0
21;13;;DIM;0;219;2 Dimmer 00 (2)                     ;1000.0;FRENTE;FT 201_3.3;0.0;0.0;0.0
21;14;;DIM;0;219;2 Dimmer 00 (2)                     ;1000.0;FRENTE;FT 201_3.4;0.0;0.0;0.0
21;15;;DIM;0;219;2 Dimmer 00 (2)                     ;1000.0;FRENTE;FT 201_3.5;0.0;0.0;0.0
21;16;;DIM;12;219;2 Dimmer 00 (2)                     ;1000.0;FRENTE;FT 201_4.1;47.0588235294;10305.8823529412;2.862745098
21;17;;DIM;12;219;2 Dimmer 00 (2)                     ;1000.0;FRENTE;FT 201_4.2;47.0588235294;10305.8823529412;2.862745098
21;18;;DIM;12;219;2 Dimmer 00 (2)                     ;1000.0;FRENTE;FT 201_4.3;47.0588235294;10305.8823529412;2.862745098
21;19;;DIM;0;219;2 Dimmer 00 (2)                     ;1000.0;FRENTE;FT 115_3.1;0.0;0.0;0.0
21;20;;DIM;0;219;2 Dimmer 00 (2)                     ;1000.0;FRENTE;FT 115_3.2;0.0;0.0;0.0
21;21;;DIM;0;219;2 Dimmer 00 (2)                     ;1000.0;FRENTE;FT 115_3.3;0.0;0.0;0.0
21;22;;DIM;0;219;2 Dimmer 00 (2)                     ;1000.0;FRENTE;FT 115_3.4;0.0;0.0;0.0
21;23;;DIM;0;219;2 Dimmer 00 (2)                     ;1000.0;FRENTE;FT 115_3.5;0.0;0.0;0.0
21;24;;DIM;0;219;2 Dimmer 00 (2)                     ;1000.0;FRENTE;FT 115_4.1;0.0;0.0;0.0
21;25;;DIM;0;219;2 Dimmer 00 (2)                     ;1000.0;FRENTE;FT 115_4.2;0.0;0.0;0.0
21;26;;DIM;0;219;2 Dimmer 00 (2)                     ;1000.0;FRENTE;FT 115_4.3;0.0;0.0;0.0
21;27;;DIM;0;219;2 Dimmer 00 (2)                     ;1000.0;CONTRA;CRT 201_1.1;0.0;0.0;0.0
21;28;;DIM;0;219;2 Dimmer 00 (2)                     ;1000.0;CONTRA;CRT 201_1.2;0.0;0.0;0.0
21;29;;DIM;0;219;2 Dimmer 00 (2)                     ;1000.0;CONTRA;CRT 201_1.3;0.0;0.0;0.0
21;30;;DIM;0;219;2 Dimmer 00 (2)                     ;1000.0;CONTRA;CRT 201_1.4;0.0;0.0;0.0
21;31;;DIM;0;219;2 Dimmer 00 (2)                     ;1000.0;CONTRA;CRT 201_2.1;0.0;0.0;0.0
21;32;;DIM;0;219;2 Dimmer 00 (2)                     ;1000.0;CONTRA;CRT 201_2.2;0.0;0.0;0.0
21;33;;DIM;0;219;2 Dimmer 00 (2)                     ;1000.0;CONTRA;CRT 201_2.3;0.0;0.0;0.0
21;34;;DIM;27.5;219;2 Dimmer 00 (2)                     ;1000.0;CONTRA;CRT 115_1.1;107.8431372549;23617.6470588235;6.5604575163
21;35;;DIM;27.5;219;2 Dimmer 00 (2)                     ;1000.0;CONTRA;CRT 115_1.2;107.8431372549;23617.6470588235;6.5604575163
21;36;;DIM;18.5;219;2 Dimmer 00 (2)                     ;1000.0;CONTRA;CRT 115_1.3;72.5490196078;15888.2352941177;4.4133986928
21;37;;DIM;27.5;219;2 Dimmer 00 (2)                     ;1000.0;CONTRA;CRT 115_1.4;107.8431372549;23617.6470588235;6.5604575163
21;38;;DIM;27.5;219;2 Dimmer 00 (2)                     ;1000.0;CONTRA;CRT 115_2.1;107.8431372549;23617.6470588235;6.5604575163
21;39;;DIM;27.5;219;2 Dimmer 00 (2)                     ;1000.0;CONTRA;CRT 115_2.2;107.8431372549;23617.6470588235;6.5604575163
21;40;;DIM;18.5;219;2 Dimmer 00 (2)                     ;1000.0;CONTRA;CRT 115_2.3;72.5490196078;15888.2352941177;4.4133986928
21;41;;DIM;27;219;2 Dimmer 00 (2)                     ;750.0;LEQUE ;PAREDE 1;79.4117647059;17391.1764705882;4.8308823529
21;42;;DIM;27;219;2 Dimmer 00 (2)                     ;750.0;LEQUE ;PAREDE 2;79.4117647059;17391.1764705882;4.8308823529
21;43;;DIM;27;219;2 Dimmer 00 (2)                     ;750.0;LEQUE ;PAREDE 3;79.4117647059;17391.1764705882;4.8308823529
21;44;;DIM;27;219;2 Dimmer 00 (2)                     ;750.0;LEQUE ;PAREDE 4;79.4117647059;17391.1764705882;4.8308823529
21;45;;DIM;27;219;2 Dimmer 00 (2)                     ;750.0;LEQUE ;PAREDE 5;79.4117647059;17391.1764705882;4.8308823529
21;46;;DIM;27;219;2 Dimmer 00 (2)                     ;750.0;LEQUE ;PAREDE 6;79.4117647059;17391.1764705882;4.8308823529
21;47;;DIM;27;219;2 Dimmer 00 (2)                     ;750.0;LEQUE ;PAREDE 7;79.4117647059;17391.1764705882;4.8308823529
21;48;;DIM;0;219;2 Dimmer 00 (2)                     ;1000.0;LATERA;RED 1;0.0;0.0;0.0
21;49;;DIM;0;219;2 Dimmer 00 (2)                     ;1000.0;LATERA;RED 2;0.0;0.0;0.0
21;50;;DIM;0;219;2 Dimmer 00 (2)                     ;1000.0;LATERA;RED 3;0.0;0.0;0.0
21;51;;DIM;0;219;2 Dimmer 00 (2)                     ;1000.0;LATERA;RED 4;0.0;0.0;0.0
21;52;;DIM;11.5;219;2 Dimmer 00 (2)                     ;750.0;BANHEI;BANHEIRA FRT;33.8235294118;7407.3529411765;2.0575980392
21;53;;DIM;0;219;2 Dimmer 00 (2)                     ;750.0;BANHEI;BANHEIRA PIC.;0.0;0.0;0.0
21;54;;DIM;50;219;2 Dimmer 00 (2)                     ;750.0;BANHEI;BANHEIRA CRT;147.0588235294;32205.8823529412;8.9460784314
21;55;;DIM;15;219;2 Dimmer 00 (2)                     ;1000.0;BANCOS;BANCO FR L;58.8235294118;12882.3529411765;3.5784313725
21;56;;DIM;0;219;2 Dimmer 00 (2)                     ;1000.0;BANCOS;BANCO CRT L;0.0;0.0;0.0
21;57;;DIM;0;219;2 Dimmer 00 (2)                     ;1000.0;BANCOS;BANCO FR R;0.0;0.0;0.0
21;58;;DIM;0;219;2 Dimmer 00 (2)                     ;1000.0;BANCOS;BANCO CRT R;0.0;0.0;0.0
21;59;;DIM;0;219;2 Dimmer 00 (2)                     ;750.0;CADEIR;COUMIER;0.0;0.0;0.0
21;60;;DIM;11.5;219;2 Dimmer 00 (2)                     ;750.0;GUILHO;GUILHO PIC.;33.8235294118;7407.3529411765;2.0575980392
21;61;;DIM;0;219;2 Dimmer 00 (2)                     ;750.0;GUILHO;GUILHO CRT;0.0;0.0;0.0
21;62;;DIM;0;219;2 Dimmer 00 (2)                     ;1000.0;CANTOR;CANTORES CRT;0.0;0.0;0.0
21;63;;DIM;0;219;2 Dimmer 00 (2)                     ;1000.0;PORTA ;PORTA FR PICADO;0.0;0.0;0.0
21;64;;DIM;0;219;2 Dimmer 00 (2)                     ;1000.0;PORTA ;PORTA CRT;0.0;0.0;0.0
21;73;;DIM;0;219;2 Dimmer 00 (2)                     ;750.0;PORTA ;PORTA RÉGIE;0.0;0.0;0.0
21;65;;DIM;0;219;2 Dimmer 00 (2)                     ;1000.0;MUSICO;MUSICO FR;0.0;0.0;0.0
21;66;;DIM;0;219;2 Dimmer 00 (2)                     ;1000.0;MUSICO;PAUTAS CRT;0.0;0.0;0.0
21;67;;DIM;0;219;2 Dimmer 00 (2)                     ;750.0;MUSICO;KEYS;0.0;0.0;0.0
21;68;;DIM;0;219;2 Dimmer 00 (2)                     ;1000.0;ALCOVA;DIR ALCOVA;0.0;0.0;0.0
21;69;;DIM;0;219;2 Dimmer 00 (2)                     ;1000.0;ALCOVA;BANHEIRA DIR;0.0;0.0;0.0
21;70;;DIM;0;219;2 Dimmer 00 (2)                     ;750.0;ALCOVA;ESQ ALCOVA;0.0;0.0;0.0
21;71;;DIM;30;219;2 Dimmer 00 (2)                     ;750.0;ALCOVA;BANHEIRA ESQ;88.2352941176;19323.5294117647;5.3676470588
21;72;;DIM;0;219;2 Dimmer 00 (2)                     ;3000.0;FUMO  ;VAPOR;0.0;0.0;0.0
21;231;;DIM;0;219;2 Dimmer 00 (2)                     ;3000.0;VENTOI;FAN 1;0.0;0.0;0.0
21;232;;DIM;0;219;2 Dimmer 00 (2)                     ;1000.0;CODA P;PUB 1;0.0;0.0;0.0
21;233;;DIM;0;219;2 Dimmer 00 (2)                     ;1000.0;CODA P;PUB 2;0.0;0.0;0.0
21;234;;DIM;0;219;2 Dimmer 00 (2)                     ;1000.0;CODA P;PUB 3;0.0;0.0;0.0
21;235;;DIM;0;219;2 Dimmer 00 (2)                     ;1000.0;CODA P;PUB 4;0.0;0.0;0.0
24;1;;DIM;0;231;2 Dimmer 00 (2)                     ;2000.0;FRENTE;FT 1.1;0.0;0.0;0.0
24;2;;DIM;0;231;2 Dimmer 00 (2)                     ;2000.0;FRENTE;FT 1.2;0.0;0.0;0.0
24;3;;DIM;0;231;2 Dimmer 00 (2)                     ;2000.0;FRENTE;FT 1.3;0.0;0.0;0.0
24;4;;DIM;0;231;2 Dimmer 00 (2)                     ;2000.0;FRENTE;FT 1.4;0.0;0.0;0.0
24;5;;DIM;0;231;2 Dimmer 00 (2)                     ;2000.0;FRENTE;FT 1.5;0.0;0.0;0.0
24;6;;DIM;0;231;2 Dimmer 00 (2)                     ;2000.0;FRENTE;FT 2.1;0.0;0.0;0.0
24;7;;DIM;0;231;2 Dimmer 00 (2)                     ;2000.0;FRENTE;FT 2.2;0.0;0.0;0.0
24;8;;DIM;13.5;231;2 Dimmer 00 (2)                     ;2000.0;FRENTE;FT 2.3;105.8823529412;24458.8235294118;6.7941176471
24;9;;DIM;0;231;2 Dimmer 00 (2)                     ;2000.0;FRENTE;FT 2.4;0.0;0.0;0.0
24;10;;DIM;20.5;231;2 Dimmer 00 (2)                     ;2000.0;FRENTE;FT 2.5;160.7843137255;37141.1764705882;10.3169934641
24;11;;DIM;0;231;2 Dimmer 00 (2)                     ;1000.0;FRENTE;FT 201_3.1;0.0;0.0;0.0
24;12;;DIM;0;231;2 Dimmer 00 (2)                     ;1000.0;FRENTE;FT 201_3.2;0.0;0.0;0.0
24;13;;DIM;0;231;2 Dimmer 00 (2)                     ;1000.0;FRENTE;FT 201_3.3;0.0;0.0;0.0
24;14;;DIM;0;231;2 Dimmer 00 (2)                     ;1000.0;FRENTE;FT 201_3.4;0.0;0.0;0.0
24;15;;DIM;0;231;2 Dimmer 00 (2)                     ;1000.0;FRENTE;FT 201_3.5;0.0;0.0;0.0
24;16;;DIM;12;231;2 Dimmer 00 (2)                     ;1000.0;FRENTE;FT 201_4.1;47.0588235294;10870.5882352941;3.0196078431
24;17;;DIM;12;231;2 Dimmer 00 (2)                     ;1000.0;FRENTE;FT 201_4.2;47.0588235294;10870.5882352941;3.0196078431
24;18;;DIM;12;231;2 Dimmer 00 (2)                     ;1000.0;FRENTE;FT 201_4.3;47.0588235294;10870.5882352941;3.0196078431
24;19;;DIM;0;231;2 Dimmer 00 (2)                     ;1000.0;FRENTE;FT 115_3.1;0.0;0.0;0.0
24;20;;DIM;0;231;2 Dimmer 00 (2)                     ;1000.0;FRENTE;FT 115_3.2;0.0;0.0;0.0
24;21;;DIM;0;231;2 Dimmer 00 (2)                     ;1000.0;FRENTE;FT 115_3.3;0.0;0.0;0.0
24;22;;DIM;0;231;2 Dimmer 00 (2)                     ;1000.0;FRENTE;FT 115_3.4;0.0;0.0;0.0
24;23;;DIM;0;231;2 Dimmer 00 (2)                     ;1000.0;FRENTE;FT 115_3.5;0.0;0.0;0.0
24;24;;DIM;0;231;2 Dimmer 00 (2)                     ;1000.0;FRENTE;FT 115_4.1;0.0;0.0;0.0
24;25;;DIM;0;231;2 Dimmer 00 (2)                     ;1000.0;FRENTE;FT 115_4.2;0.0;0.0;0.0
24;26;;DIM;0;231;2 Dimmer 00 (2)                     ;1000.0;FRENTE;FT 115_4.3;0.0;0.0;0.0
24;27;;DIM;0;231;2 Dimmer 00 (2)                     ;1000.0;CONTRA;CRT 201_1.1;0.0;0.0;0.0
24;28;;DIM;0;231;2 Dimmer 00 (2)                     ;1000.0;CONTRA;CRT 201_1.2;0.0;0.0;0.0
24;29;;DIM;0;231;2 Dimmer 00 (2)                     ;1000.0;CONTRA;CRT 201_1.3;0.0;0.0;0.0
24;30;;DIM;0;231;2 Dimmer 00 (2)                     ;1000.0;CONTRA;CRT 201_1.4;0.0;0.0;0.0
24;31;;DIM;0;231;2 Dimmer 00 (2)                     ;1000.0;CONTRA;CRT 201_2.1;0.0;0.0;0.0
24;32;;DIM;0;231;2 Dimmer 00 (2)                     ;1000.0;CONTRA;CRT 201_2.2;0.0;0.0;0.0
24;33;;DIM;0;231;2 Dimmer 00 (2)                     ;1000.0;CONTRA;CRT 201_2.3;0.0;0.0;0.0
24;34;;DIM;27.5;231;2 Dimmer 00 (2)                     ;1000.0;CONTRA;CRT 115_1.1;107.8431372549;24911.7647058824;6.9199346405
24;35;;DIM;27.5;231;2 Dimmer 00 (2)                     ;1000.0;CONTRA;CRT 115_1.2;107.8431372549;24911.7647058824;6.9199346405
24;36;;DIM;18.5;231;2 Dimmer 00 (2)                     ;1000.0;CONTRA;CRT 115_1.3;72.5490196078;16758.8235294118;4.6552287582
24;37;;DIM;27.5;231;2 Dimmer 00 (2)                     ;1000.0;CONTRA;CRT 115_1.4;107.8431372549;24911.7647058824;6.9199346405
24;38;;DIM;27.5;231;2 Dimmer 00 (2)                     ;1000.0;CONTRA;CRT 115_2.1;107.8431372549;24911.7647058824;6.9199346405
24;39;;DIM;27.5;231;2 Dimmer 00 (2)                     ;1000.0;CONTRA;CRT 115_2.2;107.8431372549;24911.7647058824;6.9199346405
24;40;;DIM;18.5;231;2 Dimmer 00 (2)                     ;1000.0;CONTRA;CRT 115_2.3;72.5490196078;16758.8235294118;4.6552287582
24;41;;DIM;27;231;2 Dimmer 00 (2)                     ;750.0;LEQUE ;PAREDE 1;79.4117647059;18344.1176470588;5.0955882353
24;42;;DIM;27;231;2 Dimmer 00 (2)                     ;750.0;LEQUE ;PAREDE 2;79.4117647059;18344.1176470588;5.0955882353
24;43;;DIM;27;231;2 Dimmer 00 (2)                     ;750.0;LEQUE ;PAREDE 3;79.4117647059;18344.1176470588;5.0955882353
24;44;;DIM;27;231;2 Dimmer 00 (2)                     ;750.0;LEQUE ;PAREDE 4;79.4117647059;18344.1176470588;5.0955882353
24;45;;DIM;27;231;2 Dimmer 00 (2)                     ;750.0;LEQUE ;PAREDE 5;79.4117647059;18344.1176470588;5.0955882353
24;46;;DIM;27;231;2 Dimmer 00 (2)                     ;750.0;LEQUE ;PAREDE 6;79.4117647059;18344.1176470588;5.0955882353
24;47;;DIM;27;231;2 Dimmer 00 (2)                     ;750.0;LEQUE ;PAREDE 7;79.4117647059;18344.1176470588;5.0955882353
24;48;;DIM;0;231;2 Dimmer 00 (2)                     ;1000.0;LATERA;RED 1;0.0;0.0;0.0
24;49;;DIM;0;231;2 Dimmer 00 (2)                     ;1000.0;LATERA;RED 2;0.0;0.0;0.0
24;50;;DIM;0;231;2 Dimmer 00 (2)                     ;1000.0;LATERA;RED 3;0.0;0.0;0.0
24;51;;DIM;0;231;2 Dimmer 00 (2)                     ;1000.0;LATERA;RED 4;0.0;0.0;0.0
24;52;;DIM;20.5;231;2 Dimmer 00 (2)                     ;750.0;BANHEI;BANHEIRA FRT;60.2941176471;13927.9411764706;3.868872549
24;53;;DIM;0;231;2 Dimmer 00 (2)                     ;750.0;BANHEI;BANHEIRA PIC.;0.0;0.0;0.0
24;54;;DIM;50;231;2 Dimmer 00 (2)                     ;750.0;BANHEI;BANHEIRA CRT;147.0588235294;33970.5882352941;9.4362745098
24;55;;DIM;0;231;2 Dimmer 00 (2)                     ;1000.0;BANCOS;BANCO FR L;0.0;0.0;0.0
24;56;;DIM;0;231;2 Dimmer 00 (2)                     ;1000.0;BANCOS;BANCO CRT L;0.0;0.0;0.0
24;57;;DIM;0;231;2 Dimmer 00 (2)                     ;1000.0;BANCOS;BANCO FR R;0.0;0.0;0.0
24;58;;DIM;0;231;2 Dimmer 00 (2)                     ;1000.0;BANCOS;BANCO CRT R;0.0;0.0;0.0
24;59;;DIM;0;231;2 Dimmer 00 (2)                     ;750.0;CADEIR;COUMIER;0.0;0.0;0.0
24;60;;DIM;0;231;2 Dimmer 00 (2)                     ;750.0;GUILHO;GUILHO PIC.;0.0;0.0;0.0
24;61;;DIM;0;231;2 Dimmer 00 (2)                     ;750.0;GUILHO;GUILHO CRT;0.0;0.0;0.0
24;62;;DIM;0;231;2 Dimmer 00 (2)                     ;1000.0;CANTOR;CANTORES CRT;0.0;0.0;0.0
24;63;;DIM;0;231;2 Dimmer 00 (2)                     ;1000.0;PORTA ;PORTA FR PICADO;0.0;0.0;0.0
24;64;;DIM;0;231;2 Dimmer 00 (2)                     ;1000.0;PORTA ;PORTA CRT;0.0;0.0;0.0
24;73;;DIM;0;231;2 Dimmer 00 (2)                     ;750.0;PORTA ;PORTA RÉGIE;0.0;0.0;0.0
24;65;;DIM;0;231;2 Dimmer 00 (2)                     ;1000.0;MUSICO;MUSICO FR;0.0;0.0;0.0
24;66;;DIM;0;231;2 Dimmer 00 (2)                     ;1000.0;MUSICO;PAUTAS CRT;0.0;0.0;0.0
24;67;;DIM;0;231;2 Dimmer 00 (2)                     ;750.0;MUSICO;KEYS;0.0;0.0;0.0
24;68;;DIM;14.5;231;2 Dimmer 00 (2)                     ;1000.0;ALCOVA;DIR ALCOVA;56.862745098;13135.2941176471;3.6486928105
24;69;;DIM;30;231;2 Dimmer 00 (2)                     ;1000.0;ALCOVA;BANHEIRA DIR;117.6470588235;27176.4705882353;7.5490196078
24;70;;DIM;14.5;231;2 Dimmer 00 (2)                     ;750.0;ALCOVA;ESQ ALCOVA;42.6470588235;9851.4705882353;2.7365196078
24;71;;DIM;30;231;2 Dimmer 00 (2)                     ;750.0;ALCOVA;BANHEIRA ESQ;88.2352941176;20382.3529411765;5.6617647059
24;72;;DIM;0;231;2 Dimmer 00 (2)                     ;3000.0;FUMO  ;VAPOR;0.0;0.0;0.0
24;231;;DIM;0;231;2 Dimmer 00 (2)                     ;3000.0;VENTOI;FAN 1;0.0;0.0;0.0
24;232;;DIM;0;231;2 Dimmer 00 (2)                     ;1000.0;CODA P;PUB 1;0.0;0.0;0.0
24;233;;DIM;0;231;2 Dimmer 00 (2)                     ;1000.0;CODA P;PUB 2;0.0;0.0;0.0
24;234;;DIM;0;231;2 Dimmer 00 (2)                     ;1000.0;CODA P;PUB 3;0.0;0.0;0.0
24;235;;DIM;0;231;2 Dimmer 00 (2)                     ;1000.0;CODA P;PUB 4;0.0;0.0;0.0
25;1;;DIM;0;164;2 Dimmer 00 (2)                     ;2000.0;FRENTE;FT 1.1;0.0;0.0;0.0
25;2;;DIM;0;164;2 Dimmer 00 (2)                     ;2000.0;FRENTE;FT 1.2;0.0;0.0;0.0
25;3;;DIM;0;164;2 Dimmer 00 (2)                     ;2000.0;FRENTE;FT 1.3;0.0;0.0;0.0
25;4;;DIM;0;164;2 Dimmer 00 (2)                     ;2000.0;FRENTE;FT 1.4;0.0;0.0;0.0
25;5;;DIM;0;164;2 Dimmer 00 (2)                     ;2000.0;FRENTE;FT 1.5;0.0;0.0;0.0
25;6;;DIM;5;164;2 Dimmer 00 (2)                     ;2000.0;FRENTE;FT 2.1;39.2156862745;6431.3725490196;1.7864923747
25;7;;DIM;16;164;2 Dimmer 00 (2)                     ;2000.0;FRENTE;FT 2.2;125.4901960784;20580.3921568627;5.7167755991
25;8;;DIM;17;164;2 Dimmer 00 (2)                     ;2000.0;FRENTE;FT 2.3;133.3333333333;21866.6666666667;6.0740740741
25;9;;DIM;21;164;2 Dimmer 00 (2)                     ;2000.0;FRENTE;FT 2.4;164.7058823529;27011.7647058824;7.5032679739
25;10;;DIM;20.5;164;2 Dimmer 00 (2)                     ;2000.0;FRENTE;FT 2.5;160.7843137255;26368.6274509804;7.3246187364
25;11;;DIM;16;164;2 Dimmer 00 (2)                     ;1000.0;FRENTE;FT 201_3.1;62.7450980392;10290.1960784314;2.8583877996
25;12;;DIM;16;164;2 Dimmer 00 (2)                     ;1000.0;FRENTE;FT 201_3.2;62.7450980392;10290.1960784314;2.8583877996
25;13;;DIM;16;164;2 Dimmer 00 (2)                     ;1000.0;FRENTE;FT 201_3.3;62.7450980392;10290.1960784314;2.8583877996
25;14;;DIM;16;164;2 Dimmer 00 (2)                     ;1000.0;FRENTE;FT 201_3.4;62.7450980392;10290.1960784314;2.8583877996
25;15;;DIM;16;164;2 Dimmer 00 (2)                     ;1000.0;FRENTE;FT 201_3.5;62.7450980392;10290.1960784314;2.8583877996
25;16;;DIM;0;164;2 Dimmer 00 (2)                     ;1000.0;FRENTE;FT 201_4.1;0.0;0.0;0.0
25;17;;DIM;0;164;2 Dimmer 00 (2)                     ;1000.0;FRENTE;FT 201_4.2;0.0;0.0;0.0
25;18;;DIM;0;164;2 Dimmer 00 (2)                     ;1000.0;FRENTE;FT 201_4.3;0.0;0.0;0.0
25;19;;DIM;0;164;2 Dimmer 00 (2)                     ;1000.0;FRENTE;FT 115_3.1;0.0;0.0;0.0
25;20;;DIM;0;164;2 Dimmer 00 (2)                     ;1000.0;FRENTE;FT 115_3.2;0.0;0.0;0.0
25;21;;DIM;0;164;2 Dimmer 00 (2)                     ;1000.0;FRENTE;FT 115_3.3;0.0;0.0;0.0
25;22;;DIM;0;164;2 Dimmer 00 (2)                     ;1000.0;FRENTE;FT 115_3.4;0.0;0.0;0.0
25;23;;DIM;0;164;2 Dimmer 00 (2)                     ;1000.0;FRENTE;FT 115_3.5;0.0;0.0;0.0
25;24;;DIM;0;164;2 Dimmer 00 (2)                     ;1000.0;FRENTE;FT 115_4.1;0.0;0.0;0.0
25;25;;DIM;0;164;2 Dimmer 00 (2)                     ;1000.0;FRENTE;FT 115_4.2;0.0;0.0;0.0
25;26;;DIM;0;164;2 Dimmer 00 (2)                     ;1000.0;FRENTE;FT 115_4.3;0.0;0.0;0.0
25;27;;DIM;0;164;2 Dimmer 00 (2)                     ;1000.0;CONTRA;CRT 201_1.1;0.0;0.0;0.0
25;28;;DIM;0;164;2 Dimmer 00 (2)                     ;1000.0;CONTRA;CRT 201_1.2;0.0;0.0;0.0
25;29;;DIM;0;164;2 Dimmer 00 (2)                     ;1000.0;CONTRA;CRT 201_1.3;0.0;0.0;0.0
25;30;;DIM;0;164;2 Dimmer 00 (2)                     ;1000.0;CONTRA;CRT 201_1.4;0.0;0.0;0.0
25;31;;DIM;0;164;2 Dimmer 00 (2)                     ;1000.0;CONTRA;CRT 201_2.1;0.0;0.0;0.0
25;32;;DIM;0;164;2 Dimmer 00 (2)                     ;1000.0;CONTRA;CRT 201_2.2;0.0;0.0;0.0
25;33;;DIM;0;164;2 Dimmer 00 (2)                     ;1000.0;CONTRA;CRT 201_2.3;0.0;0.0;0.0
25;34;;DIM;35.5;164;2 Dimmer 00 (2)                     ;1000.0;CONTRA;CRT 115_1.1;139.2156862745;22831.3725490196;6.3420479303
25;35;;DIM;35.5;164;2 Dimmer 00 (2)                     ;1000.0;CONTRA;CRT 115_1.2;139.2156862745;22831.3725490196;6.3420479303
25;36;;DIM;26.5;164;2 Dimmer 00 (2)                     ;1000.0;CONTRA;CRT 115_1.3;103.9215686275;17043.137254902;4.734204793
25;37;;DIM;35.5;164;2 Dimmer 00 (2)                     ;1000.0;CONTRA;CRT 115_1.4;139.2156862745;22831.3725490196;6.3420479303
25;38;;DIM;35.5;164;2 Dimmer 00 (2)                     ;1000.0;CONTRA;CRT 115_2.1;139.2156862745;22831.3725490196;6.3420479303
25;39;;DIM;35.5;164;2 Dimmer 00 (2)                     ;1000.0;CONTRA;CRT 115_2.2;139.2156862745;22831.3725490196;6.3420479303
25;40;;DIM;26.5;164;2 Dimmer 00 (2)                     ;1000.0;CONTRA;CRT 115_2.3;103.9215686275;17043.137254902;4.734204793
25;41;;DIM;27;164;2 Dimmer 00 (2)                     ;750.0;LEQUE ;PAREDE 1;79.4117647059;13023.5294117647;3.6176470588
25;42;;DIM;27;164;2 Dimmer 00 (2)                     ;750.0;LEQUE ;PAREDE 2;79.4117647059;13023.5294117647;3.6176470588
25;43;;DIM;27;164;2 Dimmer 00 (2)                     ;750.0;LEQUE ;PAREDE 3;79.4117647059;13023.5294117647;3.6176470588
25;44;;DIM;27;164;2 Dimmer 00 (2)                     ;750.0;LEQUE ;PAREDE 4;79.4117647059;13023.5294117647;3.6176470588
25;45;;DIM;27;164;2 Dimmer 00 (2)                     ;750.0;LEQUE ;PAREDE 5;79.4117647059;13023.5294117647;3.6176470588
25;46;;DIM;27;164;2 Dimmer 00 (2)                     ;750.0;LEQUE ;PAREDE 6;79.4117647059;13023.5294117647;3.6176470588
25;47;;DIM;27;164;2 Dimmer 00 (2)                     ;750.0;LEQUE ;PAREDE 7;79.4117647059;13023.5294117647;3.6176470588
25;48;;DIM;0;164;2 Dimmer 00 (2)                     ;1000.0;LATERA;RED 1;0.0;0.0;0.0
25;49;;DIM;0;164;2 Dimmer 00 (2)                     ;1000.0;LATERA;RED 2;0.0;0.0;0.0
25;50;;DIM;0;164;2 Dimmer 00 (2)                     ;1000.0;LATERA;RED 3;0.0;0.0;0.0
25;51;;DIM;0;164;2 Dimmer 00 (2)                     ;1000.0;LATERA;RED 4;0.0;0.0;0.0
25;52;;DIM;17.5;164;2 Dimmer 00 (2)                     ;750.0;BANHEI;BANHEIRA FRT;51.4705882353;8441.1764705882;2.3447712418
25;53;;DIM;0;164;2 Dimmer 00 (2)                     ;750.0;BANHEI;BANHEIRA PIC.;0.0;0.0;0.0
25;54;;DIM;0;164;2 Dimmer 00 (2)                     ;750.0;BANHEI;BANHEIRA CRT;0.0;0.0;0.0
25;55;;DIM;0;164;2 Dimmer 00 (2)                     ;1000.0;BANCOS;BANCO FR L;0.0;0.0;0.0
25;56;;DIM;0;164;2 Dimmer 00 (2)                     ;1000.0;BANCOS;BANCO CRT L;0.0;0.0;0.0
25;57;;DIM;0;164;2 Dimmer 00 (2)                     ;1000.0;BANCOS;BANCO FR R;0.0;0.0;0.0
25;58;;DIM;0;164;2 Dimmer 00 (2)                     ;1000.0;BANCOS;BANCO CRT R;0.0;0.0;0.0
25;59;;DIM;0;164;2 Dimmer 00 (2)                     ;750.0;CADEIR;COUMIER;0.0;0.0;0.0
25;60;;DIM;0;164;2 Dimmer 00 (2)                     ;750.0;GUILHO;GUILHO PIC.;0.0;0.0;0.0
25;61;;DIM;0;164;2 Dimmer 00 (2)                     ;750.0;GUILHO;GUILHO CRT;0.0;0.0;0.0
25;62;;DIM;0;164;2 Dimmer 00 (2)                     ;1000.0;CANTOR;CANTORES CRT;0.0;0.0;0.0
25;63;;DIM;0;164;2 Dimmer 00 (2)                     ;1000.0;PORTA ;PORTA FR PICADO;0.0;0.0;0.0
25;64;;DIM;0;164;2 Dimmer 00 (2)                     ;1000.0;PORTA ;PORTA CRT;0.0;0.0;0.0
25;73;;DIM;0;164;2 Dimmer 00 (2)                     ;750.0;PORTA ;PORTA RÉGIE;0.0;0.0;0.0
25;65;;DIM;0;164;2 Dimmer 00 (2)                     ;1000.0;MUSICO;MUSICO FR;0.0;0.0;0.0
25;66;;DIM;0;164;2 Dimmer 00 (2)                     ;1000.0;MUSICO;PAUTAS CRT;0.0;0.0;0.0
25;67;;DIM;0;164;2 Dimmer 00 (2)                     ;750.0;MUSICO;KEYS;0.0;0.0;0.0
25;68;;DIM;6.5;164;2 Dimmer 00 (2)                     ;1000.0;ALCOVA;DIR ALCOVA;25.4901960784;4180.3921568627;1.1612200436
25;69;;DIM;18.5;164;2 Dimmer 00 (2)                     ;1000.0;ALCOVA;BANHEIRA DIR;72.5490196078;11898.0392156863;3.3050108932
25;70;;DIM;6.5;164;2 Dimmer 00 (2)                     ;750.0;ALCOVA;ESQ ALCOVA;19.1176470588;3135.2941176471;0.8709150327
25;71;;DIM;18.5;164;2 Dimmer 00 (2)                     ;750.0;ALCOVA;BANHEIRA ESQ;54.4117647059;8923.5294117647;2.4787581699
25;72;;DIM;0;164;2 Dimmer 00 (2)                     ;3000.0;FUMO  ;VAPOR;0.0;0.0;0.0
25;231;;DIM;0;164;2 Dimmer 00 (2)                     ;3000.0;VENTOI;FAN 1;0.0;0.0;0.0
25;232;;DIM;0;164;2 Dimmer 00 (2)                     ;1000.0;CODA P;PUB 1;0.0;0.0;0.0
25;233;;DIM;0;164;2 Dimmer 00 (2)                     ;1000.0;CODA P;PUB 2;0.0;0.0;0.0
25;234;;DIM;0;164;2 Dimmer 00 (2)                     ;1000.0;CODA P;PUB 3;0.0;0.0;0.0
25;235;;DIM;0;164;2 Dimmer 00 (2)                     ;1000.0;CODA P;PUB 4;0.0;0.0;0.0
28;1;;DIM;25.5;114;2 Dimmer 00 (2)                     ;2000.0;FRENTE;FT 1.1;200.0;22800.0;6.3333333333
28;2;;DIM;25.5;114;2 Dimmer 00 (2)                     ;2000.0;FRENTE;FT 1.2;200.0;22800.0;6.3333333333
28;3;;DIM;25.5;114;2 Dimmer 00 (2)                     ;2000.0;FRENTE;FT 1.3;200.0;22800.0;6.3333333333
28;4;;DIM;25.5;114;2 Dimmer 00 (2)                     ;2000.0;FRENTE;FT 1.4;200.0;22800.0;6.3333333333
28;5;;DIM;25.5;114;2 Dimmer 00 (2)                     ;2000.0;FRENTE;FT 1.5;200.0;22800.0;6.3333333333
28;6;;DIM;0;114;2 Dimmer 00 (2)                     ;2000.0;FRENTE;FT 2.1;0.0;0.0;0.0
28;7;;DIM;0;114;2 Dimmer 00 (2)                     ;2000.0;FRENTE;FT 2.2;0.0;0.0;0.0
28;8;;DIM;0;114;2 Dimmer 00 (2)                     ;2000.0;FRENTE;FT 2.3;0.0;0.0;0.0
28;9;;DIM;0;114;2 Dimmer 00 (2)                     ;2000.0;FRENTE;FT 2.4;0.0;0.0;0.0
28;10;;DIM;0;114;2 Dimmer 00 (2)                     ;2000.0;FRENTE;FT 2.5;0.0;0.0;0.0
28;11;;DIM;27;114;2 Dimmer 00 (2)                     ;1000.0;FRENTE;FT 201_3.1;105.8823529412;12070.5882352941;3.3529411765
28;12;;DIM;27;114;2 Dimmer 00 (2)                     ;1000.0;FRENTE;FT 201_3.2;105.8823529412;12070.5882352941;3.3529411765
28;13;;DIM;27;114;2 Dimmer 00 (2)                     ;1000.0;FRENTE;FT 201_3.3;105.8823529412;12070.5882352941;3.3529411765
28;14;;DIM;27;114;2 Dimmer 00 (2)                     ;1000.0;FRENTE;FT 201_3.4;105.8823529412;12070.5882352941;3.3529411765
28;15;;DIM;27;114;2 Dimmer 00 (2)                     ;1000.0;FRENTE;FT 201_3.5;105.8823529412;12070.5882352941;3.3529411765
28;16;;DIM;0;114;2 Dimmer 00 (2)                     ;1000.0;FRENTE;FT 201_4.1;0.0;0.0;0.0
28;17;;DIM;0;114;2 Dimmer 00 (2)                     ;1000.0;FRENTE;FT 201_4.2;0.0;0.0;0.0
28;18;;DIM;0;114;2 Dimmer 00 (2)                     ;1000.0;FRENTE;FT 201_4.3;0.0;0.0;0.0
28;19;;DIM;0;114;2 Dimmer 00 (2)                     ;1000.0;FRENTE;FT 115_3.1;0.0;0.0;0.0
28;20;;DIM;0;114;2 Dimmer 00 (2)                     ;1000.0;FRENTE;FT 115_3.2;0.0;0.0;0.0
28;21;;DIM;0;114;2 Dimmer 00 (2)                     ;1000.0;FRENTE;FT 115_3.3;0.0;0.0;0.0
28;22;;DIM;0;114;2 Dimmer 00 (2)                     ;1000.0;FRENTE;FT 115_3.4;0.0;0.0;0.0
28;23;;DIM;0;114;2 Dimmer 00 (2)                     ;1000.0;FRENTE;FT 115_3.5;0.0;0.0;0.0
28;24;;DIM;0;114;2 Dimmer 00 (2)                     ;1000.0;FRENTE;FT 115_4.1;0.0;0.0;0.0
28;25;;DIM;0;114;2 Dimmer 00 (2)                     ;1000.0;FRENTE;FT 115_4.2;0.0;0.0;0.0
28;26;;DIM;0;114;2 Dimmer 00 (2)                     ;1000.0;FRENTE;FT 115_4.3;0.0;0.0;0.0
28;27;;DIM;0;114;2 Dimmer 00 (2)                     ;1000.0;CONTRA;CRT 201_1.1;0.0;0.0;0.0
28;28;;DIM;0;114;2 Dimmer 00 (2)                     ;1000.0;CONTRA;CRT 201_1.2;0.0;0.0;0.0
28;29;;DIM;0;114;2 Dimmer 00 (2)                     ;1000.0;CONTRA;CRT 201_1.3;0.0;0.0;0.0
28;30;;DIM;0;114;2 Dimmer 00 (2)                     ;1000.0;CONTRA;CRT 201_1.4;0.0;0.0;0.0
28;31;;DIM;0;114;2 Dimmer 00 (2)                     ;1000.0;CONTRA;CRT 201_2.1;0.0;0.0;0.0
28;32;;DIM;0;114;2 Dimmer 00 (2)                     ;1000.0;CONTRA;CRT 201_2.2;0.0;0.0;0.0
28;33;;DIM;0;114;2 Dimmer 00 (2)                     ;1000.0;CONTRA;CRT 201_2.3;0.0;0.0;0.0
28;34;;DIM;27.5;114;2 Dimmer 00 (2)                     ;1000.0;CONTRA;CRT 115_1.1;107.8431372549;12294.1176470588;3.4150326797
28;35;;DIM;27.5;114;2 Dimmer 00 (2)                     ;1000.0;CONTRA;CRT 115_1.2;107.8431372549;12294.1176470588;3.4150326797
28;36;;DIM;18.5;114;2 Dimmer 00 (2)                     ;1000.0;CONTRA;CRT 115_1.3;72.5490196078;8270.5882352941;2.2973856209
28;37;;DIM;27.5;114;2 Dimmer 00 (2)                     ;1000.0;CONTRA;CRT 115_1.4;107.8431372549;12294.1176470588;3.4150326797
28;38;;DIM;27.5;114;2 Dimmer 00 (2)                     ;1000.0;CONTRA;CRT 115_2.1;107.8431372549;12294.1176470588;3.4150326797
28;39;;DIM;27.5;114;2 Dimmer 00 (2)                     ;1000.0;CONTRA;CRT 115_2.2;107.8431372549;12294.1176470588;3.4150326797
28;40;;DIM;18.5;114;2 Dimmer 00 (2)                     ;1000.0;CONTRA;CRT 115_2.3;72.5490196078;8270.5882352941;2.2973856209
28;41;;DIM;27;114;2 Dimmer 00 (2)                     ;750.0;LEQUE ;PAREDE 1;79.4117647059;9052.9411764706;2.5147058824
28;42;;DIM;27;114;2 Dimmer 00 (2)                     ;750.0;LEQUE ;PAREDE 2;79.4117647059;9052.9411764706;2.5147058824
28;43;;DIM;27;114;2 Dimmer 00 (2)                     ;750.0;LEQUE ;PAREDE 3;79.4117647059;9052.9411764706;2.5147058824
28;44;;DIM;27;114;2 Dimmer 00 (2)                     ;750.0;LEQUE ;PAREDE 4;79.4117647059;9052.9411764706;2.5147058824
28;45;;DIM;27;114;2 Dimmer 00 (2)                     ;750.0;LEQUE ;PAREDE 5;79.4117647059;9052.9411764706;2.5147058824
28;46;;DIM;27;114;2 Dimmer 00 (2)                     ;750.0;LEQUE ;PAREDE 6;79.4117647059;9052.9411764706;2.5147058824
28;47;;DIM;27;114;2 Dimmer 00 (2)                     ;750.0;LEQUE ;PAREDE 7;79.4117647059;9052.9411764706;2.5147058824
28;48;;DIM;0;114;2 Dimmer 00 (2)                     ;1000.0;LATERA;RED 1;0.0;0.0;0.0
28;49;;DIM;0;114;2 Dimmer 00 (2)                     ;1000.0;LATERA;RED 2;0.0;0.0;0.0
28;50;;DIM;0;114;2 Dimmer 00 (2)                     ;1000.0;LATERA;RED 3;0.0;0.0;0.0
28;51;;DIM;0;114;2 Dimmer 00 (2)                     ;1000.0;LATERA;RED 4;0.0;0.0;0.0
28;52;;DIM;0;114;2 Dimmer 00 (2)                     ;750.0;BANHEI;BANHEIRA FRT;0.0;0.0;0.0
28;53;;DIM;0;114;2 Dimmer 00 (2)                     ;750.0;BANHEI;BANHEIRA PIC.;0.0;0.0;0.0
28;54;;DIM;0;114;2 Dimmer 00 (2)                     ;750.0;BANHEI;BANHEIRA CRT;0.0;0.0;0.0
28;55;;DIM;0;114;2 Dimmer 00 (2)                     ;1000.0;BANCOS;BANCO FR L;0.0;0.0;0.0
28;56;;DIM;0;114;2 Dimmer 00 (2)                     ;1000.0;BANCOS;BANCO CRT L;0.0;0.0;0.0
28;57;;DIM;0;114;2 Dimmer 00 (2)                     ;1000.0;BANCOS;BANCO FR R;0.0;0.0;0.0
28;58;;DIM;0;114;2 Dimmer 00 (2)                     ;1000.0;BANCOS;BANCO CRT R;0.0;0.0;0.0
28;59;;DIM;0;114;2 Dimmer 00 (2)                     ;750.0;CADEIR;COUMIER;0.0;0.0;0.0
28;60;;DIM;0;114;2 Dimmer 00 (2)                     ;750.0;GUILHO;GUILHO PIC.;0.0;0.0;0.0
28;61;;DIM;0;114;2 Dimmer 00 (2)                     ;750.0;GUILHO;GUILHO CRT;0.0;0.0;0.0
28;62;;DIM;0;114;2 Dimmer 00 (2)                     ;1000.0;CANTOR;CANTORES CRT;0.0;0.0;0.0
28;63;;DIM;0;114;2 Dimmer 00 (2)                     ;1000.0;PORTA ;PORTA FR PICADO;0.0;0.0;0.0
28;64;;DIM;0;114;2 Dimmer 00 (2)                     ;1000.0;PORTA ;PORTA CRT;0.0;0.0;0.0
28;73;;DIM;0;114;2 Dimmer 00 (2)                     ;750.0;PORTA ;PORTA RÉGIE;0.0;0.0;0.0
28;65;;DIM;0;114;2 Dimmer 00 (2)                     ;1000.0;MUSICO;MUSICO FR;0.0;0.0;0.0
28;66;;DIM;0;114;2 Dimmer 00 (2)                     ;1000.0;MUSICO;PAUTAS CRT;0.0;0.0;0.0
28;67;;DIM;0;114;2 Dimmer 00 (2)                     ;750.0;MUSICO;KEYS;0.0;0.0;0.0
28;68;;DIM;6.5;114;2 Dimmer 00 (2)                     ;1000.0;ALCOVA;DIR ALCOVA;25.4901960784;2905.8823529412;0.8071895425
28;69;;DIM;18.5;114;2 Dimmer 00 (2)                     ;1000.0;ALCOVA;BANHEIRA DIR;72.5490196078;8270.5882352941;2.2973856209
28;70;;DIM;6.5;114;2 Dimmer 00 (2)                     ;750.0;ALCOVA;ESQ ALCOVA;19.1176470588;2179.4117647059;0.6053921569
28;71;;DIM;18.5;114;2 Dimmer 00 (2)                     ;750.0;ALCOVA;BANHEIRA ESQ;54.4117647059;6202.9411764706;1.7230392157
28;72;;DIM;0;114;2 Dimmer 00 (2)                     ;3000.0;FUMO  ;VAPOR;0.0;0.0;0.0
28;231;;DIM;0;114;2 Dimmer 00 (2)                     ;3000.0;VENTOI;FAN 1;0.0;0.0;0.0
28;232;;DIM;0;114;2 Dimmer 00 (2)                     ;1000.0;CODA P;PUB 1;0.0;0.0;0.0
28;233;;DIM;0;114;2 Dimmer 00 (2)                     ;1000.0;CODA P;PUB 2;0.0;0.0;0.0
28;234;;DIM;0;114;2 Dimmer 00 (2)                     ;1000.0;CODA P;PUB 3;0.0;0.0;0.0
28;235;;DIM;0;114;2 Dimmer 00 (2)                     ;1000.0;CODA P;PUB 4;0.0;0.0;0.0
29;1;;DIM;0;336;2 Dimmer 00 (2)                     ;2000.0;FRENTE;FT 1.1;0.0;0.0;0.0
29;2;;DIM;0;336;2 Dimmer 00 (2)                     ;2000.0;FRENTE;FT 1.2;0.0;0.0;0.0
29;3;;DIM;0;336;2 Dimmer 00 (2)                     ;2000.0;FRENTE;FT 1.3;0.0;0.0;0.0
29;4;;DIM;0;336;2 Dimmer 00 (2)                     ;2000.0;FRENTE;FT 1.4;0.0;0.0;0.0
29;5;;DIM;0;336;2 Dimmer 00 (2)                     ;2000.0;FRENTE;FT 1.5;0.0;0.0;0.0
29;6;;DIM;0;336;2 Dimmer 00 (2)                     ;2000.0;FRENTE;FT 2.1;0.0;0.0;0.0
29;7;;DIM;0;336;2 Dimmer 00 (2)                     ;2000.0;FRENTE;FT 2.2;0.0;0.0;0.0
29;8;;DIM;0;336;2 Dimmer 00 (2)                     ;2000.0;FRENTE;FT 2.3;0.0;0.0;0.0
29;9;;DIM;0;336;2 Dimmer 00 (2)                     ;2000.0;FRENTE;FT 2.4;0.0;0.0;0.0
29;10;;DIM;0;336;2 Dimmer 00 (2)                     ;2000.0;FRENTE;FT 2.5;0.0;0.0;0.0
29;11;;DIM;17.5;336;2 Dimmer 00 (2)                     ;1000.0;FRENTE;FT 201_3.1;68.6274509804;23058.8235294118;6.4052287582
29;12;;DIM;17.5;336;2 Dimmer 00 (2)                     ;1000.0;FRENTE;FT 201_3.2;68.6274509804;23058.8235294118;6.4052287582
29;13;;DIM;17.5;336;2 Dimmer 00 (2)                     ;1000.0;FRENTE;FT 201_3.3;68.6274509804;23058.8235294118;6.4052287582
29;14;;DIM;17.5;336;2 Dimmer 00 (2)                     ;1000.0;FRENTE;FT 201_3.4;68.6274509804;23058.8235294118;6.4052287582
29;15;;DIM;17.5;336;2 Dimmer 00 (2)                     ;1000.0;FRENTE;FT 201_3.5;68.6274509804;23058.8235294118;6.4052287582
29;16;;DIM;0;336;2 Dimmer 00 (2)                     ;1000.0;FRENTE;FT 201_4.1;0.0;0.0;0.0
29;17;;DIM;0;336;2 Dimmer 00 (2)                     ;1000.0;FRENTE;FT 201_4.2;0.0;0.0;0.0
29;18;;DIM;0;336;2 Dimmer 00 (2)                     ;1000.0;FRENTE;FT 201_4.3;0.0;0.0;0.0
29;19;;DIM;0;336;2 Dimmer 00 (2)                     ;1000.0;FRENTE;FT 115_3.1;0.0;0.0;0.0
29;20;;DIM;0;336;2 Dimmer 00 (2)                     ;1000.0;FRENTE;FT 115_3.2;0.0;0.0;0.0
29;21;;DIM;0;336;2 Dimmer 00 (2)                     ;1000.0;FRENTE;FT 115_3.3;0.0;0.0;0.0
29;22;;DIM;0;336;2 Dimmer 00 (2)                     ;1000.0;FRENTE;FT 115_3.4;0.0;0.0;0.0
29;23;;DIM;0;336;2 Dimmer 00 (2)                     ;1000.0;FRENTE;FT 115_3.5;0.0;0.0;0.0
29;24;;DIM;0;336;2 Dimmer 00 (2)                     ;1000.0;FRENTE;FT 115_4.1;0.0;0.0;0.0
29;25;;DIM;0;336;2 Dimmer 00 (2)                     ;1000.0;FRENTE;FT 115_4.2;0.0;0.0;0.0
29;26;;DIM;0;336;2 Dimmer 00 (2)                     ;1000.0;FRENTE;FT 115_4.3;0.0;0.0;0.0
29;27;;DIM;0;336;2 Dimmer 00 (2)                     ;1000.0;CONTRA;CRT 201_1.1;0.0;0.0;0.0
29;28;;DIM;0;336;2 Dimmer 00 (2)                     ;1000.0;CONTRA;CRT 201_1.2;0.0;0.0;0.0
29;29;;DIM;0;336;2 Dimmer 00 (2)                     ;1000.0;CONTRA;CRT 201_1.3;0.0;0.0;0.0
29;30;;DIM;0;336;2 Dimmer 00 (2)                     ;1000.0;CONTRA;CRT 201_1.4;0.0;0.0;0.0
29;31;;DIM;0;336;2 Dimmer 00 (2)                     ;1000.0;CONTRA;CRT 201_2.1;0.0;0.0;0.0
29;32;;DIM;0;336;2 Dimmer 00 (2)                     ;1000.0;CONTRA;CRT 201_2.2;0.0;0.0;0.0
29;33;;DIM;0;336;2 Dimmer 00 (2)                     ;1000.0;CONTRA;CRT 201_2.3;0.0;0.0;0.0
29;34;;DIM;27.5;336;2 Dimmer 00 (2)                     ;1000.0;CONTRA;CRT 115_1.1;107.8431372549;36235.2941176471;10.0653594771
29;35;;DIM;27.5;336;2 Dimmer 00 (2)                     ;1000.0;CONTRA;CRT 115_1.2;107.8431372549;36235.2941176471;10.0653594771
29;36;;DIM;18.5;336;2 Dimmer 00 (2)                     ;1000.0;CONTRA;CRT 115_1.3;72.5490196078;24376.4705882353;6.7712418301
29;37;;DIM;27.5;336;2 Dimmer 00 (2)                     ;1000.0;CONTRA;CRT 115_1.4;107.8431372549;36235.2941176471;10.0653594771
29;38;;DIM;27.5;336;2 Dimmer 00 (2)                     ;1000.0;CONTRA;CRT 115_2.1;107.8431372549;36235.2941176471;10.0653594771
29;39;;DIM;27.5;336;2 Dimmer 00 (2)                     ;1000.0;CONTRA;CRT 115_2.2;107.8431372549;36235.2941176471;10.0653594771
29;40;;DIM;18.5;336;2 Dimmer 00 (2)                     ;1000.0;CONTRA;CRT 115_2.3;72.5490196078;24376.4705882353;6.7712418301
29;41;;DIM;27;336;2 Dimmer 00 (2)                     ;750.0;LEQUE ;PAREDE 1;79.4117647059;26682.3529411765;7.4117647059
29;42;;DIM;27;336;2 Dimmer 00 (2)                     ;750.0;LEQUE ;PAREDE 2;79.4117647059;26682.3529411765;7.4117647059
29;43;;DIM;27;336;2 Dimmer 00 (2)                     ;750.0;LEQUE ;PAREDE 3;79.4117647059;26682.3529411765;7.4117647059
29;44;;DIM;27;336;2 Dimmer 00 (2)                     ;750.0;LEQUE ;PAREDE 4;79.4117647059;26682.3529411765;7.4117647059
29;45;;DIM;27;336;2 Dimmer 00 (2)                     ;750.0;LEQUE ;PAREDE 5;79.4117647059;26682.3529411765;7.4117647059
29;46;;DIM;27;336;2 Dimmer 00 (2)                     ;750.0;LEQUE ;PAREDE 6;79.4117647059;26682.3529411765;7.4117647059
29;47;;DIM;27;336;2 Dimmer 00 (2)                     ;750.0;LEQUE ;PAREDE 7;79.4117647059;26682.3529411765;7.4117647059
29;48;;DIM;0;336;2 Dimmer 00 (2)                     ;1000.0;LATERA;RED 1;0.0;0.0;0.0
29;49;;DIM;0;336;2 Dimmer 00 (2)                     ;1000.0;LATERA;RED 2;0.0;0.0;0.0
29;50;;DIM;0;336;2 Dimmer 00 (2)                     ;1000.0;LATERA;RED 3;0.0;0.0;0.0
29;51;;DIM;0;336;2 Dimmer 00 (2)                     ;1000.0;LATERA;RED 4;0.0;0.0;0.0
29;52;;DIM;0;336;2 Dimmer 00 (2)                     ;750.0;BANHEI;BANHEIRA FRT;0.0;0.0;0.0
29;53;;DIM;0;336;2 Dimmer 00 (2)                     ;750.0;BANHEI;BANHEIRA PIC.;0.0;0.0;0.0
29;54;;DIM;0;336;2 Dimmer 00 (2)                     ;750.0;BANHEI;BANHEIRA CRT;0.0;0.0;0.0
29;55;;DIM;0;336;2 Dimmer 00 (2)                     ;1000.0;BANCOS;BANCO FR L;0.0;0.0;0.0
29;56;;DIM;0;336;2 Dimmer 00 (2)                     ;1000.0;BANCOS;BANCO CRT L;0.0;0.0;0.0
29;57;;DIM;0;336;2 Dimmer 00 (2)                     ;1000.0;BANCOS;BANCO FR R;0.0;0.0;0.0
29;58;;DIM;0;336;2 Dimmer 00 (2)                     ;1000.0;BANCOS;BANCO CRT R;0.0;0.0;0.0
29;59;;DIM;0;336;2 Dimmer 00 (2)                     ;750.0;CADEIR;COUMIER;0.0;0.0;0.0
29;60;;DIM;0;336;2 Dimmer 00 (2)                     ;750.0;GUILHO;GUILHO PIC.;0.0;0.0;0.0
29;61;;DIM;0;336;2 Dimmer 00 (2)                     ;750.0;GUILHO;GUILHO CRT;0.0;0.0;0.0
29;62;;DIM;0;336;2 Dimmer 00 (2)                     ;1000.0;CANTOR;CANTORES CRT;0.0;0.0;0.0
29;63;;DIM;0;336;2 Dimmer 00 (2)                     ;1000.0;PORTA ;PORTA FR PICADO;0.0;0.0;0.0
29;64;;DIM;0;336;2 Dimmer 00 (2)                     ;1000.0;PORTA ;PORTA CRT;0.0;0.0;0.0
29;73;;DIM;0;336;2 Dimmer 00 (2)                     ;750.0;PORTA ;PORTA RÉGIE;0.0;0.0;0.0
29;65;;DIM;0;336;2 Dimmer 00 (2)                     ;1000.0;MUSICO;MUSICO FR;0.0;0.0;0.0
29;66;;DIM;0;336;2 Dimmer 00 (2)                     ;1000.0;MUSICO;PAUTAS CRT;0.0;0.0;0.0
29;67;;DIM;0;336;2 Dimmer 00 (2)                     ;750.0;MUSICO;KEYS;0.0;0.0;0.0
29;68;;DIM;6.5;336;2 Dimmer 00 (2)                     ;1000.0;ALCOVA;DIR ALCOVA;25.4901960784;8564.7058823529;2.3790849673
29;69;;DIM;18.5;336;2 Dimmer 00 (2)                     ;1000.0;ALCOVA;BANHEIRA DIR;72.5490196078;24376.4705882353;6.7712418301
29;70;;DIM;6.5;336;2 Dimmer 00 (2)                     ;750.0;ALCOVA;ESQ ALCOVA;19.1176470588;6423.5294117647;1.7843137255
29;71;;DIM;18.5;336;2 Dimmer 00 (2)                     ;750.0;ALCOVA;BANHEIRA ESQ;54.4117647059;18282.3529411765;5.0784313725
29;72;;DIM;0;336;2 Dimmer 00 (2)                     ;3000.0;FUMO  ;VAPOR;0.0;0.0;0.0
29;231;;DIM;0;336;2 Dimmer 00 (2)                     ;3000.0;VENTOI;FAN 1;0.0;0.0;0.0
29;232;;DIM;0;336;2 Dimmer 00 (2)                     ;1000.0;CODA P;PUB 1;0.0;0.0;0.0
29;233;;DIM;0;336;2 Dimmer 00 (2)                     ;1000.0;CODA P;PUB 2;0.0;0.0;0.0
29;234;;DIM;0;336;2 Dimmer 00 (2)                     ;1000.0;CODA P;PUB 3;0.0;0.0;0.0
29;235;;DIM;0;336;2 Dimmer 00 (2)                     ;1000.0;CODA P;PUB 4;0.0;0.0;0.0
31;1;;DIM;25.5;312;2 Dimmer 00 (2)                     ;2000.0;FRENTE;FT 1.1;200.0;62400.0;17.3333333333
31;2;;DIM;25.5;312;2 Dimmer 00 (2)                     ;2000.0;FRENTE;FT 1.2;200.0;62400.0;17.3333333333
31;3;;DIM;25.5;312;2 Dimmer 00 (2)                     ;2000.0;FRENTE;FT 1.3;200.0;62400.0;17.3333333333
31;4;;DIM;25.5;312;2 Dimmer 00 (2)                     ;2000.0;FRENTE;FT 1.4;200.0;62400.0;17.3333333333
31;5;;DIM;25.5;312;2 Dimmer 00 (2)                     ;2000.0;FRENTE;FT 1.5;200.0;62400.0;17.3333333333
31;6;;DIM;0;312;2 Dimmer 00 (2)                     ;2000.0;FRENTE;FT 2.1;0.0;0.0;0.0
31;7;;DIM;0;312;2 Dimmer 00 (2)                     ;2000.0;FRENTE;FT 2.2;0.0;0.0;0.0
31;8;;DIM;0;312;2 Dimmer 00 (2)                     ;2000.0;FRENTE;FT 2.3;0.0;0.0;0.0
31;9;;DIM;0;312;2 Dimmer 00 (2)                     ;2000.0;FRENTE;FT 2.4;0.0;0.0;0.0
31;10;;DIM;0;312;2 Dimmer 00 (2)                     ;2000.0;FRENTE;FT 2.5;0.0;0.0;0.0
31;11;;DIM;15;312;2 Dimmer 00 (2)                     ;1000.0;FRENTE;FT 201_3.1;58.8235294118;18352.9411764706;5.0980392157
31;12;;DIM;15;312;2 Dimmer 00 (2)                     ;1000.0;FRENTE;FT 201_3.2;58.8235294118;18352.9411764706;5.0980392157
31;13;;DIM;15;312;2 Dimmer 00 (2)                     ;1000.0;FRENTE;FT 201_3.3;58.8235294118;18352.9411764706;5.0980392157
31;14;;DIM;15;312;2 Dimmer 00 (2)                     ;1000.0;FRENTE;FT 201_3.4;58.8235294118;18352.9411764706;5.0980392157
31;15;;DIM;15;312;2 Dimmer 00 (2)                     ;1000.0;FRENTE;FT 201_3.5;58.8235294118;18352.9411764706;5.0980392157
31;16;;DIM;0;312;2 Dimmer 00 (2)                     ;1000.0;FRENTE;FT 201_4.1;0.0;0.0;0.0
31;17;;DIM;0;312;2 Dimmer 00 (2)                     ;1000.0;FRENTE;FT 201_4.2;0.0;0.0;0.0
31;18;;DIM;0;312;2 Dimmer 00 (2)                     ;1000.0;FRENTE;FT 201_4.3;0.0;0.0;0.0
31;19;;DIM;11.5;312;2 Dimmer 00 (2)                     ;1000.0;FRENTE;FT 115_3.1;45.0980392157;14070.5882352941;3.908496732
31;20;;DIM;11.5;312;2 Dimmer 00 (2)                     ;1000.0;FRENTE;FT 115_3.2;45.0980392157;14070.5882352941;3.908496732
31;21;;DIM;11.5;312;2 Dimmer 00 (2)                     ;1000.0;FRENTE;FT 115_3.3;45.0980392157;14070.5882352941;3.908496732
31;22;;DIM;11.5;312;2 Dimmer 00 (2)                     ;1000.0;FRENTE;FT 115_3.4;45.0980392157;14070.5882352941;3.908496732
31;23;;DIM;11.5;312;2 Dimmer 00 (2)                     ;1000.0;FRENTE;FT 115_3.5;45.0980392157;14070.5882352941;3.908496732
31;24;;DIM;0;312;2 Dimmer 00 (2)                     ;1000.0;FRENTE;FT 115_4.1;0.0;0.0;0.0
31;25;;DIM;0;312;2 Dimmer 00 (2)                     ;1000.0;FRENTE;FT 115_4.2;0.0;0.0;0.0
31;26;;DIM;0;312;2 Dimmer 00 (2)                     ;1000.0;FRENTE;FT 115_4.3;0.0;0.0;0.0
31;27;;DIM;0;312;2 Dimmer 00 (2)                     ;1000.0;CONTRA;CRT 201_1.1;0.0;0.0;0.0
31;28;;DIM;0;312;2 Dimmer 00 (2)                     ;1000.0;CONTRA;CRT 201_1.2;0.0;0.0;0.0
31;29;;DIM;0;312;2 Dimmer 00 (2)                     ;1000.0;CONTRA;CRT 201_1.3;0.0;0.0;0.0
31;30;;DIM;0;312;2 Dimmer 00 (2)                     ;1000.0;CONTRA;CRT 201_1.4;0.0;0.0;0.0
31;31;;DIM;0;312;2 Dimmer 00 (2)                     ;1000.0;CONTRA;CRT 201_2.1;0.0;0.0;0.0
31;32;;DIM;0;312;2 Dimmer 00 (2)                     ;1000.0;CONTRA;CRT 201_2.2;0.0;0.0;0.0
31;33;;DIM;0;312;2 Dimmer 00 (2)                     ;1000.0;CONTRA;CRT 201_2.3;0.0;0.0;0.0
31;34;;DIM;27.5;312;2 Dimmer 00 (2)                     ;1000.0;CONTRA;CRT 115_1.1;107.8431372549;33647.0588235294;9.3464052288
31;35;;DIM;27.5;312;2 Dimmer 00 (2)                     ;1000.0;CONTRA;CRT 115_1.2;107.8431372549;33647.0588235294;9.3464052288
31;36;;DIM;18.5;312;2 Dimmer 00 (2)                     ;1000.0;CONTRA;CRT 115_1.3;72.5490196078;22635.2941176471;6.2875816993
31;37;;DIM;27.5;312;2 Dimmer 00 (2)                     ;1000.0;CONTRA;CRT 115_1.4;107.8431372549;33647.0588235294;9.3464052288
31;38;;DIM;27.5;312;2 Dimmer 00 (2)                     ;1000.0;CONTRA;CRT 115_2.1;107.8431372549;33647.0588235294;9.3464052288
31;39;;DIM;27.5;312;2 Dimmer 00 (2)                     ;1000.0;CONTRA;CRT 115_2.2;107.8431372549;33647.0588235294;9.3464052288
31;40;;DIM;18.5;312;2 Dimmer 00 (2)                     ;1000.0;CONTRA;CRT 115_2.3;72.5490196078;22635.2941176471;6.2875816993
31;41;;DIM;27;312;2 Dimmer 00 (2)                     ;750.0;LEQUE ;PAREDE 1;79.4117647059;24776.4705882353;6.8823529412
31;42;;DIM;27;312;2 Dimmer 00 (2)                     ;750.0;LEQUE ;PAREDE 2;79.4117647059;24776.4705882353;6.8823529412
31;43;;DIM;27;312;2 Dimmer 00 (2)                     ;750.0;LEQUE ;PAREDE 3;79.4117647059;24776.4705882353;6.8823529412
31;44;;DIM;27;312;2 Dimmer 00 (2)                     ;750.0;LEQUE ;PAREDE 4;79.4117647059;24776.4705882353;6.8823529412
31;45;;DIM;27;312;2 Dimmer 00 (2)                     ;750.0;LEQUE ;PAREDE 5;79.4117647059;24776.4705882353;6.8823529412
31;46;;DIM;27;312;2 Dimmer 00 (2)                     ;750.0;LEQUE ;PAREDE 6;79.4117647059;24776.4705882353;6.8823529412
31;47;;DIM;27;312;2 Dimmer 00 (2)                     ;750.0;LEQUE ;PAREDE 7;79.4117647059;24776.4705882353;6.8823529412
31;48;;DIM;0;312;2 Dimmer 00 (2)                     ;1000.0;LATERA;RED 1;0.0;0.0;0.0
31;49;;DIM;0;312;2 Dimmer 00 (2)                     ;1000.0;LATERA;RED 2;0.0;0.0;0.0
31;50;;DIM;0;312;2 Dimmer 00 (2)                     ;1000.0;LATERA;RED 3;0.0;0.0;0.0
31;51;;DIM;0;312;2 Dimmer 00 (2)                     ;1000.0;LATERA;RED 4;0.0;0.0;0.0
31;52;;DIM;0;312;2 Dimmer 00 (2)                     ;750.0;BANHEI;BANHEIRA FRT;0.0;0.0;0.0
31;53;;DIM;0;312;2 Dimmer 00 (2)                     ;750.0;BANHEI;BANHEIRA PIC.;0.0;0.0;0.0
31;54;;DIM;45.5;312;2 Dimmer 00 (2)                     ;750.0;BANHEI;BANHEIRA CRT;133.8235294118;41752.9411764706;11.5980392157
31;55;;DIM;0;312;2 Dimmer 00 (2)                     ;1000.0;BANCOS;BANCO FR L;0.0;0.0;0.0
31;56;;DIM;0;312;2 Dimmer 00 (2)                     ;1000.0;BANCOS;BANCO CRT L;0.0;0.0;0.0
31;57;;DIM;0;312;2 Dimmer 00 (2)                     ;1000.0;BANCOS;BANCO FR R;0.0;0.0;0.0
31;58;;DIM;0;312;2 Dimmer 00 (2)                     ;1000.0;BANCOS;BANCO CRT R;0.0;0.0;0.0
31;59;;DIM;0;312;2 Dimmer 00 (2)                     ;750.0;CADEIR;COUMIER;0.0;0.0;0.0
31;60;;DIM;0;312;2 Dimmer 00 (2)                     ;750.0;GUILHO;GUILHO PIC.;0.0;0.0;0.0
31;61;;DIM;0;312;2 Dimmer 00 (2)                     ;750.0;GUILHO;GUILHO CRT;0.0;0.0;0.0
31;62;;DIM;0;312;2 Dimmer 00 (2)                     ;1000.0;CANTOR;CANTORES CRT;0.0;0.0;0.0
31;63;;DIM;0;312;2 Dimmer 00 (2)                     ;1000.0;PORTA ;PORTA FR PICADO;0.0;0.0;0.0
31;64;;DIM;0;312;2 Dimmer 00 (2)                     ;1000.0;PORTA ;PORTA CRT;0.0;0.0;0.0
31;73;;DIM;0;312;2 Dimmer 00 (2)                     ;750.0;PORTA ;PORTA RÉGIE;0.0;0.0;0.0
31;65;;DIM;0;312;2 Dimmer 00 (2)                     ;1000.0;MUSICO;MUSICO FR;0.0;0.0;0.0
31;66;;DIM;0;312;2 Dimmer 00 (2)                     ;1000.0;MUSICO;PAUTAS CRT;0.0;0.0;0.0
31;67;;DIM;0;312;2 Dimmer 00 (2)                     ;750.0;MUSICO;KEYS;0.0;0.0;0.0
31;68;;DIM;6.5;312;2 Dimmer 00 (2)                     ;1000.0;ALCOVA;DIR ALCOVA;25.4901960784;7952.9411764706;2.2091503268
31;69;;DIM;25;312;2 Dimmer 00 (2)                     ;1000.0;ALCOVA;BANHEIRA DIR;98.0392156863;30588.2352941176;8.4967320261
31;70;;DIM;6.5;312;2 Dimmer 00 (2)                     ;750.0;ALCOVA;ESQ ALCOVA;19.1176470588;5964.7058823529;1.6568627451
31;71;;DIM;25;312;2 Dimmer 00 (2)                     ;750.0;ALCOVA;BANHEIRA ESQ;73.5294117647;22941.1764705882;6.3725490196
31;72;;DIM;0;312;2 Dimmer 00 (2)                     ;3000.0;FUMO  ;VAPOR;0.0;0.0;0.0
31;231;;DIM;0;312;2 Dimmer 00 (2)                     ;3000.0;VENTOI;FAN 1;0.0;0.0;0.0
31;232;;DIM;0;312;2 Dimmer 00 (2)                     ;1000.0;CODA P;PUB 1;0.0;0.0;0.0
31;233;;DIM;0;312;2 Dimmer 00 (2)                     ;1000.0;CODA P;PUB 2;0.0;0.0;0.0
31;234;;DIM;0;312;2 Dimmer 00 (2)                     ;1000.0;CODA P;PUB 3;0.0;0.0;0.0
31;235;;DIM;0;312;2 Dimmer 00 (2)                     ;1000.0;CODA P;PUB 4;0.0;0.0;0.0
32;1;;DIM;0;344;2 Dimmer 00 (2)                     ;2000.0;FRENTE;FT 1.1;0.0;0.0;0.0
32;2;;DIM;0;344;2 Dimmer 00 (2)                     ;2000.0;FRENTE;FT 1.2;0.0;0.0;0.0
32;3;;DIM;0;344;2 Dimmer 00 (2)                     ;2000.0;FRENTE;FT 1.3;0.0;0.0;0.0
32;4;;DIM;0;344;2 Dimmer 00 (2)                     ;2000.0;FRENTE;FT 1.4;0.0;0.0;0.0
32;5;;DIM;0;344;2 Dimmer 00 (2)                     ;2000.0;FRENTE;FT 1.5;0.0;0.0;0.0
32;6;;DIM;0;344;2 Dimmer 00 (2)                     ;2000.0;FRENTE;FT 2.1;0.0;0.0;0.0
32;7;;DIM;0;344;2 Dimmer 00 (2)                     ;2000.0;FRENTE;FT 2.2;0.0;0.0;0.0
32;8;;DIM;27;344;2 Dimmer 00 (2)                     ;2000.0;FRENTE;FT 2.3;211.7647058824;72847.0588235294;20.2352941176
32;9;;DIM;12;344;2 Dimmer 00 (2)                     ;2000.0;FRENTE;FT 2.4;94.1176470588;32376.4705882353;8.9934640523
32;10;;DIM;0;344;2 Dimmer 00 (2)                     ;2000.0;FRENTE;FT 2.5;0.0;0.0;0.0
32;11;;DIM;15.5;344;2 Dimmer 00 (2)                     ;1000.0;FRENTE;FT 201_3.1;60.7843137255;20909.8039215686;5.8082788671
32;12;;DIM;15.5;344;2 Dimmer 00 (2)                     ;1000.0;FRENTE;FT 201_3.2;60.7843137255;20909.8039215686;5.8082788671
32;13;;DIM;15.5;344;2 Dimmer 00 (2)                     ;1000.0;FRENTE;FT 201_3.3;60.7843137255;20909.8039215686;5.8082788671
32;14;;DIM;15.5;344;2 Dimmer 00 (2)                     ;1000.0;FRENTE;FT 201_3.4;60.7843137255;20909.8039215686;5.8082788671
32;15;;DIM;15.5;344;2 Dimmer 00 (2)                     ;1000.0;FRENTE;FT 201_3.5;60.7843137255;20909.8039215686;5.8082788671
32;16;;DIM;0.5;344;2 Dimmer 00 (2)                     ;1000.0;FRENTE;FT 201_4.1;500.0;172000.0;47.7777777778
32;17;;DIM;0.5;344;2 Dimmer 00 (2)                     ;1000.0;FRENTE;FT 201_4.2;500.0;172000.0;47.7777777778
32;18;;DIM;0.5;344;2 Dimmer 00 (2)                     ;1000.0;FRENTE;FT 201_4.3;500.0;172000.0;47.7777777778
32;19;;DIM;0;344;2 Dimmer 00 (2)                     ;1000.0;FRENTE;FT 115_3.1;0.0;0.0;0.0
32;20;;DIM;0;344;2 Dimmer 00 (2)                     ;1000.0;FRENTE;FT 115_3.2;0.0;0.0;0.0
32;21;;DIM;0;344;2 Dimmer 00 (2)                     ;1000.0;FRENTE;FT 115_3.3;0.0;0.0;0.0
32;22;;DIM;0;344;2 Dimmer 00 (2)                     ;1000.0;FRENTE;FT 115_3.4;0.0;0.0;0.0
32;23;;DIM;0;344;2 Dimmer 00 (2)                     ;1000.0;FRENTE;FT 115_3.5;0.0;0.0;0.0
32;24;;DIM;0;344;2 Dimmer 00 (2)                     ;1000.0;FRENTE;FT 115_4.1;0.0;0.0;0.0
32;25;;DIM;0;344;2 Dimmer 00 (2)                     ;1000.0;FRENTE;FT 115_4.2;0.0;0.0;0.0
32;26;;DIM;0;344;2 Dimmer 00 (2)                     ;1000.0;FRENTE;FT 115_4.3;0.0;0.0;0.0
32;27;;DIM;0;344;2 Dimmer 00 (2)                     ;1000.0;CONTRA;CRT 201_1.1;0.0;0.0;0.0
32;28;;DIM;0;344;2 Dimmer 00 (2)                     ;1000.0;CONTRA;CRT 201_1.2;0.0;0.0;0.0
32;29;;DIM;0;344;2 Dimmer 00 (2)                     ;1000.0;CONTRA;CRT 201_1.3;0.0;0.0;0.0
32;30;;DIM;0;344;2 Dimmer 00 (2)                     ;1000.0;CONTRA;CRT 201_1.4;0.0;0.0;0.0
32;31;;DIM;0;344;2 Dimmer 00 (2)                     ;1000.0;CONTRA;CRT 201_2.1;0.0;0.0;0.0
32;32;;DIM;0;344;2 Dimmer 00 (2)                     ;1000.0;CONTRA;CRT 201_2.2;0.0;0.0;0.0
32;33;;DIM;0;344;2 Dimmer 00 (2)                     ;1000.0;CONTRA;CRT 201_2.3;0.0;0.0;0.0
32;34;;DIM;27.5;344;2 Dimmer 00 (2)                     ;1000.0;CONTRA;CRT 115_1.1;107.8431372549;37098.0392156863;10.3050108932
32;35;;DIM;27.5;344;2 Dimmer 00 (2)                     ;1000.0;CONTRA;CRT 115_1.2;107.8431372549;37098.0392156863;10.3050108932
32;36;;DIM;18.5;344;2 Dimmer 00 (2)                     ;1000.0;CONTRA;CRT 115_1.3;72.5490196078;24956.862745098;6.9324618736
32;37;;DIM;27.5;344;2 Dimmer 00 (2)                     ;1000.0;CONTRA;CRT 115_1.4;107.8431372549;37098.0392156863;10.3050108932
32;38;;DIM;27.5;344;2 Dimmer 00 (2)                     ;1000.0;CONTRA;CRT 115_2.1;107.8431372549;37098.0392156863;10.3050108932
32;39;;DIM;27.5;344;2 Dimmer 00 (2)                     ;1000.0;CONTRA;CRT 115_2.2;107.8431372549;37098.0392156863;10.3050108932
32;40;;DIM;18.5;344;2 Dimmer 00 (2)                     ;1000.0;CONTRA;CRT 115_2.3;72.5490196078;24956.862745098;6.9324618736
32;41;;DIM;27;344;2 Dimmer 00 (2)                     ;750.0;LEQUE ;PAREDE 1;79.4117647059;27317.6470588235;7.5882352941
32;42;;DIM;27;344;2 Dimmer 00 (2)                     ;750.0;LEQUE ;PAREDE 2;79.4117647059;27317.6470588235;7.5882352941
32;43;;DIM;27;344;2 Dimmer 00 (2)                     ;750.0;LEQUE ;PAREDE 3;79.4117647059;27317.6470588235;7.5882352941
32;44;;DIM;27;344;2 Dimmer 00 (2)                     ;750.0;LEQUE ;PAREDE 4;79.4117647059;27317.6470588235;7.5882352941
32;45;;DIM;27;344;2 Dimmer 00 (2)                     ;750.0;LEQUE ;PAREDE 5;79.4117647059;27317.6470588235;7.5882352941
32;46;;DIM;27;344;2 Dimmer 00 (2)                     ;750.0;LEQUE ;PAREDE 6;79.4117647059;27317.6470588235;7.5882352941
32;47;;DIM;27;344;2 Dimmer 00 (2)                     ;750.0;LEQUE ;PAREDE 7;79.4117647059;27317.6470588235;7.5882352941
32;48;;DIM;0;344;2 Dimmer 00 (2)                     ;1000.0;LATERA;RED 1;0.0;0.0;0.0
32;49;;DIM;0;344;2 Dimmer 00 (2)                     ;1000.0;LATERA;RED 2;0.0;0.0;0.0
32;50;;DIM;0;344;2 Dimmer 00 (2)                     ;1000.0;LATERA;RED 3;0.0;0.0;0.0
32;51;;DIM;0;344;2 Dimmer 00 (2)                     ;1000.0;LATERA;RED 4;0.0;0.0;0.0
32;52;;DIM;0;344;2 Dimmer 00 (2)                     ;750.0;BANHEI;BANHEIRA FRT;0.0;0.0;0.0
32;53;;DIM;0;344;2 Dimmer 00 (2)                     ;750.0;BANHEI;BANHEIRA PIC.;0.0;0.0;0.0
32;54;;DIM;45.5;344;2 Dimmer 00 (2)                     ;750.0;BANHEI;BANHEIRA CRT;133.8235294118;46035.2941176471;12.7875816993
32;55;;DIM;0;344;2 Dimmer 00 (2)                     ;1000.0;BANCOS;BANCO FR L;0.0;0.0;0.0
32;56;;DIM;0;344;2 Dimmer 00 (2)                     ;1000.0;BANCOS;BANCO CRT L;0.0;0.0;0.0
32;57;;DIM;0;344;2 Dimmer 00 (2)                     ;1000.0;BANCOS;BANCO FR R;0.0;0.0;0.0
32;58;;DIM;0;344;2 Dimmer 00 (2)                     ;1000.0;BANCOS;BANCO CRT R;0.0;0.0;0.0
32;59;;DIM;0;344;2 Dimmer 00 (2)                     ;750.0;CADEIR;COUMIER;0.0;0.0;0.0
32;60;;DIM;0;344;2 Dimmer 00 (2)                     ;750.0;GUILHO;GUILHO PIC.;0.0;0.0;0.0
32;61;;DIM;0;344;2 Dimmer 00 (2)                     ;750.0;GUILHO;GUILHO CRT;0.0;0.0;0.0
32;62;;DIM;0;344;2 Dimmer 00 (2)                     ;1000.0;CANTOR;CANTORES CRT;0.0;0.0;0.0
32;63;;DIM;0;344;2 Dimmer 00 (2)                     ;1000.0;PORTA ;PORTA FR PICADO;0.0;0.0;0.0
32;64;;DIM;0;344;2 Dimmer 00 (2)                     ;1000.0;PORTA ;PORTA CRT;0.0;0.0;0.0
32;73;;DIM;0;344;2 Dimmer 00 (2)                     ;750.0;PORTA ;PORTA RÉGIE;0.0;0.0;0.0
32;65;;DIM;0;344;2 Dimmer 00 (2)                     ;1000.0;MUSICO;MUSICO FR;0.0;0.0;0.0
32;66;;DIM;0;344;2 Dimmer 00 (2)                     ;1000.0;MUSICO;PAUTAS CRT;0.0;0.0;0.0
32;67;;DIM;0;344;2 Dimmer 00 (2)                     ;750.0;MUSICO;KEYS;0.0;0.0;0.0
32;68;;DIM;6.5;344;2 Dimmer 00 (2)                     ;1000.0;ALCOVA;DIR ALCOVA;25.4901960784;8768.6274509804;2.4357298475
32;69;;DIM;25;344;2 Dimmer 00 (2)                     ;1000.0;ALCOVA;BANHEIRA DIR;98.0392156863;33725.4901960784;9.3681917211
32;70;;DIM;6.5;344;2 Dimmer 00 (2)                     ;750.0;ALCOVA;ESQ ALCOVA;19.1176470588;6576.4705882353;1.8267973856
32;71;;DIM;25;344;2 Dimmer 00 (2)                     ;750.0;ALCOVA;BANHEIRA ESQ;73.5294117647;25294.1176470588;7.0261437908
32;72;;DIM;0;344;2 Dimmer 00 (2)                     ;3000.0;FUMO  ;VAPOR;0.0;0.0;0.0
32;231;;DIM;0;344;2 Dimmer 00 (2)                     ;3000.0;VENTOI;FAN 1;0.0;0.0;0.0
32;232;;DIM;0;344;2 Dimmer 00 (2)                     ;1000.0;CODA P;PUB 1;0.0;0.0;0.0
32;233;;DIM;0;344;2 Dimmer 00 (2)                     ;1000.0;CODA P;PUB 2;0.0;0.0;0.0
32;234;;DIM;0;344;2 Dimmer 00 (2)                     ;1000.0;CODA P;PUB 3;0.0;0.0;0.0
32;235;;DIM;0;344;2 Dimmer 00 (2)                     ;1000.0;CODA P;PUB 4;0.0;0.0;0.0
33;1;;DIM;0;51;2 Dimmer 00 (2)                     ;2000.0;FRENTE;FT 1.1;0.0;0.0;0.0
33;2;;DIM;0;51;2 Dimmer 00 (2)                     ;2000.0;FRENTE;FT 1.2;0.0;0.0;0.0
33;3;;DIM;0;51;2 Dimmer 00 (2)                     ;2000.0;FRENTE;FT 1.3;0.0;0.0;0.0
33;4;;DIM;0;51;2 Dimmer 00 (2)                     ;2000.0;FRENTE;FT 1.4;0.0;0.0;0.0
33;5;;DIM;0;51;2 Dimmer 00 (2)                     ;2000.0;FRENTE;FT 1.5;0.0;0.0;0.0
33;6;;DIM;0;51;2 Dimmer 00 (2)                     ;2000.0;FRENTE;FT 2.1;0.0;0.0;0.0
33;7;;DIM;0;51;2 Dimmer 00 (2)                     ;2000.0;FRENTE;FT 2.2;0.0;0.0;0.0
33;8;;DIM;33;51;2 Dimmer 00 (2)                     ;2000.0;FRENTE;FT 2.3;258.8235294118;13200.0;3.6666666667
33;9;;DIM;12;51;2 Dimmer 00 (2)                     ;2000.0;FRENTE;FT 2.4;94.1176470588;4800.0;1.3333333333
33;10;;DIM;0;51;2 Dimmer 00 (2)                     ;2000.0;FRENTE;FT 2.5;0.0;0.0;0.0
33;11;;DIM;15.5;51;2 Dimmer 00 (2)                     ;1000.0;FRENTE;FT 201_3.1;60.7843137255;3100.0;0.8611111111
33;12;;DIM;15.5;51;2 Dimmer 00 (2)                     ;1000.0;FRENTE;FT 201_3.2;60.7843137255;3100.0;0.8611111111
33;13;;DIM;15.5;51;2 Dimmer 00 (2)                     ;1000.0;FRENTE;FT 201_3.3;60.7843137255;3100.0;0.8611111111
33;14;;DIM;15.5;51;2 Dimmer 00 (2)                     ;1000.0;FRENTE;FT 201_3.4;60.7843137255;3100.0;0.8611111111
33;15;;DIM;15.5;51;2 Dimmer 00 (2)                     ;1000.0;FRENTE;FT 201_3.5;60.7843137255;3100.0;0.8611111111
33;16;;DIM;0.5;51;2 Dimmer 00 (2)                     ;1000.0;FRENTE;FT 201_4.1;500.0;25500.0;7.0833333333
33;17;;DIM;0.5;51;2 Dimmer 00 (2)                     ;1000.0;FRENTE;FT 201_4.2;500.0;25500.0;7.0833333333
33;18;;DIM;0.5;51;2 Dimmer 00 (2)                     ;1000.0;FRENTE;FT 201_4.3;500.0;25500.0;7.0833333333
33;19;;DIM;0;51;2 Dimmer 00 (2)                     ;1000.0;FRENTE;FT 115_3.1;0.0;0.0;0.0
33;20;;DIM;0;51;2 Dimmer 00 (2)                     ;1000.0;FRENTE;FT 115_3.2;0.0;0.0;0.0
33;21;;DIM;0;51;2 Dimmer 00 (2)                     ;1000.0;FRENTE;FT 115_3.3;0.0;0.0;0.0
33;22;;DIM;0;51;2 Dimmer 00 (2)                     ;1000.0;FRENTE;FT 115_3.4;0.0;0.0;0.0
33;23;;DIM;0;51;2 Dimmer 00 (2)                     ;1000.0;FRENTE;FT 115_3.5;0.0;0.0;0.0
33;24;;DIM;0;51;2 Dimmer 00 (2)                     ;1000.0;FRENTE;FT 115_4.1;0.0;0.0;0.0
33;25;;DIM;0;51;2 Dimmer 00 (2)                     ;1000.0;FRENTE;FT 115_4.2;0.0;0.0;0.0
33;26;;DIM;0;51;2 Dimmer 00 (2)                     ;1000.0;FRENTE;FT 115_4.3;0.0;0.0;0.0
33;27;;DIM;0;51;2 Dimmer 00 (2)                     ;1000.0;CONTRA;CRT 201_1.1;0.0;0.0;0.0
33;28;;DIM;0;51;2 Dimmer 00 (2)                     ;1000.0;CONTRA;CRT 201_1.2;0.0;0.0;0.0
33;29;;DIM;0;51;2 Dimmer 00 (2)                     ;1000.0;CONTRA;CRT 201_1.3;0.0;0.0;0.0
33;30;;DIM;0;51;2 Dimmer 00 (2)                     ;1000.0;CONTRA;CRT 201_1.4;0.0;0.0;0.0
33;31;;DIM;0;51;2 Dimmer 00 (2)                     ;1000.0;CONTRA;CRT 201_2.1;0.0;0.0;0.0
33;32;;DIM;0;51;2 Dimmer 00 (2)                     ;1000.0;CONTRA;CRT 201_2.2;0.0;0.0;0.0
33;33;;DIM;0;51;2 Dimmer 00 (2)                     ;1000.0;CONTRA;CRT 201_2.3;0.0;0.0;0.0
33;34;;DIM;27.5;51;2 Dimmer 00 (2)                     ;1000.0;CONTRA;CRT 115_1.1;107.8431372549;5500.0;1.5277777778
33;35;;DIM;27.5;51;2 Dimmer 00 (2)                     ;1000.0;CONTRA;CRT 115_1.2;107.8431372549;5500.0;1.5277777778
33;36;;DIM;18.5;51;2 Dimmer 00 (2)                     ;1000.0;CONTRA;CRT 115_1.3;72.5490196078;3700.0;1.0277777778
33;37;;DIM;27.5;51;2 Dimmer 00 (2)                     ;1000.0;CONTRA;CRT 115_1.4;107.8431372549;5500.0;1.5277777778
33;38;;DIM;27.5;51;2 Dimmer 00 (2)                     ;1000.0;CONTRA;CRT 115_2.1;107.8431372549;5500.0;1.5277777778
33;39;;DIM;27.5;51;2 Dimmer 00 (2)                     ;1000.0;CONTRA;CRT 115_2.2;107.8431372549;5500.0;1.5277777778
33;40;;DIM;18.5;51;2 Dimmer 00 (2)                     ;1000.0;CONTRA;CRT 115_2.3;72.5490196078;3700.0;1.0277777778
33;41;;DIM;27;51;2 Dimmer 00 (2)                     ;750.0;LEQUE ;PAREDE 1;79.4117647059;4050.0;1.125
33;42;;DIM;27;51;2 Dimmer 00 (2)                     ;750.0;LEQUE ;PAREDE 2;79.4117647059;4050.0;1.125
33;43;;DIM;27;51;2 Dimmer 00 (2)                     ;750.0;LEQUE ;PAREDE 3;79.4117647059;4050.0;1.125
33;44;;DIM;27;51;2 Dimmer 00 (2)                     ;750.0;LEQUE ;PAREDE 4;79.4117647059;4050.0;1.125
33;45;;DIM;27;51;2 Dimmer 00 (2)                     ;750.0;LEQUE ;PAREDE 5;79.4117647059;4050.0;1.125
33;46;;DIM;27;51;2 Dimmer 00 (2)                     ;750.0;LEQUE ;PAREDE 6;79.4117647059;4050.0;1.125
33;47;;DIM;27;51;2 Dimmer 00 (2)                     ;750.0;LEQUE ;PAREDE 7;79.4117647059;4050.0;1.125
33;48;;DIM;0;51;2 Dimmer 00 (2)                     ;1000.0;LATERA;RED 1;0.0;0.0;0.0
33;49;;DIM;0;51;2 Dimmer 00 (2)                     ;1000.0;LATERA;RED 2;0.0;0.0;0.0
33;50;;DIM;0;51;2 Dimmer 00 (2)                     ;1000.0;LATERA;RED 3;0.0;0.0;0.0
33;51;;DIM;0;51;2 Dimmer 00 (2)                     ;1000.0;LATERA;RED 4;0.0;0.0;0.0
33;52;;DIM;0;51;2 Dimmer 00 (2)                     ;750.0;BANHEI;BANHEIRA FRT;0.0;0.0;0.0
33;53;;DIM;0;51;2 Dimmer 00 (2)                     ;750.0;BANHEI;BANHEIRA PIC.;0.0;0.0;0.0
33;54;;DIM;45.5;51;2 Dimmer 00 (2)                     ;750.0;BANHEI;BANHEIRA CRT;133.8235294118;6825.0;1.8958333333
33;55;;DIM;0;51;2 Dimmer 00 (2)                     ;1000.0;BANCOS;BANCO FR L;0.0;0.0;0.0
33;56;;DIM;0;51;2 Dimmer 00 (2)                     ;1000.0;BANCOS;BANCO CRT L;0.0;0.0;0.0
33;57;;DIM;0;51;2 Dimmer 00 (2)                     ;1000.0;BANCOS;BANCO FR R;0.0;0.0;0.0
33;58;;DIM;0;51;2 Dimmer 00 (2)                     ;1000.0;BANCOS;BANCO CRT R;0.0;0.0;0.0
33;59;;DIM;0;51;2 Dimmer 00 (2)                     ;750.0;CADEIR;COUMIER;0.0;0.0;0.0
33;60;;DIM;0;51;2 Dimmer 00 (2)                     ;750.0;GUILHO;GUILHO PIC.;0.0;0.0;0.0
33;61;;DIM;0;51;2 Dimmer 00 (2)                     ;750.0;GUILHO;GUILHO CRT;0.0;0.0;0.0
33;62;;DIM;0;51;2 Dimmer 00 (2)                     ;1000.0;CANTOR;CANTORES CRT;0.0;0.0;0.0
33;63;;DIM;0;51;2 Dimmer 00 (2)                     ;1000.0;PORTA ;PORTA FR PICADO;0.0;0.0;0.0
33;64;;DIM;0;51;2 Dimmer 00 (2)                     ;1000.0;PORTA ;PORTA CRT;0.0;0.0;0.0
33;73;;DIM;0;51;2 Dimmer 00 (2)                     ;750.0;PORTA ;PORTA RÉGIE;0.0;0.0;0.0
33;65;;DIM;0;51;2 Dimmer 00 (2)                     ;1000.0;MUSICO;MUSICO FR;0.0;0.0;0.0
33;66;;DIM;0;51;2 Dimmer 00 (2)                     ;1000.0;MUSICO;PAUTAS CRT;0.0;0.0;0.0
33;67;;DIM;0;51;2 Dimmer 00 (2)                     ;750.0;MUSICO;KEYS;0.0;0.0;0.0
33;68;;DIM;6.5;51;2 Dimmer 00 (2)                     ;1000.0;ALCOVA;DIR ALCOVA;25.4901960784;1300.0;0.3611111111
33;69;;DIM;25;51;2 Dimmer 00 (2)                     ;1000.0;ALCOVA;BANHEIRA DIR;98.0392156863;5000.0;1.3888888889
33;70;;DIM;6.5;51;2 Dimmer 00 (2)                     ;750.0;ALCOVA;ESQ ALCOVA;19.1176470588;975.0;0.2708333333
33;71;;DIM;25;51;2 Dimmer 00 (2)                     ;750.0;ALCOVA;BANHEIRA ESQ;73.5294117647;3750.0;1.0416666667
33;72;;DIM;0;51;2 Dimmer 00 (2)                     ;3000.0;FUMO  ;VAPOR;0.0;0.0;0.0
33;231;;DIM;0;51;2 Dimmer 00 (2)                     ;3000.0;VENTOI;FAN 1;0.0;0.0;0.0
33;232;;DIM;0;51;2 Dimmer 00 (2)                     ;1000.0;CODA P;PUB 1;0.0;0.0;0.0
33;233;;DIM;0;51;2 Dimmer 00 (2)                     ;1000.0;CODA P;PUB 2;0.0;0.0;0.0
33;234;;DIM;0;51;2 Dimmer 00 (2)                     ;1000.0;CODA P;PUB 3;0.0;0.0;0.0
33;235;;DIM;0;51;2 Dimmer 00 (2)                     ;1000.0;CODA P;PUB 4;0.0;0.0;0.0
34;1;;DIM;0;299;2 Dimmer 00 (2)                     ;2000.0;FRENTE;FT 1.1;0.0;0.0;0.0
34;2;;DIM;0;299;2 Dimmer 00 (2)                     ;2000.0;FRENTE;FT 1.2;0.0;0.0;0.0
34;3;;DIM;0;299;2 Dimmer 00 (2)                     ;2000.0;FRENTE;FT 1.3;0.0;0.0;0.0
34;4;;DIM;0;299;2 Dimmer 00 (2)                     ;2000.0;FRENTE;FT 1.4;0.0;0.0;0.0
34;5;;DIM;0;299;2 Dimmer 00 (2)                     ;2000.0;FRENTE;FT 1.5;0.0;0.0;0.0
34;6;;DIM;0;299;2 Dimmer 00 (2)                     ;2000.0;FRENTE;FT 2.1;0.0;0.0;0.0
34;7;;DIM;0;299;2 Dimmer 00 (2)                     ;2000.0;FRENTE;FT 2.2;0.0;0.0;0.0
34;8;;DIM;0;299;2 Dimmer 00 (2)                     ;2000.0;FRENTE;FT 2.3;0.0;0.0;0.0
34;9;;DIM;0;299;2 Dimmer 00 (2)                     ;2000.0;FRENTE;FT 2.4;0.0;0.0;0.0
34;10;;DIM;0;299;2 Dimmer 00 (2)                     ;2000.0;FRENTE;FT 2.5;0.0;0.0;0.0
34;11;;DIM;15.5;299;2 Dimmer 00 (2)                     ;1000.0;FRENTE;FT 201_3.1;60.7843137255;18174.5098039216;5.0484749455
34;12;;DIM;15.5;299;2 Dimmer 00 (2)                     ;1000.0;FRENTE;FT 201_3.2;60.7843137255;18174.5098039216;5.0484749455
34;13;;DIM;15.5;299;2 Dimmer 00 (2)                     ;1000.0;FRENTE;FT 201_3.3;60.7843137255;18174.5098039216;5.0484749455
34;14;;DIM;15.5;299;2 Dimmer 00 (2)                     ;1000.0;FRENTE;FT 201_3.4;60.7843137255;18174.5098039216;5.0484749455
34;15;;DIM;15.5;299;2 Dimmer 00 (2)                     ;1000.0;FRENTE;FT 201_3.5;60.7843137255;18174.5098039216;5.0484749455
34;16;;DIM;0.5;299;2 Dimmer 00 (2)                     ;1000.0;FRENTE;FT 201_4.1;500.0;149500.0;41.5277777778
34;17;;DIM;0.5;299;2 Dimmer 00 (2)                     ;1000.0;FRENTE;FT 201_4.2;500.0;149500.0;41.5277777778
34;18;;DIM;0.5;299;2 Dimmer 00 (2)                     ;1000.0;FRENTE;FT 201_4.3;500.0;149500.0;41.5277777778
34;19;;DIM;9.5;299;2 Dimmer 00 (2)                     ;1000.0;FRENTE;FT 115_3.1;37.2549019608;11139.2156862745;3.0942265795
34;20;;DIM;9.5;299;2 Dimmer 00 (2)                     ;1000.0;FRENTE;FT 115_3.2;37.2549019608;11139.2156862745;3.0942265795
34;21;;DIM;9.5;299;2 Dimmer 00 (2)                     ;1000.0;FRENTE;FT 115_3.3;37.2549019608;11139.2156862745;3.0942265795
34;22;;DIM;9.5;299;2 Dimmer 00 (2)                     ;1000.0;FRENTE;FT 115_3.4;37.2549019608;11139.2156862745;3.0942265795
34;23;;DIM;9.5;299;2 Dimmer 00 (2)                     ;1000.0;FRENTE;FT 115_3.5;37.2549019608;11139.2156862745;3.0942265795
34;24;;DIM;9.5;299;2 Dimmer 00 (2)                     ;1000.0;FRENTE;FT 115_4.1;37.2549019608;11139.2156862745;3.0942265795
34;25;;DIM;9.5;299;2 Dimmer 00 (2)                     ;1000.0;FRENTE;FT 115_4.2;37.2549019608;11139.2156862745;3.0942265795
34;26;;DIM;9.5;299;2 Dimmer 00 (2)                     ;1000.0;FRENTE;FT 115_4.3;37.2549019608;11139.2156862745;3.0942265795
34;27;;DIM;0;299;2 Dimmer 00 (2)                     ;1000.0;CONTRA;CRT 201_1.1;0.0;0.0;0.0
34;28;;DIM;0;299;2 Dimmer 00 (2)                     ;1000.0;CONTRA;CRT 201_1.2;0.0;0.0;0.0
34;29;;DIM;0;299;2 Dimmer 00 (2)                     ;1000.0;CONTRA;CRT 201_1.3;0.0;0.0;0.0
34;30;;DIM;0;299;2 Dimmer 00 (2)                     ;1000.0;CONTRA;CRT 201_1.4;0.0;0.0;0.0
34;31;;DIM;0;299;2 Dimmer 00 (2)                     ;1000.0;CONTRA;CRT 201_2.1;0.0;0.0;0.0
34;32;;DIM;0;299;2 Dimmer 00 (2)                     ;1000.0;CONTRA;CRT 201_2.2;0.0;0.0;0.0
34;33;;DIM;0;299;2 Dimmer 00 (2)                     ;1000.0;CONTRA;CRT 201_2.3;0.0;0.0;0.0
34;34;;DIM;38;299;2 Dimmer 00 (2)                     ;1000.0;CONTRA;CRT 115_1.1;149.0196078431;44556.862745098;12.3769063181
34;35;;DIM;38;299;2 Dimmer 00 (2)                     ;1000.0;CONTRA;CRT 115_1.2;149.0196078431;44556.862745098;12.3769063181
34;36;;DIM;29;299;2 Dimmer 00 (2)                     ;1000.0;CONTRA;CRT 115_1.3;113.7254901961;34003.9215686274;9.4455337691
34;37;;DIM;38;299;2 Dimmer 00 (2)                     ;1000.0;CONTRA;CRT 115_1.4;149.0196078431;44556.862745098;12.3769063181
34;38;;DIM;38;299;2 Dimmer 00 (2)                     ;1000.0;CONTRA;CRT 115_2.1;149.0196078431;44556.862745098;12.3769063181
34;39;;DIM;38;299;2 Dimmer 00 (2)                     ;1000.0;CONTRA;CRT 115_2.2;149.0196078431;44556.862745098;12.3769063181
34;40;;DIM;29;299;2 Dimmer 00 (2)                     ;1000.0;CONTRA;CRT 115_2.3;113.7254901961;34003.9215686274;9.4455337691
34;41;;DIM;38;299;2 Dimmer 00 (2)                     ;750.0;LEQUE ;PAREDE 1;111.7647058824;33417.6470588235;9.2826797386
34;42;;DIM;38;299;2 Dimmer 00 (2)                     ;750.0;LEQUE ;PAREDE 2;111.7647058824;33417.6470588235;9.2826797386
34;43;;DIM;38;299;2 Dimmer 00 (2)                     ;750.0;LEQUE ;PAREDE 3;111.7647058824;33417.6470588235;9.2826797386
34;44;;DIM;38;299;2 Dimmer 00 (2)                     ;750.0;LEQUE ;PAREDE 4;111.7647058824;33417.6470588235;9.2826797386
34;45;;DIM;38;299;2 Dimmer 00 (2)                     ;750.0;LEQUE ;PAREDE 5;111.7647058824;33417.6470588235;9.2826797386
34;46;;DIM;38;299;2 Dimmer 00 (2)                     ;750.0;LEQUE ;PAREDE 6;111.7647058824;33417.6470588235;9.2826797386
34;47;;DIM;38;299;2 Dimmer 00 (2)                     ;750.0;LEQUE ;PAREDE 7;111.7647058824;33417.6470588235;9.2826797386
34;48;;DIM;0;299;2 Dimmer 00 (2)                     ;1000.0;LATERA;RED 1;0.0;0.0;0.0
34;49;;DIM;0;299;2 Dimmer 00 (2)                     ;1000.0;LATERA;RED 2;0.0;0.0;0.0
34;50;;DIM;0;299;2 Dimmer 00 (2)                     ;1000.0;LATERA;RED 3;0.0;0.0;0.0
34;51;;DIM;0;299;2 Dimmer 00 (2)                     ;1000.0;LATERA;RED 4;0.0;0.0;0.0
34;52;;DIM;0;299;2 Dimmer 00 (2)                     ;750.0;BANHEI;BANHEIRA FRT;0.0;0.0;0.0
34;53;;DIM;0;299;2 Dimmer 00 (2)                     ;750.0;BANHEI;BANHEIRA PIC.;0.0;0.0;0.0
34;54;;DIM;45.5;299;2 Dimmer 00 (2)                     ;750.0;BANHEI;BANHEIRA CRT;133.8235294118;40013.2352941176;11.1147875817
34;55;;DIM;0;299;2 Dimmer 00 (2)                     ;1000.0;BANCOS;BANCO FR L;0.0;0.0;0.0
34;56;;DIM;0;299;2 Dimmer 00 (2)                     ;1000.0;BANCOS;BANCO CRT L;0.0;0.0;0.0
34;57;;DIM;0;299;2 Dimmer 00 (2)                     ;1000.0;BANCOS;BANCO FR R;0.0;0.0;0.0
34;58;;DIM;0;299;2 Dimmer 00 (2)                     ;1000.0;BANCOS;BANCO CRT R;0.0;0.0;0.0
34;59;;DIM;0;299;2 Dimmer 00 (2)                     ;750.0;CADEIR;COUMIER;0.0;0.0;0.0
34;60;;DIM;0;299;2 Dimmer 00 (2)                     ;750.0;GUILHO;GUILHO PIC.;0.0;0.0;0.0
34;61;;DIM;0;299;2 Dimmer 00 (2)                     ;750.0;GUILHO;GUILHO CRT;0.0;0.0;0.0
34;62;;DIM;0;299;2 Dimmer 00 (2)                     ;1000.0;CANTOR;CANTORES CRT;0.0;0.0;0.0
34;63;;DIM;0;299;2 Dimmer 00 (2)                     ;1000.0;PORTA ;PORTA FR PICADO;0.0;0.0;0.0
34;64;;DIM;0;299;2 Dimmer 00 (2)                     ;1000.0;PORTA ;PORTA CRT;0.0;0.0;0.0
34;73;;DIM;0;299;2 Dimmer 00 (2)                     ;750.0;PORTA ;PORTA RÉGIE;0.0;0.0;0.0
34;65;;DIM;0;299;2 Dimmer 00 (2)                     ;1000.0;MUSICO;MUSICO FR;0.0;0.0;0.0
34;66;;DIM;0;299;2 Dimmer 00 (2)                     ;1000.0;MUSICO;PAUTAS CRT;0.0;0.0;0.0
34;67;;DIM;0;299;2 Dimmer 00 (2)                     ;750.0;MUSICO;KEYS;0.0;0.0;0.0
34;68;;DIM;6.5;299;2 Dimmer 00 (2)                     ;1000.0;ALCOVA;DIR ALCOVA;25.4901960784;7621.568627451;2.1171023965
34;69;;DIM;25;299;2 Dimmer 00 (2)                     ;1000.0;ALCOVA;BANHEIRA DIR;98.0392156863;29313.7254901961;8.1427015251
34;70;;DIM;6.5;299;2 Dimmer 00 (2)                     ;750.0;ALCOVA;ESQ ALCOVA;19.1176470588;5716.1764705882;1.5878267974
34;71;;DIM;25;299;2 Dimmer 00 (2)                     ;750.0;ALCOVA;BANHEIRA ESQ;73.5294117647;21985.2941176471;6.1070261438
34;72;;DIM;0;299;2 Dimmer 00 (2)                     ;3000.0;FUMO  ;VAPOR;0.0;0.0;0.0
34;231;;DIM;0;299;2 Dimmer 00 (2)                     ;3000.0;VENTOI;FAN 1;0.0;0.0;0.0
34;232;;DIM;0;299;2 Dimmer 00 (2)                     ;1000.0;CODA P;PUB 1;0.0;0.0;0.0
34;233;;DIM;0;299;2 Dimmer 00 (2)                     ;1000.0;CODA P;PUB 2;0.0;0.0;0.0
34;234;;DIM;0;299;2 Dimmer 00 (2)                     ;1000.0;CODA P;PUB 3;0.0;0.0;0.0
34;235;;DIM;0;299;2 Dimmer 00 (2)                     ;1000.0;CODA P;PUB 4;0.0;0.0;0.0
35;1;;DIM;30;327;2 Dimmer 00 (2)                     ;2000.0;FRENTE;FT 1.1;235.2941176471;76941.1764705882;21.3725490196
35;2;;DIM;30;327;2 Dimmer 00 (2)                     ;2000.0;FRENTE;FT 1.2;235.2941176471;76941.1764705882;21.3725490196
35;3;;DIM;30;327;2 Dimmer 00 (2)                     ;2000.0;FRENTE;FT 1.3;235.2941176471;76941.1764705882;21.3725490196
35;4;;DIM;30;327;2 Dimmer 00 (2)                     ;2000.0;FRENTE;FT 1.4;235.2941176471;76941.1764705882;21.3725490196
35;5;;DIM;30;327;2 Dimmer 00 (2)                     ;2000.0;FRENTE;FT 1.5;235.2941176471;76941.1764705882;21.3725490196
35;6;;DIM;0;327;2 Dimmer 00 (2)                     ;2000.0;FRENTE;FT 2.1;0.0;0.0;0.0
35;7;;DIM;0;327;2 Dimmer 00 (2)                     ;2000.0;FRENTE;FT 2.2;0.0;0.0;0.0
35;8;;DIM;0;327;2 Dimmer 00 (2)                     ;2000.0;FRENTE;FT 2.3;0.0;0.0;0.0
35;9;;DIM;0;327;2 Dimmer 00 (2)                     ;2000.0;FRENTE;FT 2.4;0.0;0.0;0.0
35;10;;DIM;0;327;2 Dimmer 00 (2)                     ;2000.0;FRENTE;FT 2.5;0.0;0.0;0.0
35;11;;DIM;15.5;327;2 Dimmer 00 (2)                     ;1000.0;FRENTE;FT 201_3.1;60.7843137255;19876.4705882353;5.5212418301
35;12;;DIM;15.5;327;2 Dimmer 00 (2)                     ;1000.0;FRENTE;FT 201_3.2;60.7843137255;19876.4705882353;5.5212418301
35;13;;DIM;15.5;327;2 Dimmer 00 (2)                     ;1000.0;FRENTE;FT 201_3.3;60.7843137255;19876.4705882353;5.5212418301
35;14;;DIM;15.5;327;2 Dimmer 00 (2)                     ;1000.0;FRENTE;FT 201_3.4;60.7843137255;19876.4705882353;5.5212418301
35;15;;DIM;15.5;327;2 Dimmer 00 (2)                     ;1000.0;FRENTE;FT 201_3.5;60.7843137255;19876.4705882353;5.5212418301
35;16;;DIM;0.5;327;2 Dimmer 00 (2)                     ;1000.0;FRENTE;FT 201_4.1;500.0;163500.0;45.4166666667
35;17;;DIM;0.5;327;2 Dimmer 00 (2)                     ;1000.0;FRENTE;FT 201_4.2;500.0;163500.0;45.4166666667
35;18;;DIM;0.5;327;2 Dimmer 00 (2)                     ;1000.0;FRENTE;FT 201_4.3;500.0;163500.0;45.4166666667
35;19;;DIM;9.5;327;2 Dimmer 00 (2)                     ;1000.0;FRENTE;FT 115_3.1;37.2549019608;12182.3529411765;3.3839869281
35;20;;DIM;9.5;327;2 Dimmer 00 (2)                     ;1000.0;FRENTE;FT 115_3.2;37.2549019608;12182.3529411765;3.3839869281
35;21;;DIM;9.5;327;2 Dimmer 00 (2)                     ;1000.0;FRENTE;FT 115_3.3;37.2549019608;12182.3529411765;3.3839869281
35;22;;DIM;9.5;327;2 Dimmer 00 (2)                     ;1000.0;FRENTE;FT 115_3.4;37.2549019608;12182.3529411765;3.3839869281
35;23;;DIM;9.5;327;2 Dimmer 00 (2)                     ;1000.0;FRENTE;FT 115_3.5;37.2549019608;12182.3529411765;3.3839869281
35;24;;DIM;9.5;327;2 Dimmer 00 (2)                     ;1000.0;FRENTE;FT 115_4.1;37.2549019608;12182.3529411765;3.3839869281
35;25;;DIM;9.5;327;2 Dimmer 00 (2)                     ;1000.0;FRENTE;FT 115_4.2;37.2549019608;12182.3529411765;3.3839869281
35;26;;DIM;9.5;327;2 Dimmer 00 (2)                     ;1000.0;FRENTE;FT 115_4.3;37.2549019608;12182.3529411765;3.3839869281
35;27;;DIM;0;327;2 Dimmer 00 (2)                     ;1000.0;CONTRA;CRT 201_1.1;0.0;0.0;0.0
35;28;;DIM;0;327;2 Dimmer 00 (2)                     ;1000.0;CONTRA;CRT 201_1.2;0.0;0.0;0.0
35;29;;DIM;0;327;2 Dimmer 00 (2)                     ;1000.0;CONTRA;CRT 201_1.3;0.0;0.0;0.0
35;30;;DIM;0;327;2 Dimmer 00 (2)                     ;1000.0;CONTRA;CRT 201_1.4;0.0;0.0;0.0
35;31;;DIM;0;327;2 Dimmer 00 (2)                     ;1000.0;CONTRA;CRT 201_2.1;0.0;0.0;0.0
35;32;;DIM;0;327;2 Dimmer 00 (2)                     ;1000.0;CONTRA;CRT 201_2.2;0.0;0.0;0.0
35;33;;DIM;0;327;2 Dimmer 00 (2)                     ;1000.0;CONTRA;CRT 201_2.3;0.0;0.0;0.0
35;34;;DIM;38;327;2 Dimmer 00 (2)                     ;1000.0;CONTRA;CRT 115_1.1;149.0196078431;48729.4117647059;13.5359477124
35;35;;DIM;38;327;2 Dimmer 00 (2)                     ;1000.0;CONTRA;CRT 115_1.2;149.0196078431;48729.4117647059;13.5359477124
35;36;;DIM;29;327;2 Dimmer 00 (2)                     ;1000.0;CONTRA;CRT 115_1.3;113.7254901961;37188.2352941176;10.3300653595
35;37;;DIM;38;327;2 Dimmer 00 (2)                     ;1000.0;CONTRA;CRT 115_1.4;149.0196078431;48729.4117647059;13.5359477124
35;38;;DIM;38;327;2 Dimmer 00 (2)                     ;1000.0;CONTRA;CRT 115_2.1;149.0196078431;48729.4117647059;13.5359477124
35;39;;DIM;38;327;2 Dimmer 00 (2)                     ;1000.0;CONTRA;CRT 115_2.2;149.0196078431;48729.4117647059;13.5359477124
35;40;;DIM;29;327;2 Dimmer 00 (2)                     ;1000.0;CONTRA;CRT 115_2.3;113.7254901961;37188.2352941176;10.3300653595
35;41;;DIM;38;327;2 Dimmer 00 (2)                     ;750.0;LEQUE ;PAREDE 1;111.7647058824;36547.0588235294;10.1519607843
35;42;;DIM;38;327;2 Dimmer 00 (2)                     ;750.0;LEQUE ;PAREDE 2;111.7647058824;36547.0588235294;10.1519607843
35;43;;DIM;38;327;2 Dimmer 00 (2)                     ;750.0;LEQUE ;PAREDE 3;111.7647058824;36547.0588235294;10.1519607843
35;44;;DIM;38;327;2 Dimmer 00 (2)                     ;750.0;LEQUE ;PAREDE 4;111.7647058824;36547.0588235294;10.1519607843
35;45;;DIM;38;327;2 Dimmer 00 (2)                     ;750.0;LEQUE ;PAREDE 5;111.7647058824;36547.0588235294;10.1519607843
35;46;;DIM;38;327;2 Dimmer 00 (2)                     ;750.0;LEQUE ;PAREDE 6;111.7647058824;36547.0588235294;10.1519607843
35;47;;DIM;38;327;2 Dimmer 00 (2)                     ;750.0;LEQUE ;PAREDE 7;111.7647058824;36547.0588235294;10.1519607843
35;48;;DIM;0;327;2 Dimmer 00 (2)                     ;1000.0;LATERA;RED 1;0.0;0.0;0.0
35;49;;DIM;0;327;2 Dimmer 00 (2)                     ;1000.0;LATERA;RED 2;0.0;0.0;0.0
35;50;;DIM;0;327;2 Dimmer 00 (2)                     ;1000.0;LATERA;RED 3;0.0;0.0;0.0
35;51;;DIM;0;327;2 Dimmer 00 (2)                     ;1000.0;LATERA;RED 4;0.0;0.0;0.0
35;52;;DIM;0;327;2 Dimmer 00 (2)                     ;750.0;BANHEI;BANHEIRA FRT;0.0;0.0;0.0
35;53;;DIM;0;327;2 Dimmer 00 (2)                     ;750.0;BANHEI;BANHEIRA PIC.;0.0;0.0;0.0
35;54;;DIM;45.5;327;2 Dimmer 00 (2)                     ;750.0;BANHEI;BANHEIRA CRT;133.8235294118;43760.2941176471;12.1556372549
35;55;;DIM;0;327;2 Dimmer 00 (2)                     ;1000.0;BANCOS;BANCO FR L;0.0;0.0;0.0
35;56;;DIM;0;327;2 Dimmer 00 (2)                     ;1000.0;BANCOS;BANCO CRT L;0.0;0.0;0.0
35;57;;DIM;0;327;2 Dimmer 00 (2)                     ;1000.0;BANCOS;BANCO FR R;0.0;0.0;0.0
35;58;;DIM;0;327;2 Dimmer 00 (2)                     ;1000.0;BANCOS;BANCO CRT R;0.0;0.0;0.0
35;59;;DIM;0;327;2 Dimmer 00 (2)                     ;750.0;CADEIR;COUMIER;0.0;0.0;0.0
35;60;;DIM;0;327;2 Dimmer 00 (2)                     ;750.0;GUILHO;GUILHO PIC.;0.0;0.0;0.0
35;61;;DIM;0;327;2 Dimmer 00 (2)                     ;750.0;GUILHO;GUILHO CRT;0.0;0.0;0.0
35;62;;DIM;0;327;2 Dimmer 00 (2)                     ;1000.0;CANTOR;CANTORES CRT;0.0;0.0;0.0
35;63;;DIM;0;327;2 Dimmer 00 (2)                     ;1000.0;PORTA ;PORTA FR PICADO;0.0;0.0;0.0
35;64;;DIM;0;327;2 Dimmer 00 (2)                     ;1000.0;PORTA ;PORTA CRT;0.0;0.0;0.0
35;73;;DIM;0;327;2 Dimmer 00 (2)                     ;750.0;PORTA ;PORTA RÉGIE;0.0;0.0;0.0
35;65;;DIM;0;327;2 Dimmer 00 (2)                     ;1000.0;MUSICO;MUSICO FR;0.0;0.0;0.0
35;66;;DIM;0;327;2 Dimmer 00 (2)                     ;1000.0;MUSICO;PAUTAS CRT;0.0;0.0;0.0
35;67;;DIM;0;327;2 Dimmer 00 (2)                     ;750.0;MUSICO;KEYS;0.0;0.0;0.0
35;68;;DIM;6.5;327;2 Dimmer 00 (2)                     ;1000.0;ALCOVA;DIR ALCOVA;25.4901960784;8335.2941176471;2.3153594771
35;69;;DIM;25;327;2 Dimmer 00 (2)                     ;1000.0;ALCOVA;BANHEIRA DIR;98.0392156863;32058.8235294118;8.9052287582
35;70;;DIM;6.5;327;2 Dimmer 00 (2)                     ;750.0;ALCOVA;ESQ ALCOVA;19.1176470588;6251.4705882353;1.7365196078
35;71;;DIM;25;327;2 Dimmer 00 (2)                     ;750.0;ALCOVA;BANHEIRA ESQ;73.5294117647;24044.1176470588;6.6789215686
35;72;;DIM;0;327;2 Dimmer 00 (2)                     ;3000.0;FUMO  ;VAPOR;0.0;0.0;0.0
35;231;;DIM;0;327;2 Dimmer 00 (2)                     ;3000.0;VENTOI;FAN 1;0.0;0.0;0.0
35;232;;DIM;0;327;2 Dimmer 00 (2)                     ;1000.0;CODA P;PUB 1;0.0;0.0;0.0
35;233;;DIM;0;327;2 Dimmer 00 (2)                     ;1000.0;CODA P;PUB 2;0.0;0.0;0.0
35;234;;DIM;0;327;2 Dimmer 00 (2)                     ;1000.0;CODA P;PUB 3;0.0;0.0;0.0
35;235;;DIM;0;327;2 Dimmer 00 (2)                     ;1000.0;CODA P;PUB 4;0.0;0.0;0.0
38;232;;DIM;45;283;2 Dimmer 00 (2)                     ;1000.0;CODA P;PUB 1;176.4705882353;49941.1764705882;13.8725490196
38;233;;DIM;45;283;2 Dimmer 00 (2)                     ;1000.0;CODA P;PUB 2;176.4705882353;49941.1764705882;13.8725490196
38;234;;DIM;45;283;2 Dimmer 00 (2)                     ;1000.0;CODA P;PUB 3;176.4705882353;49941.1764705882;13.8725490196
38;235;;DIM;45;283;2 Dimmer 00 (2)                     ;1000.0;CODA P;PUB 4;176.4705882353;49941.1764705882;13.8725490196
39;11;;DIM;0;256;2 Dimmer 00 (2)                     ;1000.0;FRENTE;FT 201_3.1;0.0;0.0;0.0
39;12;;DIM;0;256;2 Dimmer 00 (2)                     ;1000.0;FRENTE;FT 201_3.2;0.0;0.0;0.0
39;13;;DIM;0;256;2 Dimmer 00 (2)                     ;1000.0;FRENTE;FT 201_3.3;0.0;0.0;0.0
39;14;;DIM;0;256;2 Dimmer 00 (2)                     ;1000.0;FRENTE;FT 201_3.4;0.0;0.0;0.0
39;15;;DIM;0;256;2 Dimmer 00 (2)                     ;1000.0;FRENTE;FT 201_3.5;0.0;0.0;0.0
39;16;;DIM;0;256;2 Dimmer 00 (2)                     ;1000.0;FRENTE;FT 201_4.1;0.0;0.0;0.0
39;17;;DIM;0;256;2 Dimmer 00 (2)                     ;1000.0;FRENTE;FT 201_4.2;0.0;0.0;0.0
39;18;;DIM;0;256;2 Dimmer 00 (2)                     ;1000.0;FRENTE;FT 201_4.3;0.0;0.0;0.0
39;19;;DIM;0;256;2 Dimmer 00 (2)                     ;1000.0;FRENTE;FT 115_3.1;0.0;0.0;0.0
39;20;;DIM;0;256;2 Dimmer 00 (2)                     ;1000.0;FRENTE;FT 115_3.2;0.0;0.0;0.0
39;21;;DIM;0;256;2 Dimmer 00 (2)                     ;1000.0;FRENTE;FT 115_3.3;0.0;0.0;0.0
39;22;;DIM;0;256;2 Dimmer 00 (2)                     ;1000.0;FRENTE;FT 115_3.4;0.0;0.0;0.0
39;23;;DIM;0;256;2 Dimmer 00 (2)                     ;1000.0;FRENTE;FT 115_3.5;0.0;0.0;0.0
39;24;;DIM;0;256;2 Dimmer 00 (2)                     ;1000.0;FRENTE;FT 115_4.1;0.0;0.0;0.0
39;25;;DIM;0;256;2 Dimmer 00 (2)                     ;1000.0;FRENTE;FT 115_4.2;0.0;0.0;0.0
39;26;;DIM;0;256;2 Dimmer 00 (2)                     ;1000.0;FRENTE;FT 115_4.3;0.0;0.0;0.0
39;34;;DIM;28.5;256;2 Dimmer 00 (2)                     ;1000.0;CONTRA;CRT 115_1.1;111.7647058824;28611.7647058824;7.9477124183
39;35;;DIM;28.5;256;2 Dimmer 00 (2)                     ;1000.0;CONTRA;CRT 115_1.2;111.7647058824;28611.7647058824;7.9477124183
39;36;;DIM;19.5;256;2 Dimmer 00 (2)                     ;1000.0;CONTRA;CRT 115_1.3;76.4705882353;19576.4705882353;5.4379084967
39;37;;DIM;28.5;256;2 Dimmer 00 (2)                     ;1000.0;CONTRA;CRT 115_1.4;111.7647058824;28611.7647058824;7.9477124183
39;38;;DIM;28.5;256;2 Dimmer 00 (2)                     ;1000.0;CONTRA;CRT 115_2.1;111.7647058824;28611.7647058824;7.9477124183
39;39;;DIM;28.5;256;2 Dimmer 00 (2)                     ;1000.0;CONTRA;CRT 115_2.2;111.7647058824;28611.7647058824;7.9477124183
39;40;;DIM;19.5;256;2 Dimmer 00 (2)                     ;1000.0;CONTRA;CRT 115_2.3;76.4705882353;19576.4705882353;5.4379084967
39;41;;DIM;35;256;2 Dimmer 00 (2)                     ;750.0;LEQUE ;PAREDE 1;102.9411764706;26352.9411764706;7.3202614379
39;42;;DIM;35;256;2 Dimmer 00 (2)                     ;750.0;LEQUE ;PAREDE 2;102.9411764706;26352.9411764706;7.3202614379
39;43;;DIM;35;256;2 Dimmer 00 (2)                     ;750.0;LEQUE ;PAREDE 3;102.9411764706;26352.9411764706;7.3202614379
39;44;;DIM;35;256;2 Dimmer 00 (2)                     ;750.0;LEQUE ;PAREDE 4;102.9411764706;26352.9411764706;7.3202614379
39;45;;DIM;35;256;2 Dimmer 00 (2)                     ;750.0;LEQUE ;PAREDE 5;102.9411764706;26352.9411764706;7.3202614379
39;46;;DIM;35;256;2 Dimmer 00 (2)                     ;750.0;LEQUE ;PAREDE 6;102.9411764706;26352.9411764706;7.3202614379
39;47;;DIM;35;256;2 Dimmer 00 (2)                     ;750.0;LEQUE ;PAREDE 7;102.9411764706;26352.9411764706;7.3202614379
39;232;;DIM;0;256;2 Dimmer 00 (2)                     ;1000.0;CODA P;PUB 1;0.0;0.0;0.0
39;233;;DIM;0;256;2 Dimmer 00 (2)                     ;1000.0;CODA P;PUB 2;0.0;0.0;0.0
39;234;;DIM;0;256;2 Dimmer 00 (2)                     ;1000.0;CODA P;PUB 3;0.0;0.0;0.0
39;235;;DIM;0;256;2 Dimmer 00 (2)                     ;1000.0;CODA P;PUB 4;0.0;0.0;0.0
40;52;;DIM;16.5;395;2 Dimmer 00 (2)                     ;750.0;BANHEI;BANHEIRA FRT;48.5294117647;19169.1176470588;5.324754902
41;1;;DIM;0;175;2 Dimmer 00 (2)                     ;2000.0;FRENTE;FT 1.1;0.0;0.0;0.0
41;2;;DIM;0;175;2 Dimmer 00 (2)                     ;2000.0;FRENTE;FT 1.2;0.0;0.0;0.0
41;3;;DIM;0;175;2 Dimmer 00 (2)                     ;2000.0;FRENTE;FT 1.3;0.0;0.0;0.0
41;4;;DIM;0;175;2 Dimmer 00 (2)                     ;2000.0;FRENTE;FT 1.4;0.0;0.0;0.0
41;5;;DIM;0;175;2 Dimmer 00 (2)                     ;2000.0;FRENTE;FT 1.5;0.0;0.0;0.0
41;6;;DIM;0;175;2 Dimmer 00 (2)                     ;2000.0;FRENTE;FT 2.1;0.0;0.0;0.0
41;7;;DIM;0;175;2 Dimmer 00 (2)                     ;2000.0;FRENTE;FT 2.2;0.0;0.0;0.0
41;8;;DIM;18;175;2 Dimmer 00 (2)                     ;2000.0;FRENTE;FT 2.3;141.1764705882;24705.8823529412;6.862745098
41;9;;DIM;19.5;175;2 Dimmer 00 (2)                     ;2000.0;FRENTE;FT 2.4;152.9411764706;26764.7058823529;7.4346405229
41;10;;DIM;0;175;2 Dimmer 00 (2)                     ;2000.0;FRENTE;FT 2.5;0.0;0.0;0.0
41;11;;DIM;15.5;175;2 Dimmer 00 (2)                     ;1000.0;FRENTE;FT 201_3.1;60.7843137255;10637.2549019608;2.9547930283
41;12;;DIM;15.5;175;2 Dimmer 00 (2)                     ;1000.0;FRENTE;FT 201_3.2;60.7843137255;10637.2549019608;2.9547930283
41;13;;DIM;15.5;175;2 Dimmer 00 (2)                     ;1000.0;FRENTE;FT 201_3.3;60.7843137255;10637.2549019608;2.9547930283
41;14;;DIM;15.5;175;2 Dimmer 00 (2)                     ;1000.0;FRENTE;FT 201_3.4;60.7843137255;10637.2549019608;2.9547930283
41;15;;DIM;15.5;175;2 Dimmer 00 (2)                     ;1000.0;FRENTE;FT 201_3.5;60.7843137255;10637.2549019608;2.9547930283
41;16;;DIM;0.5;175;2 Dimmer 00 (2)                     ;1000.0;FRENTE;FT 201_4.1;500.0;87500.0;24.3055555556
41;17;;DIM;0.5;175;2 Dimmer 00 (2)                     ;1000.0;FRENTE;FT 201_4.2;500.0;87500.0;24.3055555556
41;18;;DIM;0.5;175;2 Dimmer 00 (2)                     ;1000.0;FRENTE;FT 201_4.3;500.0;87500.0;24.3055555556
41;19;;DIM;9.5;175;2 Dimmer 00 (2)                     ;1000.0;FRENTE;FT 115_3.1;37.2549019608;6519.6078431373;1.8110021786
41;20;;DIM;9.5;175;2 Dimmer 00 (2)                     ;1000.0;FRENTE;FT 115_3.2;37.2549019608;6519.6078431373;1.8110021786
41;21;;DIM;9.5;175;2 Dimmer 00 (2)                     ;1000.0;FRENTE;FT 115_3.3;37.2549019608;6519.6078431373;1.8110021786
41;22;;DIM;9.5;175;2 Dimmer 00 (2)                     ;1000.0;FRENTE;FT 115_3.4;37.2549019608;6519.6078431373;1.8110021786
41;23;;DIM;9.5;175;2 Dimmer 00 (2)                     ;1000.0;FRENTE;FT 115_3.5;37.2549019608;6519.6078431373;1.8110021786
41;24;;DIM;9.5;175;2 Dimmer 00 (2)                     ;1000.0;FRENTE;FT 115_4.1;37.2549019608;6519.6078431373;1.8110021786
41;25;;DIM;9.5;175;2 Dimmer 00 (2)                     ;1000.0;FRENTE;FT 115_4.2;37.2549019608;6519.6078431373;1.8110021786
41;26;;DIM;9.5;175;2 Dimmer 00 (2)                     ;1000.0;FRENTE;FT 115_4.3;37.2549019608;6519.6078431373;1.8110021786
41;27;;DIM;0;175;2 Dimmer 00 (2)                     ;1000.0;CONTRA;CRT 201_1.1;0.0;0.0;0.0
41;28;;DIM;0;175;2 Dimmer 00 (2)                     ;1000.0;CONTRA;CRT 201_1.2;0.0;0.0;0.0
41;29;;DIM;0;175;2 Dimmer 00 (2)                     ;1000.0;CONTRA;CRT 201_1.3;0.0;0.0;0.0
41;30;;DIM;0;175;2 Dimmer 00 (2)                     ;1000.0;CONTRA;CRT 201_1.4;0.0;0.0;0.0
41;31;;DIM;0;175;2 Dimmer 00 (2)                     ;1000.0;CONTRA;CRT 201_2.1;0.0;0.0;0.0
41;32;;DIM;0;175;2 Dimmer 00 (2)                     ;1000.0;CONTRA;CRT 201_2.2;0.0;0.0;0.0
41;33;;DIM;0;175;2 Dimmer 00 (2)                     ;1000.0;CONTRA;CRT 201_2.3;0.0;0.0;0.0
41;34;;DIM;28;175;2 Dimmer 00 (2)                     ;1000.0;CONTRA;CRT 115_1.1;109.8039215686;19215.6862745098;5.3376906318
41;35;;DIM;28;175;2 Dimmer 00 (2)                     ;1000.0;CONTRA;CRT 115_1.2;109.8039215686;19215.6862745098;5.3376906318
41;36;;DIM;19;175;2 Dimmer 00 (2)                     ;1000.0;CONTRA;CRT 115_1.3;74.5098039216;13039.2156862745;3.6220043573
41;37;;DIM;28;175;2 Dimmer 00 (2)                     ;1000.0;CONTRA;CRT 115_1.4;109.8039215686;19215.6862745098;5.3376906318
41;38;;DIM;28;175;2 Dimmer 00 (2)                     ;1000.0;CONTRA;CRT 115_2.1;109.8039215686;19215.6862745098;5.3376906318
41;39;;DIM;28;175;2 Dimmer 00 (2)                     ;1000.0;CONTRA;CRT 115_2.2;109.8039215686;19215.6862745098;5.3376906318
41;40;;DIM;19;175;2 Dimmer 00 (2)                     ;1000.0;CONTRA;CRT 115_2.3;74.5098039216;13039.2156862745;3.6220043573
41;41;;DIM;27.5;175;2 Dimmer 00 (2)                     ;750.0;LEQUE ;PAREDE 1;80.8823529412;14154.4117647059;3.9317810458
41;42;;DIM;27.5;175;2 Dimmer 00 (2)                     ;750.0;LEQUE ;PAREDE 2;80.8823529412;14154.4117647059;3.9317810458
41;43;;DIM;27.5;175;2 Dimmer 00 (2)                     ;750.0;LEQUE ;PAREDE 3;80.8823529412;14154.4117647059;3.9317810458
41;44;;DIM;27.5;175;2 Dimmer 00 (2)                     ;750.0;LEQUE ;PAREDE 4;80.8823529412;14154.4117647059;3.9317810458
41;45;;DIM;27.5;175;2 Dimmer 00 (2)                     ;750.0;LEQUE ;PAREDE 5;80.8823529412;14154.4117647059;3.9317810458
41;46;;DIM;27.5;175;2 Dimmer 00 (2)                     ;750.0;LEQUE ;PAREDE 6;80.8823529412;14154.4117647059;3.9317810458
41;47;;DIM;27.5;175;2 Dimmer 00 (2)                     ;750.0;LEQUE ;PAREDE 7;80.8823529412;14154.4117647059;3.9317810458
41;48;;DIM;0;175;2 Dimmer 00 (2)                     ;1000.0;LATERA;RED 1;0.0;0.0;0.0
41;49;;DIM;0;175;2 Dimmer 00 (2)                     ;1000.0;LATERA;RED 2;0.0;0.0;0.0
41;50;;DIM;0;175;2 Dimmer 00 (2)                     ;1000.0;LATERA;RED 3;0.0;0.0;0.0
41;51;;DIM;0;175;2 Dimmer 00 (2)                     ;1000.0;LATERA;RED 4;0.0;0.0;0.0
41;52;;DIM;0;175;2 Dimmer 00 (2)                     ;750.0;BANHEI;BANHEIRA FRT;0.0;0.0;0.0
41;53;;DIM;0;175;2 Dimmer 00 (2)                     ;750.0;BANHEI;BANHEIRA PIC.;0.0;0.0;0.0
41;54;;DIM;45.5;175;2 Dimmer 00 (2)                     ;750.0;BANHEI;BANHEIRA CRT;133.8235294118;23419.1176470588;6.5053104575
41;55;;DIM;0;175;2 Dimmer 00 (2)                     ;1000.0;BANCOS;BANCO FR L;0.0;0.0;0.0
41;56;;DIM;0;175;2 Dimmer 00 (2)                     ;1000.0;BANCOS;BANCO CRT L;0.0;0.0;0.0
41;57;;DIM;0;175;2 Dimmer 00 (2)                     ;1000.0;BANCOS;BANCO FR R;0.0;0.0;0.0
41;58;;DIM;0;175;2 Dimmer 00 (2)                     ;1000.0;BANCOS;BANCO CRT R;0.0;0.0;0.0
41;59;;DIM;0;175;2 Dimmer 00 (2)                     ;750.0;CADEIR;COUMIER;0.0;0.0;0.0
41;60;;DIM;17.14;175;2 Dimmer 00 (2)                     ;750.0;GUILHO;GUILHO PIC.;50.4036852941;8820.6449264706;2.4501791462
41;61;;DIM;0;175;2 Dimmer 00 (2)                     ;750.0;GUILHO;GUILHO CRT;0.0;0.0;0.0
41;62;;DIM;0;175;2 Dimmer 00 (2)                     ;1000.0;CANTOR;CANTORES CRT;0.0;0.0;0.0
41;63;;DIM;0;175;2 Dimmer 00 (2)                     ;1000.0;PORTA ;PORTA FR PICADO;0.0;0.0;0.0
41;64;;DIM;0;175;2 Dimmer 00 (2)                     ;1000.0;PORTA ;PORTA CRT;0.0;0.0;0.0
41;73;;DIM;0;175;2 Dimmer 00 (2)                     ;750.0;PORTA ;PORTA RÉGIE;0.0;0.0;0.0
41;65;;DIM;0;175;2 Dimmer 00 (2)                     ;1000.0;MUSICO;MUSICO FR;0.0;0.0;0.0
41;66;;DIM;0;175;2 Dimmer 00 (2)                     ;1000.0;MUSICO;PAUTAS CRT;0.0;0.0;0.0
41;67;;DIM;0;175;2 Dimmer 00 (2)                     ;750.0;MUSICO;KEYS;0.0;0.0;0.0
41;68;;DIM;6.5;175;2 Dimmer 00 (2)                     ;1000.0;ALCOVA;DIR ALCOVA;25.4901960784;4460.7843137255;1.2391067538
41;69;;DIM;0;175;2 Dimmer 00 (2)                     ;1000.0;ALCOVA;BANHEIRA DIR;0.0;0.0;0.0
41;70;;DIM;6.5;175;2 Dimmer 00 (2)                     ;750.0;ALCOVA;ESQ ALCOVA;19.1176470588;3345.5882352941;0.9293300654
41;71;;DIM;25;175;2 Dimmer 00 (2)                     ;750.0;ALCOVA;BANHEIRA ESQ;73.5294117647;12867.6470588235;3.5743464052
41;72;;DIM;0;175;2 Dimmer 00 (2)                     ;3000.0;FUMO  ;VAPOR;0.0;0.0;0.0
41;231;;DIM;0;175;2 Dimmer 00 (2)                     ;3000.0;VENTOI;FAN 1;0.0;0.0;0.0
41;232;;DIM;0;175;2 Dimmer 00 (2)                     ;1000.0;CODA P;PUB 1;0.0;0.0;0.0
41;233;;DIM;0;175;2 Dimmer 00 (2)                     ;1000.0;CODA P;PUB 2;0.0;0.0;0.0
41;234;;DIM;0;175;2 Dimmer 00 (2)                     ;1000.0;CODA P;PUB 3;0.0;0.0;0.0
41;235;;DIM;0;175;2 Dimmer 00 (2)                     ;1000.0;CODA P;PUB 4;0.0;0.0;0.0
44;1;;DIM;0;370;2 Dimmer 00 (2)                     ;2000.0;FRENTE;FT 1.1;0.0;0.0;0.0
44;2;;DIM;0;370;2 Dimmer 00 (2)                     ;2000.0;FRENTE;FT 1.2;0.0;0.0;0.0
44;3;;DIM;0;370;2 Dimmer 00 (2)                     ;2000.0;FRENTE;FT 1.3;0.0;0.0;0.0
44;4;;DIM;0;370;2 Dimmer 00 (2)                     ;2000.0;FRENTE;FT 1.4;0.0;0.0;0.0
44;5;;DIM;0;370;2 Dimmer 00 (2)                     ;2000.0;FRENTE;FT 1.5;0.0;0.0;0.0
44;6;;DIM;0;370;2 Dimmer 00 (2)                     ;2000.0;FRENTE;FT 2.1;0.0;0.0;0.0
44;7;;DIM;0;370;2 Dimmer 00 (2)                     ;2000.0;FRENTE;FT 2.2;0.0;0.0;0.0
44;8;;DIM;0;370;2 Dimmer 00 (2)                     ;2000.0;FRENTE;FT 2.3;0.0;0.0;0.0
44;9;;DIM;0;370;2 Dimmer 00 (2)                     ;2000.0;FRENTE;FT 2.4;0.0;0.0;0.0
44;10;;DIM;0;370;2 Dimmer 00 (2)                     ;2000.0;FRENTE;FT 2.5;0.0;0.0;0.0
44;11;;DIM;15.5;370;2 Dimmer 00 (2)                     ;1000.0;FRENTE;FT 201_3.1;60.7843137255;22490.1960784314;6.2472766885
44;12;;DIM;15.5;370;2 Dimmer 00 (2)                     ;1000.0;FRENTE;FT 201_3.2;60.7843137255;22490.1960784314;6.2472766885
44;13;;DIM;15.5;370;2 Dimmer 00 (2)                     ;1000.0;FRENTE;FT 201_3.3;60.7843137255;22490.1960784314;6.2472766885
44;14;;DIM;15.5;370;2 Dimmer 00 (2)                     ;1000.0;FRENTE;FT 201_3.4;60.7843137255;22490.1960784314;6.2472766885
44;15;;DIM;15.5;370;2 Dimmer 00 (2)                     ;1000.0;FRENTE;FT 201_3.5;60.7843137255;22490.1960784314;6.2472766885
44;16;;DIM;0.5;370;2 Dimmer 00 (2)                     ;1000.0;FRENTE;FT 201_4.1;500.0;185000.0;51.3888888889
44;17;;DIM;0.5;370;2 Dimmer 00 (2)                     ;1000.0;FRENTE;FT 201_4.2;500.0;185000.0;51.3888888889
44;18;;DIM;0.5;370;2 Dimmer 00 (2)                     ;1000.0;FRENTE;FT 201_4.3;500.0;185000.0;51.3888888889
44;19;;DIM;9.5;370;2 Dimmer 00 (2)                     ;1000.0;FRENTE;FT 115_3.1;37.2549019608;13784.3137254902;3.8289760349
44;20;;DIM;9.5;370;2 Dimmer 00 (2)                     ;1000.0;FRENTE;FT 115_3.2;37.2549019608;13784.3137254902;3.8289760349
44;21;;DIM;9.5;370;2 Dimmer 00 (2)                     ;1000.0;FRENTE;FT 115_3.3;37.2549019608;13784.3137254902;3.8289760349
44;22;;DIM;9.5;370;2 Dimmer 00 (2)                     ;1000.0;FRENTE;FT 115_3.4;37.2549019608;13784.3137254902;3.8289760349
44;23;;DIM;9.5;370;2 Dimmer 00 (2)                     ;1000.0;FRENTE;FT 115_3.5;37.2549019608;13784.3137254902;3.8289760349
44;24;;DIM;9.5;370;2 Dimmer 00 (2)                     ;1000.0;FRENTE;FT 115_4.1;37.2549019608;13784.3137254902;3.8289760349
44;25;;DIM;9.5;370;2 Dimmer 00 (2)                     ;1000.0;FRENTE;FT 115_4.2;37.2549019608;13784.3137254902;3.8289760349
44;26;;DIM;9.5;370;2 Dimmer 00 (2)                     ;1000.0;FRENTE;FT 115_4.3;37.2549019608;13784.3137254902;3.8289760349
44;27;;DIM;0;370;2 Dimmer 00 (2)                     ;1000.0;CONTRA;CRT 201_1.1;0.0;0.0;0.0
44;28;;DIM;0;370;2 Dimmer 00 (2)                     ;1000.0;CONTRA;CRT 201_1.2;0.0;0.0;0.0
44;29;;DIM;0;370;2 Dimmer 00 (2)                     ;1000.0;CONTRA;CRT 201_1.3;0.0;0.0;0.0
44;30;;DIM;0;370;2 Dimmer 00 (2)                     ;1000.0;CONTRA;CRT 201_1.4;0.0;0.0;0.0
44;31;;DIM;0;370;2 Dimmer 00 (2)                     ;1000.0;CONTRA;CRT 201_2.1;0.0;0.0;0.0
44;32;;DIM;0;370;2 Dimmer 00 (2)                     ;1000.0;CONTRA;CRT 201_2.2;0.0;0.0;0.0
44;33;;DIM;0;370;2 Dimmer 00 (2)                     ;1000.0;CONTRA;CRT 201_2.3;0.0;0.0;0.0
44;34;;DIM;36.5;370;2 Dimmer 00 (2)                     ;1000.0;CONTRA;CRT 115_1.1;143.137254902;52960.7843137255;14.711328976
44;35;;DIM;36.5;370;2 Dimmer 00 (2)                     ;1000.0;CONTRA;CRT 115_1.2;143.137254902;52960.7843137255;14.711328976
44;36;;DIM;27.5;370;2 Dimmer 00 (2)                     ;1000.0;CONTRA;CRT 115_1.3;107.8431372549;39901.9607843137;11.0838779956
44;37;;DIM;36.5;370;2 Dimmer 00 (2)                     ;1000.0;CONTRA;CRT 115_1.4;143.137254902;52960.7843137255;14.711328976
44;38;;DIM;36.5;370;2 Dimmer 00 (2)                     ;1000.0;CONTRA;CRT 115_2.1;143.137254902;52960.7843137255;14.711328976
44;39;;DIM;36.5;370;2 Dimmer 00 (2)                     ;1000.0;CONTRA;CRT 115_2.2;143.137254902;52960.7843137255;14.711328976
44;40;;DIM;27.5;370;2 Dimmer 00 (2)                     ;1000.0;CONTRA;CRT 115_2.3;107.8431372549;39901.9607843137;11.0838779956
44;41;;DIM;34;370;2 Dimmer 00 (2)                     ;750.0;LEQUE ;PAREDE 1;100.0;37000.0;10.2777777778
44;42;;DIM;34;370;2 Dimmer 00 (2)                     ;750.0;LEQUE ;PAREDE 2;100.0;37000.0;10.2777777778
44;43;;DIM;34;370;2 Dimmer 00 (2)                     ;750.0;LEQUE ;PAREDE 3;100.0;37000.0;10.2777777778
44;44;;DIM;34;370;2 Dimmer 00 (2)                     ;750.0;LEQUE ;PAREDE 4;100.0;37000.0;10.2777777778
44;45;;DIM;34;370;2 Dimmer 00 (2)                     ;750.0;LEQUE ;PAREDE 5;100.0;37000.0;10.2777777778
44;46;;DIM;34;370;2 Dimmer 00 (2)                     ;750.0;LEQUE ;PAREDE 6;100.0;37000.0;10.2777777778
44;47;;DIM;34;370;2 Dimmer 00 (2)                     ;750.0;LEQUE ;PAREDE 7;100.0;37000.0;10.2777777778
44;48;;DIM;0;370;2 Dimmer 00 (2)                     ;1000.0;LATERA;RED 1;0.0;0.0;0.0
44;49;;DIM;0;370;2 Dimmer 00 (2)                     ;1000.0;LATERA;RED 2;0.0;0.0;0.0
44;50;;DIM;0;370;2 Dimmer 00 (2)                     ;1000.0;LATERA;RED 3;0.0;0.0;0.0
44;51;;DIM;0;370;2 Dimmer 00 (2)                     ;1000.0;LATERA;RED 4;0.0;0.0;0.0
44;52;;DIM;0;370;2 Dimmer 00 (2)                     ;750.0;BANHEI;BANHEIRA FRT;0.0;0.0;0.0
44;53;;DIM;0;370;2 Dimmer 00 (2)                     ;750.0;BANHEI;BANHEIRA PIC.;0.0;0.0;0.0
44;54;;DIM;45.5;370;2 Dimmer 00 (2)                     ;750.0;BANHEI;BANHEIRA CRT;133.8235294118;49514.7058823529;13.7540849673
44;55;;DIM;0;370;2 Dimmer 00 (2)                     ;1000.0;BANCOS;BANCO FR L;0.0;0.0;0.0
44;56;;DIM;0;370;2 Dimmer 00 (2)                     ;1000.0;BANCOS;BANCO CRT L;0.0;0.0;0.0
44;57;;DIM;0;370;2 Dimmer 00 (2)                     ;1000.0;BANCOS;BANCO FR R;0.0;0.0;0.0
44;58;;DIM;0;370;2 Dimmer 00 (2)                     ;1000.0;BANCOS;BANCO CRT R;0.0;0.0;0.0
44;59;;DIM;0;370;2 Dimmer 00 (2)                     ;750.0;CADEIR;COUMIER;0.0;0.0;0.0
44;60;;DIM;0;370;2 Dimmer 00 (2)                     ;750.0;GUILHO;GUILHO PIC.;0.0;0.0;0.0
44;61;;DIM;0;370;2 Dimmer 00 (2)                     ;750.0;GUILHO;GUILHO CRT;0.0;0.0;0.0
44;62;;DIM;0;370;2 Dimmer 00 (2)                     ;1000.0;CANTOR;CANTORES CRT;0.0;0.0;0.0
44;63;;DIM;0;370;2 Dimmer 00 (2)                     ;1000.0;PORTA ;PORTA FR PICADO;0.0;0.0;0.0
44;64;;DIM;0;370;2 Dimmer 00 (2)                     ;1000.0;PORTA ;PORTA CRT;0.0;0.0;0.0
44;73;;DIM;0;370;2 Dimmer 00 (2)                     ;750.0;PORTA ;PORTA RÉGIE;0.0;0.0;0.0
44;65;;DIM;0;370;2 Dimmer 00 (2)                     ;1000.0;MUSICO;MUSICO FR;0.0;0.0;0.0
44;66;;DIM;0;370;2 Dimmer 00 (2)                     ;1000.0;MUSICO;PAUTAS CRT;0.0;0.0;0.0
44;67;;DIM;0;370;2 Dimmer 00 (2)                     ;750.0;MUSICO;KEYS;0.0;0.0;0.0
44;68;;DIM;6.5;370;2 Dimmer 00 (2)                     ;1000.0;ALCOVA;DIR ALCOVA;25.4901960784;9431.3725490196;2.6198257081
44;69;;DIM;25;370;2 Dimmer 00 (2)                     ;1000.0;ALCOVA;BANHEIRA DIR;98.0392156863;36274.5098039216;10.0762527233
44;70;;DIM;6.5;370;2 Dimmer 00 (2)                     ;750.0;ALCOVA;ESQ ALCOVA;19.1176470588;7073.5294117647;1.964869281
44;71;;DIM;25;370;2 Dimmer 00 (2)                     ;750.0;ALCOVA;BANHEIRA ESQ;73.5294117647;27205.8823529412;7.5571895425
44;72;;DIM;0;370;2 Dimmer 00 (2)                     ;3000.0;FUMO  ;VAPOR;0.0;0.0;0.0
44;231;;DIM;0;370;2 Dimmer 00 (2)                     ;3000.0;VENTOI;FAN 1;0.0;0.0;0.0
44;232;;DIM;0;370;2 Dimmer 00 (2)                     ;1000.0;CODA P;PUB 1;0.0;0.0;0.0
44;233;;DIM;0;370;2 Dimmer 00 (2)                     ;1000.0;CODA P;PUB 2;0.0;0.0;0.0
44;234;;DIM;0;370;2 Dimmer 00 (2)                     ;1000.0;CODA P;PUB 3;0.0;0.0;0.0
44;235;;DIM;0;370;2 Dimmer 00 (2)                     ;1000.0;CODA P;PUB 4;0.0;0.0;0.0
45;1;;DIM;0;359;2 Dimmer 00 (2)                     ;2000.0;FRENTE;FT 1.1;0.0;0.0;0.0
45;2;;DIM;0;359;2 Dimmer 00 (2)                     ;2000.0;FRENTE;FT 1.2;0.0;0.0;0.0
45;3;;DIM;0;359;2 Dimmer 00 (2)                     ;2000.0;FRENTE;FT 1.3;0.0;0.0;0.0
45;4;;DIM;0;359;2 Dimmer 00 (2)                     ;2000.0;FRENTE;FT 1.4;0.0;0.0;0.0
45;5;;DIM;0;359;2 Dimmer 00 (2)                     ;2000.0;FRENTE;FT 1.5;0.0;0.0;0.0
45;6;;DIM;0;359;2 Dimmer 00 (2)                     ;2000.0;FRENTE;FT 2.1;0.0;0.0;0.0
45;7;;DIM;0;359;2 Dimmer 00 (2)                     ;2000.0;FRENTE;FT 2.2;0.0;0.0;0.0
45;8;;DIM;0;359;2 Dimmer 00 (2)                     ;2000.0;FRENTE;FT 2.3;0.0;0.0;0.0
45;9;;DIM;0;359;2 Dimmer 00 (2)                     ;2000.0;FRENTE;FT 2.4;0.0;0.0;0.0
45;10;;DIM;0;359;2 Dimmer 00 (2)                     ;2000.0;FRENTE;FT 2.5;0.0;0.0;0.0
45;11;;DIM;15.5;359;2 Dimmer 00 (2)                     ;1000.0;FRENTE;FT 201_3.1;60.7843137255;21821.568627451;6.061546841
45;12;;DIM;15.5;359;2 Dimmer 00 (2)                     ;1000.0;FRENTE;FT 201_3.2;60.7843137255;21821.568627451;6.061546841
45;13;;DIM;15.5;359;2 Dimmer 00 (2)                     ;1000.0;FRENTE;FT 201_3.3;60.7843137255;21821.568627451;6.061546841
45;14;;DIM;15.5;359;2 Dimmer 00 (2)                     ;1000.0;FRENTE;FT 201_3.4;60.7843137255;21821.568627451;6.061546841
45;15;;DIM;15.5;359;2 Dimmer 00 (2)                     ;1000.0;FRENTE;FT 201_3.5;60.7843137255;21821.568627451;6.061546841
45;16;;DIM;0.5;359;2 Dimmer 00 (2)                     ;1000.0;FRENTE;FT 201_4.1;500.0;179500.0;49.8611111111
45;17;;DIM;0.5;359;2 Dimmer 00 (2)                     ;1000.0;FRENTE;FT 201_4.2;500.0;179500.0;49.8611111111
45;18;;DIM;0.5;359;2 Dimmer 00 (2)                     ;1000.0;FRENTE;FT 201_4.3;500.0;179500.0;49.8611111111
45;19;;DIM;9.5;359;2 Dimmer 00 (2)                     ;1000.0;FRENTE;FT 115_3.1;37.2549019608;13374.5098039216;3.7151416122
45;20;;DIM;9.5;359;2 Dimmer 00 (2)                     ;1000.0;FRENTE;FT 115_3.2;37.2549019608;13374.5098039216;3.7151416122
45;21;;DIM;9.5;359;2 Dimmer 00 (2)                     ;1000.0;FRENTE;FT 115_3.3;37.2549019608;13374.5098039216;3.7151416122
45;22;;DIM;9.5;359;2 Dimmer 00 (2)                     ;1000.0;FRENTE;FT 115_3.4;37.2549019608;13374.5098039216;3.7151416122
45;23;;DIM;9.5;359;2 Dimmer 00 (2)                     ;1000.0;FRENTE;FT 115_3.5;37.2549019608;13374.5098039216;3.7151416122
45;24;;DIM;9.5;359;2 Dimmer 00 (2)                     ;1000.0;FRENTE;FT 115_4.1;37.2549019608;13374.5098039216;3.7151416122
45;25;;DIM;9.5;359;2 Dimmer 00 (2)                     ;1000.0;FRENTE;FT 115_4.2;37.2549019608;13374.5098039216;3.7151416122
45;26;;DIM;9.5;359;2 Dimmer 00 (2)                     ;1000.0;FRENTE;FT 115_4.3;37.2549019608;13374.5098039216;3.7151416122
45;27;;DIM;0;359;2 Dimmer 00 (2)                     ;1000.0;CONTRA;CRT 201_1.1;0.0;0.0;0.0
45;28;;DIM;0;359;2 Dimmer 00 (2)                     ;1000.0;CONTRA;CRT 201_1.2;0.0;0.0;0.0
45;29;;DIM;0;359;2 Dimmer 00 (2)                     ;1000.0;CONTRA;CRT 201_1.3;0.0;0.0;0.0
45;30;;DIM;0;359;2 Dimmer 00 (2)                     ;1000.0;CONTRA;CRT 201_1.4;0.0;0.0;0.0
45;31;;DIM;0;359;2 Dimmer 00 (2)                     ;1000.0;CONTRA;CRT 201_2.1;0.0;0.0;0.0
45;32;;DIM;0;359;2 Dimmer 00 (2)                     ;1000.0;CONTRA;CRT 201_2.2;0.0;0.0;0.0
45;33;;DIM;0;359;2 Dimmer 00 (2)                     ;1000.0;CONTRA;CRT 201_2.3;0.0;0.0;0.0
45;34;;DIM;36.5;359;2 Dimmer 00 (2)                     ;1000.0;CONTRA;CRT 115_1.1;143.137254902;51386.2745098039;14.2739651416
45;35;;DIM;36.5;359;2 Dimmer 00 (2)                     ;1000.0;CONTRA;CRT 115_1.2;143.137254902;51386.2745098039;14.2739651416
45;36;;DIM;27.5;359;2 Dimmer 00 (2)                     ;1000.0;CONTRA;CRT 115_1.3;107.8431372549;38715.6862745098;10.7543572985
45;37;;DIM;36.5;359;2 Dimmer 00 (2)                     ;1000.0;CONTRA;CRT 115_1.4;143.137254902;51386.2745098039;14.2739651416
45;38;;DIM;36.5;359;2 Dimmer 00 (2)                     ;1000.0;CONTRA;CRT 115_2.1;143.137254902;51386.2745098039;14.2739651416
45;39;;DIM;36.5;359;2 Dimmer 00 (2)                     ;1000.0;CONTRA;CRT 115_2.2;143.137254902;51386.2745098039;14.2739651416
45;40;;DIM;27.5;359;2 Dimmer 00 (2)                     ;1000.0;CONTRA;CRT 115_2.3;107.8431372549;38715.6862745098;10.7543572985
45;41;;DIM;34;359;2 Dimmer 00 (2)                     ;750.0;LEQUE ;PAREDE 1;100.0;35900.0;9.9722222222
45;42;;DIM;34;359;2 Dimmer 00 (2)                     ;750.0;LEQUE ;PAREDE 2;100.0;35900.0;9.9722222222
45;43;;DIM;34;359;2 Dimmer 00 (2)                     ;750.0;LEQUE ;PAREDE 3;100.0;35900.0;9.9722222222
45;44;;DIM;34;359;2 Dimmer 00 (2)                     ;750.0;LEQUE ;PAREDE 4;100.0;35900.0;9.9722222222
45;45;;DIM;34;359;2 Dimmer 00 (2)                     ;750.0;LEQUE ;PAREDE 5;100.0;35900.0;9.9722222222
45;46;;DIM;34;359;2 Dimmer 00 (2)                     ;750.0;LEQUE ;PAREDE 6;100.0;35900.0;9.9722222222
45;47;;DIM;34;359;2 Dimmer 00 (2)                     ;750.0;LEQUE ;PAREDE 7;100.0;35900.0;9.9722222222
45;48;;DIM;0;359;2 Dimmer 00 (2)                     ;1000.0;LATERA;RED 1;0.0;0.0;0.0
45;49;;DIM;0;359;2 Dimmer 00 (2)                     ;1000.0;LATERA;RED 2;0.0;0.0;0.0
45;50;;DIM;0;359;2 Dimmer 00 (2)                     ;1000.0;LATERA;RED 3;0.0;0.0;0.0
45;51;;DIM;0;359;2 Dimmer 00 (2)                     ;1000.0;LATERA;RED 4;0.0;0.0;0.0
45;52;;DIM;0;359;2 Dimmer 00 (2)                     ;750.0;BANHEI;BANHEIRA FRT;0.0;0.0;0.0
45;53;;DIM;0;359;2 Dimmer 00 (2)                     ;750.0;BANHEI;BANHEIRA PIC.;0.0;0.0;0.0
45;54;;DIM;45.5;359;2 Dimmer 00 (2)                     ;750.0;BANHEI;BANHEIRA CRT;133.8235294118;48042.6470588235;13.3451797386
45;55;;DIM;0;359;2 Dimmer 00 (2)                     ;1000.0;BANCOS;BANCO FR L;0.0;0.0;0.0
45;56;;DIM;0;359;2 Dimmer 00 (2)                     ;1000.0;BANCOS;BANCO CRT L;0.0;0.0;0.0
45;57;;DIM;0;359;2 Dimmer 00 (2)                     ;1000.0;BANCOS;BANCO FR R;0.0;0.0;0.0
45;58;;DIM;0;359;2 Dimmer 00 (2)                     ;1000.0;BANCOS;BANCO CRT R;0.0;0.0;0.0
45;59;;DIM;0;359;2 Dimmer 00 (2)                     ;750.0;CADEIR;COUMIER;0.0;0.0;0.0
45;60;;DIM;0;359;2 Dimmer 00 (2)                     ;750.0;GUILHO;GUILHO PIC.;0.0;0.0;0.0
45;61;;DIM;0;359;2 Dimmer 00 (2)                     ;750.0;GUILHO;GUILHO CRT;0.0;0.0;0.0
45;62;;DIM;0;359;2 Dimmer 00 (2)                     ;1000.0;CANTOR;CANTORES CRT;0.0;0.0;0.0
45;63;;DIM;0;359;2 Dimmer 00 (2)                     ;1000.0;PORTA ;PORTA FR PICADO;0.0;0.0;0.0
45;64;;DIM;0;359;2 Dimmer 00 (2)                     ;1000.0;PORTA ;PORTA CRT;0.0;0.0;0.0
45;73;;DIM;0;359;2 Dimmer 00 (2)                     ;750.0;PORTA ;PORTA RÉGIE;0.0;0.0;0.0
45;65;;DIM;0;359;2 Dimmer 00 (2)                     ;1000.0;MUSICO;MUSICO FR;0.0;0.0;0.0
45;66;;DIM;0;359;2 Dimmer 00 (2)                     ;1000.0;MUSICO;PAUTAS CRT;0.0;0.0;0.0
45;67;;DIM;0;359;2 Dimmer 00 (2)                     ;750.0;MUSICO;KEYS;0.0;0.0;0.0
45;68;;DIM;0;359;2 Dimmer 00 (2)                     ;1000.0;ALCOVA;DIR ALCOVA;0.0;0.0;0.0
45;69;;DIM;0;359;2 Dimmer 00 (2)                     ;1000.0;ALCOVA;BANHEIRA DIR;0.0;0.0;0.0
45;70;;DIM;0;359;2 Dimmer 00 (2)                     ;750.0;ALCOVA;ESQ ALCOVA;0.0;0.0;0.0
45;71;;DIM;0;359;2 Dimmer 00 (2)                     ;750.0;ALCOVA;BANHEIRA ESQ;0.0;0.0;0.0
45;72;;DIM;0;359;2 Dimmer 00 (2)                     ;3000.0;FUMO  ;VAPOR;0.0;0.0;0.0
45;231;;DIM;0;359;2 Dimmer 00 (2)                     ;3000.0;VENTOI;FAN 1;0.0;0.0;0.0
45;232;;DIM;0;359;2 Dimmer 00 (2)                     ;1000.0;CODA P;PUB 1;0.0;0.0;0.0
45;233;;DIM;0;359;2 Dimmer 00 (2)                     ;1000.0;CODA P;PUB 2;0.0;0.0;0.0
45;234;;DIM;0;359;2 Dimmer 00 (2)                     ;1000.0;CODA P;PUB 3;0.0;0.0;0.0
45;235;;DIM;0;359;2 Dimmer 00 (2)                     ;1000.0;CODA P;PUB 4;0.0;0.0;0.0
46;1;;DIM;0;331;2 Dimmer 00 (2)                     ;2000.0;FRENTE;FT 1.1;0.0;0.0;0.0
46;2;;DIM;0;331;2 Dimmer 00 (2)                     ;2000.0;FRENTE;FT 1.2;0.0;0.0;0.0
46;3;;DIM;0;331;2 Dimmer 00 (2)                     ;2000.0;FRENTE;FT 1.3;0.0;0.0;0.0
46;4;;DIM;0;331;2 Dimmer 00 (2)                     ;2000.0;FRENTE;FT 1.4;0.0;0.0;0.0
46;5;;DIM;0;331;2 Dimmer 00 (2)                     ;2000.0;FRENTE;FT 1.5;0.0;0.0;0.0
46;6;;DIM;0;331;2 Dimmer 00 (2)                     ;2000.0;FRENTE;FT 2.1;0.0;0.0;0.0
46;7;;DIM;0;331;2 Dimmer 00 (2)                     ;2000.0;FRENTE;FT 2.2;0.0;0.0;0.0
46;8;;DIM;0;331;2 Dimmer 00 (2)                     ;2000.0;FRENTE;FT 2.3;0.0;0.0;0.0
46;9;;DIM;0;331;2 Dimmer 00 (2)                     ;2000.0;FRENTE;FT 2.4;0.0;0.0;0.0
46;10;;DIM;0;331;2 Dimmer 00 (2)                     ;2000.0;FRENTE;FT 2.5;0.0;0.0;0.0
46;11;;DIM;15.5;331;2 Dimmer 00 (2)                     ;1000.0;FRENTE;FT 201_3.1;60.7843137255;20119.6078431373;5.5887799564
46;12;;DIM;15.5;331;2 Dimmer 00 (2)                     ;1000.0;FRENTE;FT 201_3.2;60.7843137255;20119.6078431373;5.5887799564
46;13;;DIM;15.5;331;2 Dimmer 00 (2)                     ;1000.0;FRENTE;FT 201_3.3;60.7843137255;20119.6078431373;5.5887799564
46;14;;DIM;15.5;331;2 Dimmer 00 (2)                     ;1000.0;FRENTE;FT 201_3.4;60.7843137255;20119.6078431373;5.5887799564
46;15;;DIM;15.5;331;2 Dimmer 00 (2)                     ;1000.0;FRENTE;FT 201_3.5;60.7843137255;20119.6078431373;5.5887799564
46;16;;DIM;0.5;331;2 Dimmer 00 (2)                     ;1000.0;FRENTE;FT 201_4.1;500.0;165500.0;45.9722222222
46;17;;DIM;0.5;331;2 Dimmer 00 (2)                     ;1000.0;FRENTE;FT 201_4.2;500.0;165500.0;45.9722222222
46;18;;DIM;0.5;331;2 Dimmer 00 (2)                     ;1000.0;FRENTE;FT 201_4.3;500.0;165500.0;45.9722222222
46;19;;DIM;9.5;331;2 Dimmer 00 (2)                     ;1000.0;FRENTE;FT 115_3.1;37.2549019608;12331.3725490196;3.4253812636
46;20;;DIM;9.5;331;2 Dimmer 00 (2)                     ;1000.0;FRENTE;FT 115_3.2;37.2549019608;12331.3725490196;3.4253812636
46;21;;DIM;9.5;331;2 Dimmer 00 (2)                     ;1000.0;FRENTE;FT 115_3.3;37.2549019608;12331.3725490196;3.4253812636
46;22;;DIM;9.5;331;2 Dimmer 00 (2)                     ;1000.0;FRENTE;FT 115_3.4;37.2549019608;12331.3725490196;3.4253812636
46;23;;DIM;9.5;331;2 Dimmer 00 (2)                     ;1000.0;FRENTE;FT 115_3.5;37.2549019608;12331.3725490196;3.4253812636
46;24;;DIM;9.5;331;2 Dimmer 00 (2)                     ;1000.0;FRENTE;FT 115_4.1;37.2549019608;12331.3725490196;3.4253812636
46;25;;DIM;9.5;331;2 Dimmer 00 (2)                     ;1000.0;FRENTE;FT 115_4.2;37.2549019608;12331.3725490196;3.4253812636
46;26;;DIM;9.5;331;2 Dimmer 00 (2)                     ;1000.0;FRENTE;FT 115_4.3;37.2549019608;12331.3725490196;3.4253812636
46;27;;DIM;0;331;2 Dimmer 00 (2)                     ;1000.0;CONTRA;CRT 201_1.1;0.0;0.0;0.0
46;28;;DIM;0;331;2 Dimmer 00 (2)                     ;1000.0;CONTRA;CRT 201_1.2;0.0;0.0;0.0
46;29;;DIM;0;331;2 Dimmer 00 (2)                     ;1000.0;CONTRA;CRT 201_1.3;0.0;0.0;0.0
46;30;;DIM;0;331;2 Dimmer 00 (2)                     ;1000.0;CONTRA;CRT 201_1.4;0.0;0.0;0.0
46;31;;DIM;0;331;2 Dimmer 00 (2)                     ;1000.0;CONTRA;CRT 201_2.1;0.0;0.0;0.0
46;32;;DIM;0;331;2 Dimmer 00 (2)                     ;1000.0;CONTRA;CRT 201_2.2;0.0;0.0;0.0
46;33;;DIM;0;331;2 Dimmer 00 (2)                     ;1000.0;CONTRA;CRT 201_2.3;0.0;0.0;0.0
46;34;;DIM;36.5;331;2 Dimmer 00 (2)                     ;1000.0;CONTRA;CRT 115_1.1;143.137254902;47378.431372549;13.1606753813
46;35;;DIM;36.5;331;2 Dimmer 00 (2)                     ;1000.0;CONTRA;CRT 115_1.2;143.137254902;47378.431372549;13.1606753813
46;36;;DIM;27.5;331;2 Dimmer 00 (2)                     ;1000.0;CONTRA;CRT 115_1.3;107.8431372549;35696.0784313726;9.915577342
46;37;;DIM;36.5;331;2 Dimmer 00 (2)                     ;1000.0;CONTRA;CRT 115_1.4;143.137254902;47378.431372549;13.1606753813
46;38;;DIM;36.5;331;2 Dimmer 00 (2)                     ;1000.0;CONTRA;CRT 115_2.1;143.137254902;47378.431372549;13.1606753813
46;39;;DIM;36.5;331;2 Dimmer 00 (2)                     ;1000.0;CONTRA;CRT 115_2.2;143.137254902;47378.431372549;13.1606753813
46;40;;DIM;27.5;331;2 Dimmer 00 (2)                     ;1000.0;CONTRA;CRT 115_2.3;107.8431372549;35696.0784313726;9.915577342
46;41;;DIM;34;331;2 Dimmer 00 (2)                     ;750.0;LEQUE ;PAREDE 1;100.0;33100.0;9.1944444444
46;42;;DIM;34;331;2 Dimmer 00 (2)                     ;750.0;LEQUE ;PAREDE 2;100.0;33100.0;9.1944444444
46;43;;DIM;34;331;2 Dimmer 00 (2)                     ;750.0;LEQUE ;PAREDE 3;100.0;33100.0;9.1944444444
46;44;;DIM;34;331;2 Dimmer 00 (2)                     ;750.0;LEQUE ;PAREDE 4;100.0;33100.0;9.1944444444
46;45;;DIM;34;331;2 Dimmer 00 (2)                     ;750.0;LEQUE ;PAREDE 5;100.0;33100.0;9.1944444444
46;46;;DIM;34;331;2 Dimmer 00 (2)                     ;750.0;LEQUE ;PAREDE 6;100.0;33100.0;9.1944444444
46;47;;DIM;34;331;2 Dimmer 00 (2)                     ;750.0;LEQUE ;PAREDE 7;100.0;33100.0;9.1944444444
46;48;;DIM;0;331;2 Dimmer 00 (2)                     ;1000.0;LATERA;RED 1;0.0;0.0;0.0
46;49;;DIM;0;331;2 Dimmer 00 (2)                     ;1000.0;LATERA;RED 2;0.0;0.0;0.0
46;50;;DIM;0;331;2 Dimmer 00 (2)                     ;1000.0;LATERA;RED 3;0.0;0.0;0.0
46;51;;DIM;0;331;2 Dimmer 00 (2)                     ;1000.0;LATERA;RED 4;0.0;0.0;0.0
46;52;;DIM;0;331;2 Dimmer 00 (2)                     ;750.0;BANHEI;BANHEIRA FRT;0.0;0.0;0.0
46;53;;DIM;0;331;2 Dimmer 00 (2)                     ;750.0;BANHEI;BANHEIRA PIC.;0.0;0.0;0.0
46;54;;DIM;45.5;331;2 Dimmer 00 (2)                     ;750.0;BANHEI;BANHEIRA CRT;133.8235294118;44295.5882352941;12.3043300654
46;55;;DIM;0;331;2 Dimmer 00 (2)                     ;1000.0;BANCOS;BANCO FR L;0.0;0.0;0.0
46;56;;DIM;0;331;2 Dimmer 00 (2)                     ;1000.0;BANCOS;BANCO CRT L;0.0;0.0;0.0
46;57;;DIM;0;331;2 Dimmer 00 (2)                     ;1000.0;BANCOS;BANCO FR R;0.0;0.0;0.0
46;58;;DIM;0;331;2 Dimmer 00 (2)                     ;1000.0;BANCOS;BANCO CRT R;0.0;0.0;0.0
46;59;;DIM;0;331;2 Dimmer 00 (2)                     ;750.0;CADEIR;COUMIER;0.0;0.0;0.0
46;60;;DIM;0;331;2 Dimmer 00 (2)                     ;750.0;GUILHO;GUILHO PIC.;0.0;0.0;0.0
46;61;;DIM;0;331;2 Dimmer 00 (2)                     ;750.0;GUILHO;GUILHO CRT;0.0;0.0;0.0
46;62;;DIM;0;331;2 Dimmer 00 (2)                     ;1000.0;CANTOR;CANTORES CRT;0.0;0.0;0.0
46;63;;DIM;0;331;2 Dimmer 00 (2)                     ;1000.0;PORTA ;PORTA FR PICADO;0.0;0.0;0.0
46;64;;DIM;0;331;2 Dimmer 00 (2)                     ;1000.0;PORTA ;PORTA CRT;0.0;0.0;0.0
46;73;;DIM;0;331;2 Dimmer 00 (2)                     ;750.0;PORTA ;PORTA RÉGIE;0.0;0.0;0.0
46;65;;DIM;0;331;2 Dimmer 00 (2)                     ;1000.0;MUSICO;MUSICO FR;0.0;0.0;0.0
46;66;;DIM;0;331;2 Dimmer 00 (2)                     ;1000.0;MUSICO;PAUTAS CRT;0.0;0.0;0.0
46;67;;DIM;0;331;2 Dimmer 00 (2)                     ;750.0;MUSICO;KEYS;0.0;0.0;0.0
46;68;;DIM;0;331;2 Dimmer 00 (2)                     ;1000.0;ALCOVA;DIR ALCOVA;0.0;0.0;0.0
46;69;;DIM;0;331;2 Dimmer 00 (2)                     ;1000.0;ALCOVA;BANHEIRA DIR;0.0;0.0;0.0
46;70;;DIM;0;331;2 Dimmer 00 (2)                     ;750.0;ALCOVA;ESQ ALCOVA;0.0;0.0;0.0
46;71;;DIM;0;331;2 Dimmer 00 (2)                     ;750.0;ALCOVA;BANHEIRA ESQ;0.0;0.0;0.0
46;72;;DIM;0;331;2 Dimmer 00 (2)                     ;3000.0;FUMO  ;VAPOR;0.0;0.0;0.0
46;231;;DIM;0;331;2 Dimmer 00 (2)                     ;3000.0;VENTOI;FAN 1;0.0;0.0;0.0
46;232;;DIM;48.5;331;2 Dimmer 00 (2)                     ;1000.0;CODA P;PUB 1;190.1960784314;62954.9019607843;17.4874727669
46;233;;DIM;48.5;331;2 Dimmer 00 (2)                     ;1000.0;CODA P;PUB 2;190.1960784314;62954.9019607843;17.4874727669
46;234;;DIM;48.5;331;2 Dimmer 00 (2)                     ;1000.0;CODA P;PUB 3;190.1960784314;62954.9019607843;17.4874727669
46;235;;DIM;48.5;331;2 Dimmer 00 (2)                     ;1000.0;CODA P;PUB 4;190.1960784314;62954.9019607843;17.4874727669
47;1;;DIM;0;309;2 Dimmer 00 (2)                     ;2000.0;FRENTE;FT 1.1;0.0;0.0;0.0
47;2;;DIM;0;309;2 Dimmer 00 (2)                     ;2000.0;FRENTE;FT 1.2;0.0;0.0;0.0
47;3;;DIM;0;309;2 Dimmer 00 (2)                     ;2000.0;FRENTE;FT 1.3;0.0;0.0;0.0
47;4;;DIM;0;309;2 Dimmer 00 (2)                     ;2000.0;FRENTE;FT 1.4;0.0;0.0;0.0
47;5;;DIM;0;309;2 Dimmer 00 (2)                     ;2000.0;FRENTE;FT 1.5;0.0;0.0;0.0
47;6;;DIM;0;309;2 Dimmer 00 (2)                     ;2000.0;FRENTE;FT 2.1;0.0;0.0;0.0
47;7;;DIM;0;309;2 Dimmer 00 (2)                     ;2000.0;FRENTE;FT 2.2;0.0;0.0;0.0
47;8;;DIM;0;309;2 Dimmer 00 (2)                     ;2000.0;FRENTE;FT 2.3;0.0;0.0;0.0
47;9;;DIM;0;309;2 Dimmer 00 (2)                     ;2000.0;FRENTE;FT 2.4;0.0;0.0;0.0
47;10;;DIM;0;309;2 Dimmer 00 (2)                     ;2000.0;FRENTE;FT 2.5;0.0;0.0;0.0
47;11;;DIM;15.5;309;2 Dimmer 00 (2)                     ;1000.0;FRENTE;FT 201_3.1;60.7843137255;18782.3529411765;5.2173202614
47;12;;DIM;15.5;309;2 Dimmer 00 (2)                     ;1000.0;FRENTE;FT 201_3.2;60.7843137255;18782.3529411765;5.2173202614
47;13;;DIM;15.5;309;2 Dimmer 00 (2)                     ;1000.0;FRENTE;FT 201_3.3;60.7843137255;18782.3529411765;5.2173202614
47;14;;DIM;15.5;309;2 Dimmer 00 (2)                     ;1000.0;FRENTE;FT 201_3.4;60.7843137255;18782.3529411765;5.2173202614
47;15;;DIM;15.5;309;2 Dimmer 00 (2)                     ;1000.0;FRENTE;FT 201_3.5;60.7843137255;18782.3529411765;5.2173202614
47;16;;DIM;0.5;309;2 Dimmer 00 (2)                     ;1000.0;FRENTE;FT 201_4.1;500.0;154500.0;42.9166666667
47;17;;DIM;0.5;309;2 Dimmer 00 (2)                     ;1000.0;FRENTE;FT 201_4.2;500.0;154500.0;42.9166666667
47;18;;DIM;0.5;309;2 Dimmer 00 (2)                     ;1000.0;FRENTE;FT 201_4.3;500.0;154500.0;42.9166666667
47;19;;DIM;9.5;309;2 Dimmer 00 (2)                     ;1000.0;FRENTE;FT 115_3.1;37.2549019608;11511.7647058824;3.1977124183
47;20;;DIM;9.5;309;2 Dimmer 00 (2)                     ;1000.0;FRENTE;FT 115_3.2;37.2549019608;11511.7647058824;3.1977124183
47;21;;DIM;9.5;309;2 Dimmer 00 (2)                     ;1000.0;FRENTE;FT 115_3.3;37.2549019608;11511.7647058824;3.1977124183
47;22;;DIM;9.5;309;2 Dimmer 00 (2)                     ;1000.0;FRENTE;FT 115_3.4;37.2549019608;11511.7647058824;3.1977124183
47;23;;DIM;9.5;309;2 Dimmer 00 (2)                     ;1000.0;FRENTE;FT 115_3.5;37.2549019608;11511.7647058824;3.1977124183
47;24;;DIM;9.5;309;2 Dimmer 00 (2)                     ;1000.0;FRENTE;FT 115_4.1;37.2549019608;11511.7647058824;3.1977124183
47;25;;DIM;9.5;309;2 Dimmer 00 (2)                     ;1000.0;FRENTE;FT 115_4.2;37.2549019608;11511.7647058824;3.1977124183
47;26;;DIM;9.5;309;2 Dimmer 00 (2)                     ;1000.0;FRENTE;FT 115_4.3;37.2549019608;11511.7647058824;3.1977124183
47;27;;DIM;0;309;2 Dimmer 00 (2)                     ;1000.0;CONTRA;CRT 201_1.1;0.0;0.0;0.0
47;28;;DIM;0;309;2 Dimmer 00 (2)                     ;1000.0;CONTRA;CRT 201_1.2;0.0;0.0;0.0
47;29;;DIM;0;309;2 Dimmer 00 (2)                     ;1000.0;CONTRA;CRT 201_1.3;0.0;0.0;0.0
47;30;;DIM;0;309;2 Dimmer 00 (2)                     ;1000.0;CONTRA;CRT 201_1.4;0.0;0.0;0.0
47;31;;DIM;0;309;2 Dimmer 00 (2)                     ;1000.0;CONTRA;CRT 201_2.1;0.0;0.0;0.0
47;32;;DIM;0;309;2 Dimmer 00 (2)                     ;1000.0;CONTRA;CRT 201_2.2;0.0;0.0;0.0
47;33;;DIM;0;309;2 Dimmer 00 (2)                     ;1000.0;CONTRA;CRT 201_2.3;0.0;0.0;0.0
47;34;;DIM;52.5;309;2 Dimmer 00 (2)                     ;1000.0;CONTRA;CRT 115_1.1;205.8823529412;63617.6470588235;17.6715686275
47;35;;DIM;52.5;309;2 Dimmer 00 (2)                     ;1000.0;CONTRA;CRT 115_1.2;205.8823529412;63617.6470588235;17.6715686275
47;36;;DIM;43.5;309;2 Dimmer 00 (2)                     ;1000.0;CONTRA;CRT 115_1.3;170.5882352941;52711.7647058824;14.6421568627
47;37;;DIM;52.5;309;2 Dimmer 00 (2)                     ;1000.0;CONTRA;CRT 115_1.4;205.8823529412;63617.6470588235;17.6715686275
47;38;;DIM;52.5;309;2 Dimmer 00 (2)                     ;1000.0;CONTRA;CRT 115_2.1;205.8823529412;63617.6470588235;17.6715686275
47;39;;DIM;52.5;309;2 Dimmer 00 (2)                     ;1000.0;CONTRA;CRT 115_2.2;205.8823529412;63617.6470588235;17.6715686275
47;40;;DIM;43.5;309;2 Dimmer 00 (2)                     ;1000.0;CONTRA;CRT 115_2.3;170.5882352941;52711.7647058824;14.6421568627
47;41;;DIM;52.5;309;2 Dimmer 00 (2)                     ;750.0;LEQUE ;PAREDE 1;154.4117647059;47713.2352941176;13.2536764706
47;42;;DIM;52.5;309;2 Dimmer 00 (2)                     ;750.0;LEQUE ;PAREDE 2;154.4117647059;47713.2352941176;13.2536764706
47;43;;DIM;52.5;309;2 Dimmer 00 (2)                     ;750.0;LEQUE ;PAREDE 3;154.4117647059;47713.2352941176;13.2536764706
47;44;;DIM;52.5;309;2 Dimmer 00 (2)                     ;750.0;LEQUE ;PAREDE 4;154.4117647059;47713.2352941176;13.2536764706
47;45;;DIM;52.5;309;2 Dimmer 00 (2)                     ;750.0;LEQUE ;PAREDE 5;154.4117647059;47713.2352941176;13.2536764706
47;46;;DIM;52.5;309;2 Dimmer 00 (2)                     ;750.0;LEQUE ;PAREDE 6;154.4117647059;47713.2352941176;13.2536764706
47;47;;DIM;52.5;309;2 Dimmer 00 (2)                     ;750.0;LEQUE ;PAREDE 7;154.4117647059;47713.2352941176;13.2536764706
47;48;;DIM;0;309;2 Dimmer 00 (2)                     ;1000.0;LATERA;RED 1;0.0;0.0;0.0
47;49;;DIM;0;309;2 Dimmer 00 (2)                     ;1000.0;LATERA;RED 2;0.0;0.0;0.0
47;50;;DIM;0;309;2 Dimmer 00 (2)                     ;1000.0;LATERA;RED 3;0.0;0.0;0.0
47;51;;DIM;0;309;2 Dimmer 00 (2)                     ;1000.0;LATERA;RED 4;0.0;0.0;0.0
47;52;;DIM;0;309;2 Dimmer 00 (2)                     ;750.0;BANHEI;BANHEIRA FRT;0.0;0.0;0.0
47;53;;DIM;0;309;2 Dimmer 00 (2)                     ;750.0;BANHEI;BANHEIRA PIC.;0.0;0.0;0.0
47;54;;DIM;45.5;309;2 Dimmer 00 (2)                     ;750.0;BANHEI;BANHEIRA CRT;133.8235294118;41351.4705882353;11.4865196078
47;55;;DIM;0;309;2 Dimmer 00 (2)                     ;1000.0;BANCOS;BANCO FR L;0.0;0.0;0.0
47;56;;DIM;0;309;2 Dimmer 00 (2)                     ;1000.0;BANCOS;BANCO CRT L;0.0;0.0;0.0
47;57;;DIM;0;309;2 Dimmer 00 (2)                     ;1000.0;BANCOS;BANCO FR R;0.0;0.0;0.0
47;58;;DIM;0;309;2 Dimmer 00 (2)                     ;1000.0;BANCOS;BANCO CRT R;0.0;0.0;0.0
47;59;;DIM;0;309;2 Dimmer 00 (2)                     ;750.0;CADEIR;COUMIER;0.0;0.0;0.0
47;60;;DIM;0;309;2 Dimmer 00 (2)                     ;750.0;GUILHO;GUILHO PIC.;0.0;0.0;0.0
47;61;;DIM;0;309;2 Dimmer 00 (2)                     ;750.0;GUILHO;GUILHO CRT;0.0;0.0;0.0
47;62;;DIM;0;309;2 Dimmer 00 (2)                     ;1000.0;CANTOR;CANTORES CRT;0.0;0.0;0.0
47;63;;DIM;0;309;2 Dimmer 00 (2)                     ;1000.0;PORTA ;PORTA FR PICADO;0.0;0.0;0.0
47;64;;DIM;0;309;2 Dimmer 00 (2)                     ;1000.0;PORTA ;PORTA CRT;0.0;0.0;0.0
47;73;;DIM;0;309;2 Dimmer 00 (2)                     ;750.0;PORTA ;PORTA RÉGIE;0.0;0.0;0.0
47;65;;DIM;0;309;2 Dimmer 00 (2)                     ;1000.0;MUSICO;MUSICO FR;0.0;0.0;0.0
47;66;;DIM;0;309;2 Dimmer 00 (2)                     ;1000.0;MUSICO;PAUTAS CRT;0.0;0.0;0.0
47;67;;DIM;0;309;2 Dimmer 00 (2)                     ;750.0;MUSICO;KEYS;0.0;0.0;0.0
47;68;;DIM;0;309;2 Dimmer 00 (2)                     ;1000.0;ALCOVA;DIR ALCOVA;0.0;0.0;0.0
47;69;;DIM;0;309;2 Dimmer 00 (2)                     ;1000.0;ALCOVA;BANHEIRA DIR;0.0;0.0;0.0
47;70;;DIM;0;309;2 Dimmer 00 (2)                     ;750.0;ALCOVA;ESQ ALCOVA;0.0;0.0;0.0
47;71;;DIM;0;309;2 Dimmer 00 (2)                     ;750.0;ALCOVA;BANHEIRA ESQ;0.0;0.0;0.0
47;72;;DIM;0;309;2 Dimmer 00 (2)                     ;3000.0;FUMO  ;VAPOR;0.0;0.0;0.0
47;231;;DIM;0;309;2 Dimmer 00 (2)                     ;3000.0;VENTOI;FAN 1;0.0;0.0;0.0
47;232;;DIM;0;309;2 Dimmer 00 (2)                     ;1000.0;CODA P;PUB 1;0.0;0.0;0.0
47;233;;DIM;0;309;2 Dimmer 00 (2)                     ;1000.0;CODA P;PUB 2;0.0;0.0;0.0
47;234;;DIM;0;309;2 Dimmer 00 (2)                     ;1000.0;CODA P;PUB 3;0.0;0.0;0.0
47;235;;DIM;0;309;2 Dimmer 00 (2)                     ;1000.0;CODA P;PUB 4;0.0;0.0;0.0
48;1;;DIM;27.5;342;2 Dimmer 00 (2)                     ;2000.0;FRENTE;FT 1.1;215.6862745098;73764.7058823529;20.4901960784
48;2;;DIM;27.5;342;2 Dimmer 00 (2)                     ;2000.0;FRENTE;FT 1.2;215.6862745098;73764.7058823529;20.4901960784
48;3;;DIM;27.5;342;2 Dimmer 00 (2)                     ;2000.0;FRENTE;FT 1.3;215.6862745098;73764.7058823529;20.4901960784
48;4;;DIM;27.5;342;2 Dimmer 00 (2)                     ;2000.0;FRENTE;FT 1.4;215.6862745098;73764.7058823529;20.4901960784
48;5;;DIM;27.5;342;2 Dimmer 00 (2)                     ;2000.0;FRENTE;FT 1.5;215.6862745098;73764.7058823529;20.4901960784
48;6;;DIM;0;342;2 Dimmer 00 (2)                     ;2000.0;FRENTE;FT 2.1;0.0;0.0;0.0
48;7;;DIM;0;342;2 Dimmer 00 (2)                     ;2000.0;FRENTE;FT 2.2;0.0;0.0;0.0
48;8;;DIM;0;342;2 Dimmer 00 (2)                     ;2000.0;FRENTE;FT 2.3;0.0;0.0;0.0
48;9;;DIM;0;342;2 Dimmer 00 (2)                     ;2000.0;FRENTE;FT 2.4;0.0;0.0;0.0
48;10;;DIM;0;342;2 Dimmer 00 (2)                     ;2000.0;FRENTE;FT 2.5;0.0;0.0;0.0
48;11;;DIM;15.5;342;2 Dimmer 00 (2)                     ;1000.0;FRENTE;FT 201_3.1;60.7843137255;20788.2352941176;5.7745098039
48;12;;DIM;15.5;342;2 Dimmer 00 (2)                     ;1000.0;FRENTE;FT 201_3.2;60.7843137255;20788.2352941176;5.7745098039
48;13;;DIM;50;342;2 Dimmer 00 (2)                     ;1000.0;FRENTE;FT 201_3.3;196.0784313725;67058.8235294118;18.6274509804
48;14;;DIM;15.5;342;2 Dimmer 00 (2)                     ;1000.0;FRENTE;FT 201_3.4;60.7843137255;20788.2352941176;5.7745098039
48;15;;DIM;15.5;342;2 Dimmer 00 (2)                     ;1000.0;FRENTE;FT 201_3.5;60.7843137255;20788.2352941176;5.7745098039
48;16;;DIM;0.5;342;2 Dimmer 00 (2)                     ;1000.0;FRENTE;FT 201_4.1;500.0;171000.0;47.5
48;17;;DIM;0.5;342;2 Dimmer 00 (2)                     ;1000.0;FRENTE;FT 201_4.2;500.0;171000.0;47.5
48;18;;DIM;0.5;342;2 Dimmer 00 (2)                     ;1000.0;FRENTE;FT 201_4.3;500.0;171000.0;47.5
48;19;;DIM;7;342;2 Dimmer 00 (2)                     ;1000.0;FRENTE;FT 115_3.1;27.4509803922;9388.2352941176;2.6078431373
48;20;;DIM;7;342;2 Dimmer 00 (2)                     ;1000.0;FRENTE;FT 115_3.2;27.4509803922;9388.2352941176;2.6078431373
48;21;;DIM;7;342;2 Dimmer 00 (2)                     ;1000.0;FRENTE;FT 115_3.3;27.4509803922;9388.2352941176;2.6078431373
48;22;;DIM;7;342;2 Dimmer 00 (2)                     ;1000.0;FRENTE;FT 115_3.4;27.4509803922;9388.2352941176;2.6078431373
48;23;;DIM;7;342;2 Dimmer 00 (2)                     ;1000.0;FRENTE;FT 115_3.5;27.4509803922;9388.2352941176;2.6078431373
48;24;;DIM;7;342;2 Dimmer 00 (2)                     ;1000.0;FRENTE;FT 115_4.1;27.4509803922;9388.2352941176;2.6078431373
48;25;;DIM;7;342;2 Dimmer 00 (2)                     ;1000.0;FRENTE;FT 115_4.2;27.4509803922;9388.2352941176;2.6078431373
48;26;;DIM;7;342;2 Dimmer 00 (2)                     ;1000.0;FRENTE;FT 115_4.3;27.4509803922;9388.2352941176;2.6078431373
48;27;;DIM;0;342;2 Dimmer 00 (2)                     ;1000.0;CONTRA;CRT 201_1.1;0.0;0.0;0.0
48;28;;DIM;0;342;2 Dimmer 00 (2)                     ;1000.0;CONTRA;CRT 201_1.2;0.0;0.0;0.0
48;29;;DIM;0;342;2 Dimmer 00 (2)                     ;1000.0;CONTRA;CRT 201_1.3;0.0;0.0;0.0
48;30;;DIM;0;342;2 Dimmer 00 (2)                     ;1000.0;CONTRA;CRT 201_1.4;0.0;0.0;0.0
48;31;;DIM;0;342;2 Dimmer 00 (2)                     ;1000.0;CONTRA;CRT 201_2.1;0.0;0.0;0.0
48;32;;DIM;0;342;2 Dimmer 00 (2)                     ;1000.0;CONTRA;CRT 201_2.2;0.0;0.0;0.0
48;33;;DIM;0;342;2 Dimmer 00 (2)                     ;1000.0;CONTRA;CRT 201_2.3;0.0;0.0;0.0
48;34;;DIM;52.5;342;2 Dimmer 00 (2)                     ;1000.0;CONTRA;CRT 115_1.1;205.8823529412;70411.7647058823;19.5588235294
48;35;;DIM;52.5;342;2 Dimmer 00 (2)                     ;1000.0;CONTRA;CRT 115_1.2;205.8823529412;70411.7647058823;19.5588235294
48;36;;DIM;43.5;342;2 Dimmer 00 (2)                     ;1000.0;CONTRA;CRT 115_1.3;170.5882352941;58341.1764705882;16.2058823529
48;37;;DIM;52.5;342;2 Dimmer 00 (2)                     ;1000.0;CONTRA;CRT 115_1.4;205.8823529412;70411.7647058823;19.5588235294
48;38;;DIM;52.5;342;2 Dimmer 00 (2)                     ;1000.0;CONTRA;CRT 115_2.1;205.8823529412;70411.7647058823;19.5588235294
48;39;;DIM;52.5;342;2 Dimmer 00 (2)                     ;1000.0;CONTRA;CRT 115_2.2;205.8823529412;70411.7647058823;19.5588235294
48;40;;DIM;43.5;342;2 Dimmer 00 (2)                     ;1000.0;CONTRA;CRT 115_2.3;170.5882352941;58341.1764705882;16.2058823529
48;41;;DIM;52.5;342;2 Dimmer 00 (2)                     ;750.0;LEQUE ;PAREDE 1;154.4117647059;52808.8235294118;14.6691176471
48;42;;DIM;52.5;342;2 Dimmer 00 (2)                     ;750.0;LEQUE ;PAREDE 2;154.4117647059;52808.8235294118;14.6691176471
48;43;;DIM;52.5;342;2 Dimmer 00 (2)                     ;750.0;LEQUE ;PAREDE 3;154.4117647059;52808.8235294118;14.6691176471
48;44;;DIM;52.5;342;2 Dimmer 00 (2)                     ;750.0;LEQUE ;PAREDE 4;154.4117647059;52808.8235294118;14.6691176471
48;45;;DIM;52.5;342;2 Dimmer 00 (2)                     ;750.0;LEQUE ;PAREDE 5;154.4117647059;52808.8235294118;14.6691176471
48;46;;DIM;52.5;342;2 Dimmer 00 (2)                     ;750.0;LEQUE ;PAREDE 6;154.4117647059;52808.8235294118;14.6691176471
48;47;;DIM;52.5;342;2 Dimmer 00 (2)                     ;750.0;LEQUE ;PAREDE 7;154.4117647059;52808.8235294118;14.6691176471
48;48;;DIM;0;342;2 Dimmer 00 (2)                     ;1000.0;LATERA;RED 1;0.0;0.0;0.0
48;49;;DIM;0;342;2 Dimmer 00 (2)                     ;1000.0;LATERA;RED 2;0.0;0.0;0.0
48;50;;DIM;0;342;2 Dimmer 00 (2)                     ;1000.0;LATERA;RED 3;0.0;0.0;0.0
48;51;;DIM;0;342;2 Dimmer 00 (2)                     ;1000.0;LATERA;RED 4;0.0;0.0;0.0
48;52;;DIM;18;342;2 Dimmer 00 (2)                     ;750.0;BANHEI;BANHEIRA FRT;52.9411764706;18105.8823529412;5.0294117647
48;53;;DIM;0;342;2 Dimmer 00 (2)                     ;750.0;BANHEI;BANHEIRA PIC.;0.0;0.0;0.0
48;54;;DIM;45.5;342;2 Dimmer 00 (2)                     ;750.0;BANHEI;BANHEIRA CRT;133.8235294118;45767.6470588235;12.7132352941
48;55;;DIM;0;342;2 Dimmer 00 (2)                     ;1000.0;BANCOS;BANCO FR L;0.0;0.0;0.0
48;56;;DIM;0;342;2 Dimmer 00 (2)                     ;1000.0;BANCOS;BANCO CRT L;0.0;0.0;0.0
48;57;;DIM;0;342;2 Dimmer 00 (2)                     ;1000.0;BANCOS;BANCO FR R;0.0;0.0;0.0
48;58;;DIM;0;342;2 Dimmer 00 (2)                     ;1000.0;BANCOS;BANCO CRT R;0.0;0.0;0.0
48;59;;DIM;0;342;2 Dimmer 00 (2)                     ;750.0;CADEIR;COUMIER;0.0;0.0;0.0
48;60;;DIM;0;342;2 Dimmer 00 (2)                     ;750.0;GUILHO;GUILHO PIC.;0.0;0.0;0.0
48;61;;DIM;0;342;2 Dimmer 00 (2)                     ;750.0;GUILHO;GUILHO CRT;0.0;0.0;0.0
48;62;;DIM;0;342;2 Dimmer 00 (2)                     ;1000.0;CANTOR;CANTORES CRT;0.0;0.0;0.0
48;63;;DIM;0;342;2 Dimmer 00 (2)                     ;1000.0;PORTA ;PORTA FR PICADO;0.0;0.0;0.0
48;64;;DIM;0;342;2 Dimmer 00 (2)                     ;1000.0;PORTA ;PORTA CRT;0.0;0.0;0.0
48;73;;DIM;0;342;2 Dimmer 00 (2)                     ;750.0;PORTA ;PORTA RÉGIE;0.0;0.0;0.0
48;65;;DIM;0;342;2 Dimmer 00 (2)                     ;1000.0;MUSICO;MUSICO FR;0.0;0.0;0.0
48;66;;DIM;0;342;2 Dimmer 00 (2)                     ;1000.0;MUSICO;PAUTAS CRT;0.0;0.0;0.0
48;67;;DIM;0;342;2 Dimmer 00 (2)                     ;750.0;MUSICO;KEYS;0.0;0.0;0.0
48;68;;DIM;0;342;2 Dimmer 00 (2)                     ;1000.0;ALCOVA;DIR ALCOVA;0.0;0.0;0.0
48;69;;DIM;0;342;2 Dimmer 00 (2)                     ;1000.0;ALCOVA;BANHEIRA DIR;0.0;0.0;0.0
48;70;;DIM;0;342;2 Dimmer 00 (2)                     ;750.0;ALCOVA;ESQ ALCOVA;0.0;0.0;0.0
48;71;;DIM;0;342;2 Dimmer 00 (2)                     ;750.0;ALCOVA;BANHEIRA ESQ;0.0;0.0;0.0
48;72;;DIM;0;342;2 Dimmer 00 (2)                     ;3000.0;FUMO  ;VAPOR;0.0;0.0;0.0
48;231;;DIM;0;342;2 Dimmer 00 (2)                     ;3000.0;VENTOI;FAN 1;0.0;0.0;0.0
48;232;;DIM;0;342;2 Dimmer 00 (2)                     ;1000.0;CODA P;PUB 1;0.0;0.0;0.0
48;233;;DIM;0;342;2 Dimmer 00 (2)                     ;1000.0;CODA P;PUB 2;0.0;0.0;0.0
48;234;;DIM;0;342;2 Dimmer 00 (2)                     ;1000.0;CODA P;PUB 3;0.0;0.0;0.0
48;235;;DIM;0;342;2 Dimmer 00 (2)                     ;1000.0;CODA P;PUB 4;0.0;0.0;0.0
49;1;;DIM;0;142;2 Dimmer 00 (2)                     ;2000.0;FRENTE;FT 1.1;0.0;0.0;0.0
49;2;;DIM;0;142;2 Dimmer 00 (2)                     ;2000.0;FRENTE;FT 1.2;0.0;0.0;0.0
49;3;;DIM;0;142;2 Dimmer 00 (2)                     ;2000.0;FRENTE;FT 1.3;0.0;0.0;0.0
49;4;;DIM;0;142;2 Dimmer 00 (2)                     ;2000.0;FRENTE;FT 1.4;0.0;0.0;0.0
49;5;;DIM;0;142;2 Dimmer 00 (2)                     ;2000.0;FRENTE;FT 1.5;0.0;0.0;0.0
49;6;;DIM;0;142;2 Dimmer 00 (2)                     ;2000.0;FRENTE;FT 2.1;0.0;0.0;0.0
49;7;;DIM;0;142;2 Dimmer 00 (2)                     ;2000.0;FRENTE;FT 2.2;0.0;0.0;0.0
49;8;;DIM;21;142;2 Dimmer 00 (2)                     ;2000.0;FRENTE;FT 2.3;164.7058823529;23388.2352941177;6.4967320261
49;9;;DIM;22.5;142;2 Dimmer 00 (2)                     ;2000.0;FRENTE;FT 2.4;176.4705882353;25058.8235294118;6.9607843137
49;10;;DIM;0;142;2 Dimmer 00 (2)                     ;2000.0;FRENTE;FT 2.5;0.0;0.0;0.0
49;11;;DIM;15.5;142;2 Dimmer 00 (2)                     ;1000.0;FRENTE;FT 201_3.1;60.7843137255;8631.3725490196;2.3976034858
49;12;;DIM;15.5;142;2 Dimmer 00 (2)                     ;1000.0;FRENTE;FT 201_3.2;60.7843137255;8631.3725490196;2.3976034858
49;13;;DIM;15.5;142;2 Dimmer 00 (2)                     ;1000.0;FRENTE;FT 201_3.3;60.7843137255;8631.3725490196;2.3976034858
49;14;;DIM;15.5;142;2 Dimmer 00 (2)                     ;1000.0;FRENTE;FT 201_3.4;60.7843137255;8631.3725490196;2.3976034858
49;15;;DIM;15.5;142;2 Dimmer 00 (2)                     ;1000.0;FRENTE;FT 201_3.5;60.7843137255;8631.3725490196;2.3976034858
49;16;;DIM;0.5;142;2 Dimmer 00 (2)                     ;1000.0;FRENTE;FT 201_4.1;500.0;71000.0;19.7222222222
49;17;;DIM;0.5;142;2 Dimmer 00 (2)                     ;1000.0;FRENTE;FT 201_4.2;500.0;71000.0;19.7222222222
49;18;;DIM;0.5;142;2 Dimmer 00 (2)                     ;1000.0;FRENTE;FT 201_4.3;500.0;71000.0;19.7222222222
49;19;;DIM;9.5;142;2 Dimmer 00 (2)                     ;1000.0;FRENTE;FT 115_3.1;37.2549019608;5290.1960784314;1.4694989107
49;20;;DIM;9.5;142;2 Dimmer 00 (2)                     ;1000.0;FRENTE;FT 115_3.2;37.2549019608;5290.1960784314;1.4694989107
49;21;;DIM;9.5;142;2 Dimmer 00 (2)                     ;1000.0;FRENTE;FT 115_3.3;37.2549019608;5290.1960784314;1.4694989107
49;22;;DIM;9.5;142;2 Dimmer 00 (2)                     ;1000.0;FRENTE;FT 115_3.4;37.2549019608;5290.1960784314;1.4694989107
49;23;;DIM;9.5;142;2 Dimmer 00 (2)                     ;1000.0;FRENTE;FT 115_3.5;37.2549019608;5290.1960784314;1.4694989107
49;24;;DIM;9.5;142;2 Dimmer 00 (2)                     ;1000.0;FRENTE;FT 115_4.1;37.2549019608;5290.1960784314;1.4694989107
49;25;;DIM;9.5;142;2 Dimmer 00 (2)                     ;1000.0;FRENTE;FT 115_4.2;37.2549019608;5290.1960784314;1.4694989107
49;26;;DIM;9.5;142;2 Dimmer 00 (2)                     ;1000.0;FRENTE;FT 115_4.3;37.2549019608;5290.1960784314;1.4694989107
49;27;;DIM;0;142;2 Dimmer 00 (2)                     ;1000.0;CONTRA;CRT 201_1.1;0.0;0.0;0.0
49;28;;DIM;0;142;2 Dimmer 00 (2)                     ;1000.0;CONTRA;CRT 201_1.2;0.0;0.0;0.0
49;29;;DIM;0;142;2 Dimmer 00 (2)                     ;1000.0;CONTRA;CRT 201_1.3;0.0;0.0;0.0
49;30;;DIM;0;142;2 Dimmer 00 (2)                     ;1000.0;CONTRA;CRT 201_1.4;0.0;0.0;0.0
49;31;;DIM;0;142;2 Dimmer 00 (2)                     ;1000.0;CONTRA;CRT 201_2.1;0.0;0.0;0.0
49;32;;DIM;0;142;2 Dimmer 00 (2)                     ;1000.0;CONTRA;CRT 201_2.2;0.0;0.0;0.0
49;33;;DIM;0;142;2 Dimmer 00 (2)                     ;1000.0;CONTRA;CRT 201_2.3;0.0;0.0;0.0
49;34;;DIM;31;142;2 Dimmer 00 (2)                     ;1000.0;CONTRA;CRT 115_1.1;121.568627451;17262.7450980392;4.7952069717
49;35;;DIM;31;142;2 Dimmer 00 (2)                     ;1000.0;CONTRA;CRT 115_1.2;121.568627451;17262.7450980392;4.7952069717
49;36;;DIM;22;142;2 Dimmer 00 (2)                     ;1000.0;CONTRA;CRT 115_1.3;86.2745098039;12250.9803921569;3.4030501089
49;37;;DIM;31;142;2 Dimmer 00 (2)                     ;1000.0;CONTRA;CRT 115_1.4;121.568627451;17262.7450980392;4.7952069717
49;38;;DIM;31;142;2 Dimmer 00 (2)                     ;1000.0;CONTRA;CRT 115_2.1;121.568627451;17262.7450980392;4.7952069717
49;39;;DIM;31;142;2 Dimmer 00 (2)                     ;1000.0;CONTRA;CRT 115_2.2;121.568627451;17262.7450980392;4.7952069717
49;40;;DIM;22;142;2 Dimmer 00 (2)                     ;1000.0;CONTRA;CRT 115_2.3;86.2745098039;12250.9803921569;3.4030501089
49;41;;DIM;32.5;142;2 Dimmer 00 (2)                     ;750.0;LEQUE ;PAREDE 1;95.5882352941;13573.5294117647;3.7704248366
49;42;;DIM;32.5;142;2 Dimmer 00 (2)                     ;750.0;LEQUE ;PAREDE 2;95.5882352941;13573.5294117647;3.7704248366
49;43;;DIM;32.5;142;2 Dimmer 00 (2)                     ;750.0;LEQUE ;PAREDE 3;95.5882352941;13573.5294117647;3.7704248366
49;44;;DIM;32.5;142;2 Dimmer 00 (2)                     ;750.0;LEQUE ;PAREDE 4;95.5882352941;13573.5294117647;3.7704248366
49;45;;DIM;32.5;142;2 Dimmer 00 (2)                     ;750.0;LEQUE ;PAREDE 5;95.5882352941;13573.5294117647;3.7704248366
49;46;;DIM;32.5;142;2 Dimmer 00 (2)                     ;750.0;LEQUE ;PAREDE 6;95.5882352941;13573.5294117647;3.7704248366
49;47;;DIM;32.5;142;2 Dimmer 00 (2)                     ;750.0;LEQUE ;PAREDE 7;95.5882352941;13573.5294117647;3.7704248366
49;48;;DIM;0;142;2 Dimmer 00 (2)                     ;1000.0;LATERA;RED 1;0.0;0.0;0.0
49;49;;DIM;0;142;2 Dimmer 00 (2)                     ;1000.0;LATERA;RED 2;0.0;0.0;0.0
49;50;;DIM;0;142;2 Dimmer 00 (2)                     ;1000.0;LATERA;RED 3;0.0;0.0;0.0
49;51;;DIM;0;142;2 Dimmer 00 (2)                     ;1000.0;LATERA;RED 4;0.0;0.0;0.0
49;52;;DIM;0;142;2 Dimmer 00 (2)                     ;750.0;BANHEI;BANHEIRA FRT;0.0;0.0;0.0
49;53;;DIM;0;142;2 Dimmer 00 (2)                     ;750.0;BANHEI;BANHEIRA PIC.;0.0;0.0;0.0
49;54;;DIM;45.5;142;2 Dimmer 00 (2)                     ;750.0;BANHEI;BANHEIRA CRT;133.8235294118;19002.9411764706;5.2785947712
49;55;;DIM;17.5;142;2 Dimmer 00 (2)                     ;1000.0;BANCOS;BANCO FR L;68.6274509804;9745.0980392157;2.7069716776
49;56;;DIM;0;142;2 Dimmer 00 (2)                     ;1000.0;BANCOS;BANCO CRT L;0.0;0.0;0.0
49;57;;DIM;0;142;2 Dimmer 00 (2)                     ;1000.0;BANCOS;BANCO FR R;0.0;0.0;0.0
49;58;;DIM;0;142;2 Dimmer 00 (2)                     ;1000.0;BANCOS;BANCO CRT R;0.0;0.0;0.0
49;59;;DIM;0;142;2 Dimmer 00 (2)                     ;750.0;CADEIR;COUMIER;0.0;0.0;0.0
49;60;;DIM;14.68;142;2 Dimmer 00 (2)                     ;750.0;GUILHO;GUILHO PIC.;43.1660882353;6129.5845294118;1.7026623693
49;61;;DIM;0;142;2 Dimmer 00 (2)                     ;750.0;GUILHO;GUILHO CRT;0.0;0.0;0.0
49;62;;DIM;0;142;2 Dimmer 00 (2)                     ;1000.0;CANTOR;CANTORES CRT;0.0;0.0;0.0
49;63;;DIM;0;142;2 Dimmer 00 (2)                     ;1000.0;PORTA ;PORTA FR PICADO;0.0;0.0;0.0
49;64;;DIM;0;142;2 Dimmer 00 (2)                     ;1000.0;PORTA ;PORTA CRT;0.0;0.0;0.0
49;73;;DIM;0;142;2 Dimmer 00 (2)                     ;750.0;PORTA ;PORTA RÉGIE;0.0;0.0;0.0
49;65;;DIM;0;142;2 Dimmer 00 (2)                     ;1000.0;MUSICO;MUSICO FR;0.0;0.0;0.0
49;66;;DIM;0;142;2 Dimmer 00 (2)                     ;1000.0;MUSICO;PAUTAS CRT;0.0;0.0;0.0
49;67;;DIM;0;142;2 Dimmer 00 (2)                     ;750.0;MUSICO;KEYS;0.0;0.0;0.0
49;68;;DIM;7.5;142;2 Dimmer 00 (2)                     ;1000.0;ALCOVA;DIR ALCOVA;29.4117647059;4176.4705882353;1.160130719
49;69;;DIM;0;142;2 Dimmer 00 (2)                     ;1000.0;ALCOVA;BANHEIRA DIR;0.0;0.0;0.0
49;70;;DIM;7.5;142;2 Dimmer 00 (2)                     ;750.0;ALCOVA;ESQ ALCOVA;22.0588235294;3132.3529411765;0.8700980392
49;71;;DIM;25;142;2 Dimmer 00 (2)                     ;750.0;ALCOVA;BANHEIRA ESQ;73.5294117647;10441.1764705882;2.9003267974
49;72;;DIM;0;142;2 Dimmer 00 (2)                     ;3000.0;FUMO  ;VAPOR;0.0;0.0;0.0
49;231;;DIM;0;142;2 Dimmer 00 (2)                     ;3000.0;VENTOI;FAN 1;0.0;0.0;0.0
49;232;;DIM;0;142;2 Dimmer 00 (2)                     ;1000.0;CODA P;PUB 1;0.0;0.0;0.0
49;233;;DIM;0;142;2 Dimmer 00 (2)                     ;1000.0;CODA P;PUB 2;0.0;0.0;0.0
49;234;;DIM;0;142;2 Dimmer 00 (2)                     ;1000.0;CODA P;PUB 3;0.0;0.0;0.0
49;235;;DIM;0;142;2 Dimmer 00 (2)                     ;1000.0;CODA P;PUB 4;0.0;0.0;0.0
52;1;;DIM;0;117;2 Dimmer 00 (2)                     ;2000.0;FRENTE;FT 1.1;0.0;0.0;0.0
52;2;;DIM;0;117;2 Dimmer 00 (2)                     ;2000.0;FRENTE;FT 1.2;0.0;0.0;0.0
52;3;;DIM;0;117;2 Dimmer 00 (2)                     ;2000.0;FRENTE;FT 1.3;0.0;0.0;0.0
52;4;;DIM;0;117;2 Dimmer 00 (2)                     ;2000.0;FRENTE;FT 1.4;0.0;0.0;0.0
52;5;;DIM;0;117;2 Dimmer 00 (2)                     ;2000.0;FRENTE;FT 1.5;0.0;0.0;0.0
52;6;;DIM;0;117;2 Dimmer 00 (2)                     ;2000.0;FRENTE;FT 2.1;0.0;0.0;0.0
52;7;;DIM;0;117;2 Dimmer 00 (2)                     ;2000.0;FRENTE;FT 2.2;0.0;0.0;0.0
52;8;;DIM;21;117;2 Dimmer 00 (2)                     ;2000.0;FRENTE;FT 2.3;164.7058823529;19270.5882352941;5.3529411765
52;9;;DIM;22.5;117;2 Dimmer 00 (2)                     ;2000.0;FRENTE;FT 2.4;176.4705882353;20647.0588235294;5.7352941176
52;10;;DIM;0;117;2 Dimmer 00 (2)                     ;2000.0;FRENTE;FT 2.5;0.0;0.0;0.0
52;11;;DIM;15.5;117;2 Dimmer 00 (2)                     ;1000.0;FRENTE;FT 201_3.1;60.7843137255;7111.7647058824;1.9754901961
52;12;;DIM;15.5;117;2 Dimmer 00 (2)                     ;1000.0;FRENTE;FT 201_3.2;60.7843137255;7111.7647058824;1.9754901961
52;13;;DIM;15.5;117;2 Dimmer 00 (2)                     ;1000.0;FRENTE;FT 201_3.3;60.7843137255;7111.7647058824;1.9754901961
52;14;;DIM;15.5;117;2 Dimmer 00 (2)                     ;1000.0;FRENTE;FT 201_3.4;60.7843137255;7111.7647058824;1.9754901961
52;15;;DIM;15.5;117;2 Dimmer 00 (2)                     ;1000.0;FRENTE;FT 201_3.5;60.7843137255;7111.7647058824;1.9754901961
52;16;;DIM;0.5;117;2 Dimmer 00 (2)                     ;1000.0;FRENTE;FT 201_4.1;500.0;58500.0;16.25
52;17;;DIM;0.5;117;2 Dimmer 00 (2)                     ;1000.0;FRENTE;FT 201_4.2;500.0;58500.0;16.25
52;18;;DIM;0.5;117;2 Dimmer 00 (2)                     ;1000.0;FRENTE;FT 201_4.3;500.0;58500.0;16.25
52;19;;DIM;9.5;117;2 Dimmer 00 (2)                     ;1000.0;FRENTE;FT 115_3.1;37.2549019608;4358.8235294118;1.2107843137
52;20;;DIM;9.5;117;2 Dimmer 00 (2)                     ;1000.0;FRENTE;FT 115_3.2;37.2549019608;4358.8235294118;1.2107843137
52;21;;DIM;9.5;117;2 Dimmer 00 (2)                     ;1000.0;FRENTE;FT 115_3.3;37.2549019608;4358.8235294118;1.2107843137
52;22;;DIM;9.5;117;2 Dimmer 00 (2)                     ;1000.0;FRENTE;FT 115_3.4;37.2549019608;4358.8235294118;1.2107843137
52;23;;DIM;9.5;117;2 Dimmer 00 (2)                     ;1000.0;FRENTE;FT 115_3.5;37.2549019608;4358.8235294118;1.2107843137
52;24;;DIM;9.5;117;2 Dimmer 00 (2)                     ;1000.0;FRENTE;FT 115_4.1;37.2549019608;4358.8235294118;1.2107843137
52;25;;DIM;9.5;117;2 Dimmer 00 (2)                     ;1000.0;FRENTE;FT 115_4.2;37.2549019608;4358.8235294118;1.2107843137
52;26;;DIM;9.5;117;2 Dimmer 00 (2)                     ;1000.0;FRENTE;FT 115_4.3;37.2549019608;4358.8235294118;1.2107843137
52;27;;DIM;0;117;2 Dimmer 00 (2)                     ;1000.0;CONTRA;CRT 201_1.1;0.0;0.0;0.0
52;28;;DIM;0;117;2 Dimmer 00 (2)                     ;1000.0;CONTRA;CRT 201_1.2;0.0;0.0;0.0
52;29;;DIM;0;117;2 Dimmer 00 (2)                     ;1000.0;CONTRA;CRT 201_1.3;0.0;0.0;0.0
52;30;;DIM;0;117;2 Dimmer 00 (2)                     ;1000.0;CONTRA;CRT 201_1.4;0.0;0.0;0.0
52;31;;DIM;0;117;2 Dimmer 00 (2)                     ;1000.0;CONTRA;CRT 201_2.1;0.0;0.0;0.0
52;32;;DIM;0;117;2 Dimmer 00 (2)                     ;1000.0;CONTRA;CRT 201_2.2;0.0;0.0;0.0
52;33;;DIM;0;117;2 Dimmer 00 (2)                     ;1000.0;CONTRA;CRT 201_2.3;0.0;0.0;0.0
52;34;;DIM;1.5;117;2 Dimmer 00 (2)                     ;1000.0;CONTRA;CRT 115_1.1;5.8823529412;688.2352941176;0.1911764706
52;35;;DIM;1.5;117;2 Dimmer 00 (2)                     ;1000.0;CONTRA;CRT 115_1.2;5.8823529412;688.2352941176;0.1911764706
52;36;;DIM;0;117;2 Dimmer 00 (2)                     ;1000.0;CONTRA;CRT 115_1.3;0.0;0.0;0.0
52;37;;DIM;1.5;117;2 Dimmer 00 (2)                     ;1000.0;CONTRA;CRT 115_1.4;5.8823529412;688.2352941176;0.1911764706
52;38;;DIM;1.5;117;2 Dimmer 00 (2)                     ;1000.0;CONTRA;CRT 115_2.1;5.8823529412;688.2352941176;0.1911764706
52;39;;DIM;1.5;117;2 Dimmer 00 (2)                     ;1000.0;CONTRA;CRT 115_2.2;5.8823529412;688.2352941176;0.1911764706
52;40;;DIM;0;117;2 Dimmer 00 (2)                     ;1000.0;CONTRA;CRT 115_2.3;0.0;0.0;0.0
52;41;;DIM;1;117;2 Dimmer 00 (2)                     ;750.0;LEQUE ;PAREDE 1;750.0;87750.0;24.375
52;42;;DIM;1;117;2 Dimmer 00 (2)                     ;750.0;LEQUE ;PAREDE 2;750.0;87750.0;24.375
52;43;;DIM;1;117;2 Dimmer 00 (2)                     ;750.0;LEQUE ;PAREDE 3;750.0;87750.0;24.375
52;44;;DIM;1;117;2 Dimmer 00 (2)                     ;750.0;LEQUE ;PAREDE 4;750.0;87750.0;24.375
52;45;;DIM;1;117;2 Dimmer 00 (2)                     ;750.0;LEQUE ;PAREDE 5;750.0;87750.0;24.375
52;46;;DIM;1;117;2 Dimmer 00 (2)                     ;750.0;LEQUE ;PAREDE 6;750.0;87750.0;24.375
52;47;;DIM;1;117;2 Dimmer 00 (2)                     ;750.0;LEQUE ;PAREDE 7;750.0;87750.0;24.375
52;48;;DIM;64;117;2 Dimmer 00 (2)                     ;1000.0;LATERA;RED 1;250.9803921569;29364.7058823529;8.1568627451
52;49;;DIM;64;117;2 Dimmer 00 (2)                     ;1000.0;LATERA;RED 2;250.9803921569;29364.7058823529;8.1568627451
52;50;;DIM;64;117;2 Dimmer 00 (2)                     ;1000.0;LATERA;RED 3;250.9803921569;29364.7058823529;8.1568627451
52;51;;DIM;64;117;2 Dimmer 00 (2)                     ;1000.0;LATERA;RED 4;250.9803921569;29364.7058823529;8.1568627451
52;52;;DIM;0;117;2 Dimmer 00 (2)                     ;750.0;BANHEI;BANHEIRA FRT;0.0;0.0;0.0
52;53;;DIM;0;117;2 Dimmer 00 (2)                     ;750.0;BANHEI;BANHEIRA PIC.;0.0;0.0;0.0
52;54;;DIM;45.5;117;2 Dimmer 00 (2)                     ;750.0;BANHEI;BANHEIRA CRT;133.8235294118;15657.3529411765;4.3492647059
52;55;;DIM;0;117;2 Dimmer 00 (2)                     ;1000.0;BANCOS;BANCO FR L;0.0;0.0;0.0
52;56;;DIM;0;117;2 Dimmer 00 (2)                     ;1000.0;BANCOS;BANCO CRT L;0.0;0.0;0.0
52;57;;DIM;0;117;2 Dimmer 00 (2)                     ;1000.0;BANCOS;BANCO FR R;0.0;0.0;0.0
52;58;;DIM;0;117;2 Dimmer 00 (2)                     ;1000.0;BANCOS;BANCO CRT R;0.0;0.0;0.0
52;59;;DIM;0;117;2 Dimmer 00 (2)                     ;750.0;CADEIR;COUMIER;0.0;0.0;0.0
52;60;;DIM;0;117;2 Dimmer 00 (2)                     ;750.0;GUILHO;GUILHO PIC.;0.0;0.0;0.0
52;61;;DIM;0;117;2 Dimmer 00 (2)                     ;750.0;GUILHO;GUILHO CRT;0.0;0.0;0.0
52;62;;DIM;0;117;2 Dimmer 00 (2)                     ;1000.0;CANTOR;CANTORES CRT;0.0;0.0;0.0
52;63;;DIM;30;117;2 Dimmer 00 (2)                     ;1000.0;PORTA ;PORTA FR PICADO;117.6470588235;13764.7058823529;3.8235294118
52;64;;DIM;0;117;2 Dimmer 00 (2)                     ;1000.0;PORTA ;PORTA CRT;0.0;0.0;0.0
52;73;;DIM;0;117;2 Dimmer 00 (2)                     ;750.0;PORTA ;PORTA RÉGIE;0.0;0.0;0.0
52;65;;DIM;0;117;2 Dimmer 00 (2)                     ;1000.0;MUSICO;MUSICO FR;0.0;0.0;0.0
52;66;;DIM;0;117;2 Dimmer 00 (2)                     ;1000.0;MUSICO;PAUTAS CRT;0.0;0.0;0.0
52;67;;DIM;0;117;2 Dimmer 00 (2)                     ;750.0;MUSICO;KEYS;0.0;0.0;0.0
52;68;;DIM;6.5;117;2 Dimmer 00 (2)                     ;1000.0;ALCOVA;DIR ALCOVA;25.4901960784;2982.3529411765;0.8284313725
52;69;;DIM;25;117;2 Dimmer 00 (2)                     ;1000.0;ALCOVA;BANHEIRA DIR;98.0392156863;11470.5882352941;3.1862745098
52;70;;DIM;6.5;117;2 Dimmer 00 (2)                     ;750.0;ALCOVA;ESQ ALCOVA;19.1176470588;2236.7647058824;0.6213235294
52;71;;DIM;25;117;2 Dimmer 00 (2)                     ;750.0;ALCOVA;BANHEIRA ESQ;73.5294117647;8602.9411764706;2.3897058824
52;72;;DIM;0;117;2 Dimmer 00 (2)                     ;3000.0;FUMO  ;VAPOR;0.0;0.0;0.0
52;231;;DIM;0;117;2 Dimmer 00 (2)                     ;3000.0;VENTOI;FAN 1;0.0;0.0;0.0
52;232;;DIM;0;117;2 Dimmer 00 (2)                     ;1000.0;CODA P;PUB 1;0.0;0.0;0.0
52;233;;DIM;0;117;2 Dimmer 00 (2)                     ;1000.0;CODA P;PUB 2;0.0;0.0;0.0
52;234;;DIM;0;117;2 Dimmer 00 (2)                     ;1000.0;CODA P;PUB 3;0.0;0.0;0.0
52;235;;DIM;0;117;2 Dimmer 00 (2)                     ;1000.0;CODA P;PUB 4;0.0;0.0;0.0
53;1;;DIM;0;389;2 Dimmer 00 (2)                     ;2000.0;FRENTE;FT 1.1;0.0;0.0;0.0
53;2;;DIM;0;389;2 Dimmer 00 (2)                     ;2000.0;FRENTE;FT 1.2;0.0;0.0;0.0
53;3;;DIM;0;389;2 Dimmer 00 (2)                     ;2000.0;FRENTE;FT 1.3;0.0;0.0;0.0
53;4;;DIM;0;389;2 Dimmer 00 (2)                     ;2000.0;FRENTE;FT 1.4;0.0;0.0;0.0
53;5;;DIM;0;389;2 Dimmer 00 (2)                     ;2000.0;FRENTE;FT 1.5;0.0;0.0;0.0
53;6;;DIM;0;389;2 Dimmer 00 (2)                     ;2000.0;FRENTE;FT 2.1;0.0;0.0;0.0
53;7;;DIM;0;389;2 Dimmer 00 (2)                     ;2000.0;FRENTE;FT 2.2;0.0;0.0;0.0
53;8;;DIM;21;389;2 Dimmer 00 (2)                     ;2000.0;FRENTE;FT 2.3;164.7058823529;64070.5882352941;17.7973856209
53;9;;DIM;22.5;389;2 Dimmer 00 (2)                     ;2000.0;FRENTE;FT 2.4;176.4705882353;68647.0588235294;19.068627451
53;10;;DIM;0;389;2 Dimmer 00 (2)                     ;2000.0;FRENTE;FT 2.5;0.0;0.0;0.0
53;11;;DIM;15.5;389;2 Dimmer 00 (2)                     ;1000.0;FRENTE;FT 201_3.1;60.7843137255;23645.0980392157;6.5680827887
53;12;;DIM;15.5;389;2 Dimmer 00 (2)                     ;1000.0;FRENTE;FT 201_3.2;60.7843137255;23645.0980392157;6.5680827887
53;13;;DIM;15.5;389;2 Dimmer 00 (2)                     ;1000.0;FRENTE;FT 201_3.3;60.7843137255;23645.0980392157;6.5680827887
53;14;;DIM;15.5;389;2 Dimmer 00 (2)                     ;1000.0;FRENTE;FT 201_3.4;60.7843137255;23645.0980392157;6.5680827887
53;15;;DIM;15.5;389;2 Dimmer 00 (2)                     ;1000.0;FRENTE;FT 201_3.5;60.7843137255;23645.0980392157;6.5680827887
53;16;;DIM;0.5;389;2 Dimmer 00 (2)                     ;1000.0;FRENTE;FT 201_4.1;500.0;194500.0;54.0277777778
53;17;;DIM;0.5;389;2 Dimmer 00 (2)                     ;1000.0;FRENTE;FT 201_4.2;500.0;194500.0;54.0277777778
53;18;;DIM;0.5;389;2 Dimmer 00 (2)                     ;1000.0;FRENTE;FT 201_4.3;500.0;194500.0;54.0277777778
53;19;;DIM;9.5;389;2 Dimmer 00 (2)                     ;1000.0;FRENTE;FT 115_3.1;37.2549019608;14492.1568627451;4.0255991285
53;20;;DIM;9.5;389;2 Dimmer 00 (2)                     ;1000.0;FRENTE;FT 115_3.2;37.2549019608;14492.1568627451;4.0255991285
53;21;;DIM;9.5;389;2 Dimmer 00 (2)                     ;1000.0;FRENTE;FT 115_3.3;37.2549019608;14492.1568627451;4.0255991285
53;22;;DIM;9.5;389;2 Dimmer 00 (2)                     ;1000.0;FRENTE;FT 115_3.4;37.2549019608;14492.1568627451;4.0255991285
53;23;;DIM;9.5;389;2 Dimmer 00 (2)                     ;1000.0;FRENTE;FT 115_3.5;37.2549019608;14492.1568627451;4.0255991285
53;24;;DIM;9.5;389;2 Dimmer 00 (2)                     ;1000.0;FRENTE;FT 115_4.1;37.2549019608;14492.1568627451;4.0255991285
53;25;;DIM;9.5;389;2 Dimmer 00 (2)                     ;1000.0;FRENTE;FT 115_4.2;37.2549019608;14492.1568627451;4.0255991285
53;26;;DIM;9.5;389;2 Dimmer 00 (2)                     ;1000.0;FRENTE;FT 115_4.3;37.2549019608;14492.1568627451;4.0255991285
53;27;;DIM;0;389;2 Dimmer 00 (2)                     ;1000.0;CONTRA;CRT 201_1.1;0.0;0.0;0.0
53;28;;DIM;0;389;2 Dimmer 00 (2)                     ;1000.0;CONTRA;CRT 201_1.2;0.0;0.0;0.0
53;29;;DIM;0;389;2 Dimmer 00 (2)                     ;1000.0;CONTRA;CRT 201_1.3;0.0;0.0;0.0
53;30;;DIM;0;389;2 Dimmer 00 (2)                     ;1000.0;CONTRA;CRT 201_1.4;0.0;0.0;0.0
53;31;;DIM;0;389;2 Dimmer 00 (2)                     ;1000.0;CONTRA;CRT 201_2.1;0.0;0.0;0.0
53;32;;DIM;0;389;2 Dimmer 00 (2)                     ;1000.0;CONTRA;CRT 201_2.2;0.0;0.0;0.0
53;33;;DIM;0;389;2 Dimmer 00 (2)                     ;1000.0;CONTRA;CRT 201_2.3;0.0;0.0;0.0
53;34;;DIM;1.5;389;2 Dimmer 00 (2)                     ;1000.0;CONTRA;CRT 115_1.1;5.8823529412;2288.2352941176;0.635620915
53;35;;DIM;1.5;389;2 Dimmer 00 (2)                     ;1000.0;CONTRA;CRT 115_1.2;5.8823529412;2288.2352941176;0.635620915
53;36;;DIM;0;389;2 Dimmer 00 (2)                     ;1000.0;CONTRA;CRT 115_1.3;0.0;0.0;0.0
53;37;;DIM;1.5;389;2 Dimmer 00 (2)                     ;1000.0;CONTRA;CRT 115_1.4;5.8823529412;2288.2352941176;0.635620915
53;38;;DIM;1.5;389;2 Dimmer 00 (2)                     ;1000.0;CONTRA;CRT 115_2.1;5.8823529412;2288.2352941176;0.635620915
53;39;;DIM;1.5;389;2 Dimmer 00 (2)                     ;1000.0;CONTRA;CRT 115_2.2;5.8823529412;2288.2352941176;0.635620915
53;40;;DIM;0;389;2 Dimmer 00 (2)                     ;1000.0;CONTRA;CRT 115_2.3;0.0;0.0;0.0
53;41;;DIM;1;389;2 Dimmer 00 (2)                     ;750.0;LEQUE ;PAREDE 1;750.0;291750.0;81.0416666667
53;42;;DIM;1;389;2 Dimmer 00 (2)                     ;750.0;LEQUE ;PAREDE 2;750.0;291750.0;81.0416666667
53;43;;DIM;1;389;2 Dimmer 00 (2)                     ;750.0;LEQUE ;PAREDE 3;750.0;291750.0;81.0416666667
53;44;;DIM;1;389;2 Dimmer 00 (2)                     ;750.0;LEQUE ;PAREDE 4;750.0;291750.0;81.0416666667
53;45;;DIM;1;389;2 Dimmer 00 (2)                     ;750.0;LEQUE ;PAREDE 5;750.0;291750.0;81.0416666667
53;46;;DIM;1;389;2 Dimmer 00 (2)                     ;750.0;LEQUE ;PAREDE 6;750.0;291750.0;81.0416666667
53;47;;DIM;1;389;2 Dimmer 00 (2)                     ;750.0;LEQUE ;PAREDE 7;750.0;291750.0;81.0416666667
53;48;;DIM;64;389;2 Dimmer 00 (2)                     ;1000.0;LATERA;RED 1;250.9803921569;97631.3725490196;27.1198257081
53;49;;DIM;64;389;2 Dimmer 00 (2)                     ;1000.0;LATERA;RED 2;250.9803921569;97631.3725490196;27.1198257081
53;50;;DIM;64;389;2 Dimmer 00 (2)                     ;1000.0;LATERA;RED 3;250.9803921569;97631.3725490196;27.1198257081
53;51;;DIM;64;389;2 Dimmer 00 (2)                     ;1000.0;LATERA;RED 4;250.9803921569;97631.3725490196;27.1198257081
53;52;;DIM;0;389;2 Dimmer 00 (2)                     ;750.0;BANHEI;BANHEIRA FRT;0.0;0.0;0.0
53;53;;DIM;0;389;2 Dimmer 00 (2)                     ;750.0;BANHEI;BANHEIRA PIC.;0.0;0.0;0.0
53;54;;DIM;45.5;389;2 Dimmer 00 (2)                     ;750.0;BANHEI;BANHEIRA CRT;133.8235294118;52057.3529411765;14.460375817
53;55;;DIM;0;389;2 Dimmer 00 (2)                     ;1000.0;BANCOS;BANCO FR L;0.0;0.0;0.0
53;56;;DIM;0;389;2 Dimmer 00 (2)                     ;1000.0;BANCOS;BANCO CRT L;0.0;0.0;0.0
53;57;;DIM;0;389;2 Dimmer 00 (2)                     ;1000.0;BANCOS;BANCO FR R;0.0;0.0;0.0
53;58;;DIM;0;389;2 Dimmer 00 (2)                     ;1000.0;BANCOS;BANCO CRT R;0.0;0.0;0.0
53;59;;DIM;0;389;2 Dimmer 00 (2)                     ;750.0;CADEIR;COUMIER;0.0;0.0;0.0
53;60;;DIM;0;389;2 Dimmer 00 (2)                     ;750.0;GUILHO;GUILHO PIC.;0.0;0.0;0.0
53;61;;DIM;0;389;2 Dimmer 00 (2)                     ;750.0;GUILHO;GUILHO CRT;0.0;0.0;0.0
53;62;;DIM;0;389;2 Dimmer 00 (2)                     ;1000.0;CANTOR;CANTORES CRT;0.0;0.0;0.0
53;63;;DIM;0;389;2 Dimmer 00 (2)                     ;1000.0;PORTA ;PORTA FR PICADO;0.0;0.0;0.0
53;64;;DIM;0;389;2 Dimmer 00 (2)                     ;1000.0;PORTA ;PORTA CRT;0.0;0.0;0.0
53;73;;DIM;0;389;2 Dimmer 00 (2)                     ;750.0;PORTA ;PORTA RÉGIE;0.0;0.0;0.0
53;65;;DIM;0;389;2 Dimmer 00 (2)                     ;1000.0;MUSICO;MUSICO FR;0.0;0.0;0.0
53;66;;DIM;0;389;2 Dimmer 00 (2)                     ;1000.0;MUSICO;PAUTAS CRT;0.0;0.0;0.0
53;67;;DIM;0;389;2 Dimmer 00 (2)                     ;750.0;MUSICO;KEYS;0.0;0.0;0.0
53;68;;DIM;6.5;389;2 Dimmer 00 (2)                     ;1000.0;ALCOVA;DIR ALCOVA;25.4901960784;9915.6862745098;2.7543572985
53;69;;DIM;25;389;2 Dimmer 00 (2)                     ;1000.0;ALCOVA;BANHEIRA DIR;98.0392156863;38137.2549019608;10.5936819172
53;70;;DIM;6.5;389;2 Dimmer 00 (2)                     ;750.0;ALCOVA;ESQ ALCOVA;19.1176470588;7436.7647058824;2.0657679739
53;71;;DIM;25;389;2 Dimmer 00 (2)                     ;750.0;ALCOVA;BANHEIRA ESQ;73.5294117647;28602.9411764706;7.9452614379
53;72;;DIM;0;389;2 Dimmer 00 (2)                     ;3000.0;FUMO  ;VAPOR;0.0;0.0;0.0
53;231;;DIM;0;389;2 Dimmer 00 (2)                     ;3000.0;VENTOI;FAN 1;0.0;0.0;0.0
53;232;;DIM;0;389;2 Dimmer 00 (2)                     ;1000.0;CODA P;PUB 1;0.0;0.0;0.0
53;233;;DIM;0;389;2 Dimmer 00 (2)                     ;1000.0;CODA P;PUB 2;0.0;0.0;0.0
53;234;;DIM;0;389;2 Dimmer 00 (2)                     ;1000.0;CODA P;PUB 3;0.0;0.0;0.0
53;235;;DIM;0;389;2 Dimmer 00 (2)                     ;1000.0;CODA P;PUB 4;0.0;0.0;0.0
54;1;;DIM;0;257;2 Dimmer 00 (2)                     ;2000.0;FRENTE;FT 1.1;0.0;0.0;0.0
54;2;;DIM;0;257;2 Dimmer 00 (2)                     ;2000.0;FRENTE;FT 1.2;0.0;0.0;0.0
54;3;;DIM;0;257;2 Dimmer 00 (2)                     ;2000.0;FRENTE;FT 1.3;0.0;0.0;0.0
54;4;;DIM;0;257;2 Dimmer 00 (2)                     ;2000.0;FRENTE;FT 1.4;0.0;0.0;0.0
54;5;;DIM;0;257;2 Dimmer 00 (2)                     ;2000.0;FRENTE;FT 1.5;0.0;0.0;0.0
54;6;;DIM;0;257;2 Dimmer 00 (2)                     ;2000.0;FRENTE;FT 2.1;0.0;0.0;0.0
54;7;;DIM;0;257;2 Dimmer 00 (2)                     ;2000.0;FRENTE;FT 2.2;0.0;0.0;0.0
54;8;;DIM;0;257;2 Dimmer 00 (2)                     ;2000.0;FRENTE;FT 2.3;0.0;0.0;0.0
54;9;;DIM;0;257;2 Dimmer 00 (2)                     ;2000.0;FRENTE;FT 2.4;0.0;0.0;0.0
54;10;;DIM;0;257;2 Dimmer 00 (2)                     ;2000.0;FRENTE;FT 2.5;0.0;0.0;0.0
54;11;;DIM;15.5;257;2 Dimmer 00 (2)                     ;1000.0;FRENTE;FT 201_3.1;60.7843137255;15621.568627451;4.3393246187
54;12;;DIM;15.5;257;2 Dimmer 00 (2)                     ;1000.0;FRENTE;FT 201_3.2;60.7843137255;15621.568627451;4.3393246187
54;13;;DIM;15.5;257;2 Dimmer 00 (2)                     ;1000.0;FRENTE;FT 201_3.3;60.7843137255;15621.568627451;4.3393246187
54;14;;DIM;15.5;257;2 Dimmer 00 (2)                     ;1000.0;FRENTE;FT 201_3.4;60.7843137255;15621.568627451;4.3393246187
54;15;;DIM;15.5;257;2 Dimmer 00 (2)                     ;1000.0;FRENTE;FT 201_3.5;60.7843137255;15621.568627451;4.3393246187
54;16;;DIM;0.5;257;2 Dimmer 00 (2)                     ;1000.0;FRENTE;FT 201_4.1;500.0;128500.0;35.6944444444
54;17;;DIM;0.5;257;2 Dimmer 00 (2)                     ;1000.0;FRENTE;FT 201_4.2;500.0;128500.0;35.6944444444
54;18;;DIM;0.5;257;2 Dimmer 00 (2)                     ;1000.0;FRENTE;FT 201_4.3;500.0;128500.0;35.6944444444
54;19;;DIM;9.5;257;2 Dimmer 00 (2)                     ;1000.0;FRENTE;FT 115_3.1;37.2549019608;9574.5098039216;2.6595860566
54;20;;DIM;9.5;257;2 Dimmer 00 (2)                     ;1000.0;FRENTE;FT 115_3.2;37.2549019608;9574.5098039216;2.6595860566
54;21;;DIM;9.5;257;2 Dimmer 00 (2)                     ;1000.0;FRENTE;FT 115_3.3;37.2549019608;9574.5098039216;2.6595860566
54;22;;DIM;9.5;257;2 Dimmer 00 (2)                     ;1000.0;FRENTE;FT 115_3.4;37.2549019608;9574.5098039216;2.6595860566
54;23;;DIM;9.5;257;2 Dimmer 00 (2)                     ;1000.0;FRENTE;FT 115_3.5;37.2549019608;9574.5098039216;2.6595860566
54;24;;DIM;9.5;257;2 Dimmer 00 (2)                     ;1000.0;FRENTE;FT 115_4.1;37.2549019608;9574.5098039216;2.6595860566
54;25;;DIM;9.5;257;2 Dimmer 00 (2)                     ;1000.0;FRENTE;FT 115_4.2;37.2549019608;9574.5098039216;2.6595860566
54;26;;DIM;9.5;257;2 Dimmer 00 (2)                     ;1000.0;FRENTE;FT 115_4.3;37.2549019608;9574.5098039216;2.6595860566
54;27;;DIM;0;257;2 Dimmer 00 (2)                     ;1000.0;CONTRA;CRT 201_1.1;0.0;0.0;0.0
54;28;;DIM;0;257;2 Dimmer 00 (2)                     ;1000.0;CONTRA;CRT 201_1.2;0.0;0.0;0.0
54;29;;DIM;0;257;2 Dimmer 00 (2)                     ;1000.0;CONTRA;CRT 201_1.3;0.0;0.0;0.0
54;30;;DIM;0;257;2 Dimmer 00 (2)                     ;1000.0;CONTRA;CRT 201_1.4;0.0;0.0;0.0
54;31;;DIM;0;257;2 Dimmer 00 (2)                     ;1000.0;CONTRA;CRT 201_2.1;0.0;0.0;0.0
54;32;;DIM;0;257;2 Dimmer 00 (2)                     ;1000.0;CONTRA;CRT 201_2.2;0.0;0.0;0.0
54;33;;DIM;0;257;2 Dimmer 00 (2)                     ;1000.0;CONTRA;CRT 201_2.3;0.0;0.0;0.0
54;34;;DIM;1.5;257;2 Dimmer 00 (2)                     ;1000.0;CONTRA;CRT 115_1.1;5.8823529412;1511.7647058824;0.4199346405
54;35;;DIM;1.5;257;2 Dimmer 00 (2)                     ;1000.0;CONTRA;CRT 115_1.2;5.8823529412;1511.7647058824;0.4199346405
54;36;;DIM;0;257;2 Dimmer 00 (2)                     ;1000.0;CONTRA;CRT 115_1.3;0.0;0.0;0.0
54;37;;DIM;1.5;257;2 Dimmer 00 (2)                     ;1000.0;CONTRA;CRT 115_1.4;5.8823529412;1511.7647058824;0.4199346405
54;38;;DIM;1.5;257;2 Dimmer 00 (2)                     ;1000.0;CONTRA;CRT 115_2.1;5.8823529412;1511.7647058824;0.4199346405
54;39;;DIM;1.5;257;2 Dimmer 00 (2)                     ;1000.0;CONTRA;CRT 115_2.2;5.8823529412;1511.7647058824;0.4199346405
54;40;;DIM;0;257;2 Dimmer 00 (2)                     ;1000.0;CONTRA;CRT 115_2.3;0.0;0.0;0.0
54;41;;DIM;1;257;2 Dimmer 00 (2)                     ;750.0;LEQUE ;PAREDE 1;750.0;192750.0;53.5416666667
54;42;;DIM;1;257;2 Dimmer 00 (2)                     ;750.0;LEQUE ;PAREDE 2;750.0;192750.0;53.5416666667
54;43;;DIM;1;257;2 Dimmer 00 (2)                     ;750.0;LEQUE ;PAREDE 3;750.0;192750.0;53.5416666667
54;44;;DIM;1;257;2 Dimmer 00 (2)                     ;750.0;LEQUE ;PAREDE 4;750.0;192750.0;53.5416666667
54;45;;DIM;1;257;2 Dimmer 00 (2)                     ;750.0;LEQUE ;PAREDE 5;750.0;192750.0;53.5416666667
54;46;;DIM;1;257;2 Dimmer 00 (2)                     ;750.0;LEQUE ;PAREDE 6;750.0;192750.0;53.5416666667
54;47;;DIM;1;257;2 Dimmer 00 (2)                     ;750.0;LEQUE ;PAREDE 7;750.0;192750.0;53.5416666667
54;48;;DIM;0;257;2 Dimmer 00 (2)                     ;1000.0;LATERA;RED 1;0.0;0.0;0.0
54;49;;DIM;0;257;2 Dimmer 00 (2)                     ;1000.0;LATERA;RED 2;0.0;0.0;0.0
54;50;;DIM;0;257;2 Dimmer 00 (2)                     ;1000.0;LATERA;RED 3;0.0;0.0;0.0
54;51;;DIM;0;257;2 Dimmer 00 (2)                     ;1000.0;LATERA;RED 4;0.0;0.0;0.0
54;52;;DIM;0;257;2 Dimmer 00 (2)                     ;750.0;BANHEI;BANHEIRA FRT;0.0;0.0;0.0
54;53;;DIM;0;257;2 Dimmer 00 (2)                     ;750.0;BANHEI;BANHEIRA PIC.;0.0;0.0;0.0
54;54;;DIM;45.5;257;2 Dimmer 00 (2)                     ;750.0;BANHEI;BANHEIRA CRT;133.8235294118;34392.6470588235;9.5535130719
54;55;;DIM;0;257;2 Dimmer 00 (2)                     ;1000.0;BANCOS;BANCO FR L;0.0;0.0;0.0
54;56;;DIM;0;257;2 Dimmer 00 (2)                     ;1000.0;BANCOS;BANCO CRT L;0.0;0.0;0.0
54;57;;DIM;0;257;2 Dimmer 00 (2)                     ;1000.0;BANCOS;BANCO FR R;0.0;0.0;0.0
54;58;;DIM;0;257;2 Dimmer 00 (2)                     ;1000.0;BANCOS;BANCO CRT R;0.0;0.0;0.0
54;59;;DIM;0;257;2 Dimmer 00 (2)                     ;750.0;CADEIR;COUMIER;0.0;0.0;0.0
54;60;;DIM;0;257;2 Dimmer 00 (2)                     ;750.0;GUILHO;GUILHO PIC.;0.0;0.0;0.0
54;61;;DIM;0;257;2 Dimmer 00 (2)                     ;750.0;GUILHO;GUILHO CRT;0.0;0.0;0.0
54;62;;DIM;0;257;2 Dimmer 00 (2)                     ;1000.0;CANTOR;CANTORES CRT;0.0;0.0;0.0
54;63;;DIM;0;257;2 Dimmer 00 (2)                     ;1000.0;PORTA ;PORTA FR PICADO;0.0;0.0;0.0
54;64;;DIM;0;257;2 Dimmer 00 (2)                     ;1000.0;PORTA ;PORTA CRT;0.0;0.0;0.0
54;73;;DIM;0;257;2 Dimmer 00 (2)                     ;750.0;PORTA ;PORTA RÉGIE;0.0;0.0;0.0
54;65;;DIM;0;257;2 Dimmer 00 (2)                     ;1000.0;MUSICO;MUSICO FR;0.0;0.0;0.0
54;66;;DIM;0;257;2 Dimmer 00 (2)                     ;1000.0;MUSICO;PAUTAS CRT;0.0;0.0;0.0
54;67;;DIM;0;257;2 Dimmer 00 (2)                     ;750.0;MUSICO;KEYS;0.0;0.0;0.0
54;68;;DIM;6.5;257;2 Dimmer 00 (2)                     ;1000.0;ALCOVA;DIR ALCOVA;25.4901960784;6550.9803921569;1.8197167756
54;69;;DIM;25;257;2 Dimmer 00 (2)                     ;1000.0;ALCOVA;BANHEIRA DIR;98.0392156863;25196.0784313725;6.9989106754
54;70;;DIM;6.5;257;2 Dimmer 00 (2)                     ;750.0;ALCOVA;ESQ ALCOVA;19.1176470588;4913.2352941176;1.3647875817
54;71;;DIM;25;257;2 Dimmer 00 (2)                     ;750.0;ALCOVA;BANHEIRA ESQ;73.5294117647;18897.0588235294;5.2491830065
54;72;;DIM;0;257;2 Dimmer 00 (2)                     ;3000.0;FUMO  ;VAPOR;0.0;0.0;0.0
54;231;;DIM;0;257;2 Dimmer 00 (2)                     ;3000.0;VENTOI;FAN 1;0.0;0.0;0.0
54;232;;DIM;0;257;2 Dimmer 00 (2)                     ;1000.0;CODA P;PUB 1;0.0;0.0;0.0
54;233;;DIM;0;257;2 Dimmer 00 (2)                     ;1000.0;CODA P;PUB 2;0.0;0.0;0.0
54;234;;DIM;0;257;2 Dimmer 00 (2)                     ;1000.0;CODA P;PUB 3;0.0;0.0;0.0
54;235;;DIM;0;257;2 Dimmer 00 (2)                     ;1000.0;CODA P;PUB 4;0.0;0.0;0.0
55;1;;DIM;56.5;219;2 Dimmer 00 (2)                     ;2000.0;FRENTE;FT 1.1;443.137254902;97047.0588235294;26.9575163399
55;2;;DIM;56.5;219;2 Dimmer 00 (2)                     ;2000.0;FRENTE;FT 1.2;443.137254902;97047.0588235294;26.9575163399
55;3;;DIM;56.5;219;2 Dimmer 00 (2)                     ;2000.0;FRENTE;FT 1.3;443.137254902;97047.0588235294;26.9575163399
55;4;;DIM;56.5;219;2 Dimmer 00 (2)                     ;2000.0;FRENTE;FT 1.4;443.137254902;97047.0588235294;26.9575163399
55;5;;DIM;56.5;219;2 Dimmer 00 (2)                     ;2000.0;FRENTE;FT 1.5;443.137254902;97047.0588235294;26.9575163399
55;6;;DIM;0;219;2 Dimmer 00 (2)                     ;2000.0;FRENTE;FT 2.1;0.0;0.0;0.0
55;7;;DIM;0;219;2 Dimmer 00 (2)                     ;2000.0;FRENTE;FT 2.2;0.0;0.0;0.0
55;8;;DIM;0;219;2 Dimmer 00 (2)                     ;2000.0;FRENTE;FT 2.3;0.0;0.0;0.0
55;9;;DIM;0;219;2 Dimmer 00 (2)                     ;2000.0;FRENTE;FT 2.4;0.0;0.0;0.0
55;10;;DIM;0;219;2 Dimmer 00 (2)                     ;2000.0;FRENTE;FT 2.5;0.0;0.0;0.0
55;11;;DIM;15.5;219;2 Dimmer 00 (2)                     ;1000.0;FRENTE;FT 201_3.1;60.7843137255;13311.7647058824;3.6977124183
55;12;;DIM;15.5;219;2 Dimmer 00 (2)                     ;1000.0;FRENTE;FT 201_3.2;60.7843137255;13311.7647058824;3.6977124183
55;13;;DIM;15.5;219;2 Dimmer 00 (2)                     ;1000.0;FRENTE;FT 201_3.3;60.7843137255;13311.7647058824;3.6977124183
55;14;;DIM;15.5;219;2 Dimmer 00 (2)                     ;1000.0;FRENTE;FT 201_3.4;60.7843137255;13311.7647058824;3.6977124183
55;15;;DIM;15.5;219;2 Dimmer 00 (2)                     ;1000.0;FRENTE;FT 201_3.5;60.7843137255;13311.7647058824;3.6977124183
55;16;;DIM;0.5;219;2 Dimmer 00 (2)                     ;1000.0;FRENTE;FT 201_4.1;500.0;109500.0;30.4166666667
55;17;;DIM;0.5;219;2 Dimmer 00 (2)                     ;1000.0;FRENTE;FT 201_4.2;500.0;109500.0;30.4166666667
55;18;;DIM;0.5;219;2 Dimmer 00 (2)                     ;1000.0;FRENTE;FT 201_4.3;500.0;109500.0;30.4166666667
55;19;;DIM;100;219;2 Dimmer 00 (2)                     ;1000.0;FRENTE;FT 115_3.1;392.1568627451;85882.3529411765;23.8562091503
55;20;;DIM;100;219;2 Dimmer 00 (2)                     ;1000.0;FRENTE;FT 115_3.2;392.1568627451;85882.3529411765;23.8562091503
55;21;;DIM;100;219;2 Dimmer 00 (2)                     ;1000.0;FRENTE;FT 115_3.3;392.1568627451;85882.3529411765;23.8562091503
55;22;;DIM;100;219;2 Dimmer 00 (2)                     ;1000.0;FRENTE;FT 115_3.4;392.1568627451;85882.3529411765;23.8562091503
55;23;;DIM;100;219;2 Dimmer 00 (2)                     ;1000.0;FRENTE;FT 115_3.5;392.1568627451;85882.3529411765;23.8562091503
55;24;;DIM;100;219;2 Dimmer 00 (2)                     ;1000.0;FRENTE;FT 115_4.1;392.1568627451;85882.3529411765;23.8562091503
55;25;;DIM;100;219;2 Dimmer 00 (2)                     ;1000.0;FRENTE;FT 115_4.2;392.1568627451;85882.3529411765;23.8562091503
55;26;;DIM;100;219;2 Dimmer 00 (2)                     ;1000.0;FRENTE;FT 115_4.3;392.1568627451;85882.3529411765;23.8562091503
55;27;;DIM;0;219;2 Dimmer 00 (2)                     ;1000.0;CONTRA;CRT 201_1.1;0.0;0.0;0.0
55;28;;DIM;0;219;2 Dimmer 00 (2)                     ;1000.0;CONTRA;CRT 201_1.2;0.0;0.0;0.0
55;29;;DIM;0;219;2 Dimmer 00 (2)                     ;1000.0;CONTRA;CRT 201_1.3;0.0;0.0;0.0
55;30;;DIM;0;219;2 Dimmer 00 (2)                     ;1000.0;CONTRA;CRT 201_1.4;0.0;0.0;0.0
55;31;;DIM;0;219;2 Dimmer 00 (2)                     ;1000.0;CONTRA;CRT 201_2.1;0.0;0.0;0.0
55;32;;DIM;0;219;2 Dimmer 00 (2)                     ;1000.0;CONTRA;CRT 201_2.2;0.0;0.0;0.0
55;33;;DIM;0;219;2 Dimmer 00 (2)                     ;1000.0;CONTRA;CRT 201_2.3;0.0;0.0;0.0
55;34;;DIM;93;219;2 Dimmer 00 (2)                     ;1000.0;CONTRA;CRT 115_1.1;364.7058823529;79870.5882352941;22.1862745098
55;35;;DIM;93;219;2 Dimmer 00 (2)                     ;1000.0;CONTRA;CRT 115_1.2;364.7058823529;79870.5882352941;22.1862745098
55;36;;DIM;91.5;219;2 Dimmer 00 (2)                     ;1000.0;CONTRA;CRT 115_1.3;358.8235294118;78582.3529411765;21.8284313725
55;37;;DIM;93;219;2 Dimmer 00 (2)                     ;1000.0;CONTRA;CRT 115_1.4;364.7058823529;79870.5882352941;22.1862745098
55;38;;DIM;93;219;2 Dimmer 00 (2)                     ;1000.0;CONTRA;CRT 115_2.1;364.7058823529;79870.5882352941;22.1862745098
55;39;;DIM;93;219;2 Dimmer 00 (2)                     ;1000.0;CONTRA;CRT 115_2.2;364.7058823529;79870.5882352941;22.1862745098
55;40;;DIM;91.5;219;2 Dimmer 00 (2)                     ;1000.0;CONTRA;CRT 115_2.3;358.8235294118;78582.3529411765;21.8284313725
55;41;;DIM;100;219;2 Dimmer 00 (2)                     ;750.0;LEQUE ;PAREDE 1;294.1176470588;64411.7647058824;17.8921568627
55;42;;DIM;100;219;2 Dimmer 00 (2)                     ;750.0;LEQUE ;PAREDE 2;294.1176470588;64411.7647058824;17.8921568627
55;43;;DIM;100;219;2 Dimmer 00 (2)                     ;750.0;LEQUE ;PAREDE 3;294.1176470588;64411.7647058824;17.8921568627
55;44;;DIM;100;219;2 Dimmer 00 (2)                     ;750.0;LEQUE ;PAREDE 4;294.1176470588;64411.7647058824;17.8921568627
55;45;;DIM;100;219;2 Dimmer 00 (2)                     ;750.0;LEQUE ;PAREDE 5;294.1176470588;64411.7647058824;17.8921568627
55;46;;DIM;100;219;2 Dimmer 00 (2)                     ;750.0;LEQUE ;PAREDE 6;294.1176470588;64411.7647058824;17.8921568627
55;47;;DIM;100;219;2 Dimmer 00 (2)                     ;750.0;LEQUE ;PAREDE 7;294.1176470588;64411.7647058824;17.8921568627
55;48;;DIM;0;219;2 Dimmer 00 (2)                     ;1000.0;LATERA;RED 1;0.0;0.0;0.0
55;49;;DIM;0;219;2 Dimmer 00 (2)                     ;1000.0;LATERA;RED 2;0.0;0.0;0.0
55;50;;DIM;0;219;2 Dimmer 00 (2)                     ;1000.0;LATERA;RED 3;0.0;0.0;0.0
55;51;;DIM;0;219;2 Dimmer 00 (2)                     ;1000.0;LATERA;RED 4;0.0;0.0;0.0
55;52;;DIM;0;219;2 Dimmer 00 (2)                     ;750.0;BANHEI;BANHEIRA FRT;0.0;0.0;0.0
55;53;;DIM;0;219;2 Dimmer 00 (2)                     ;750.0;BANHEI;BANHEIRA PIC.;0.0;0.0;0.0
55;54;;DIM;45.5;219;2 Dimmer 00 (2)                     ;750.0;BANHEI;BANHEIRA CRT;133.8235294118;29307.3529411765;8.1409313725
55;55;;DIM;0;219;2 Dimmer 00 (2)                     ;1000.0;BANCOS;BANCO FR L;0.0;0.0;0.0
55;56;;DIM;0;219;2 Dimmer 00 (2)                     ;1000.0;BANCOS;BANCO CRT L;0.0;0.0;0.0
55;57;;DIM;0;219;2 Dimmer 00 (2)                     ;1000.0;BANCOS;BANCO FR R;0.0;0.0;0.0
55;58;;DIM;0;219;2 Dimmer 00 (2)                     ;1000.0;BANCOS;BANCO CRT R;0.0;0.0;0.0
55;59;;DIM;0;219;2 Dimmer 00 (2)                     ;750.0;CADEIR;COUMIER;0.0;0.0;0.0
55;60;;DIM;0;219;2 Dimmer 00 (2)                     ;750.0;GUILHO;GUILHO PIC.;0.0;0.0;0.0
55;61;;DIM;0;219;2 Dimmer 00 (2)                     ;750.0;GUILHO;GUILHO CRT;0.0;0.0;0.0
55;62;;DIM;0;219;2 Dimmer 00 (2)                     ;1000.0;CANTOR;CANTORES CRT;0.0;0.0;0.0
55;63;;DIM;0;219;2 Dimmer 00 (2)                     ;1000.0;PORTA ;PORTA FR PICADO;0.0;0.0;0.0
55;64;;DIM;0;219;2 Dimmer 00 (2)                     ;1000.0;PORTA ;PORTA CRT;0.0;0.0;0.0
55;73;;DIM;84;219;2 Dimmer 00 (2)                     ;750.0;PORTA ;PORTA RÉGIE;247.0588235294;54105.8823529412;15.0294117647
55;65;;DIM;0;219;2 Dimmer 00 (2)                     ;1000.0;MUSICO;MUSICO FR;0.0;0.0;0.0
55;66;;DIM;0;219;2 Dimmer 00 (2)                     ;1000.0;MUSICO;PAUTAS CRT;0.0;0.0;0.0
55;67;;DIM;0;219;2 Dimmer 00 (2)                     ;750.0;MUSICO;KEYS;0.0;0.0;0.0
55;68;;DIM;6.5;219;2 Dimmer 00 (2)                     ;1000.0;ALCOVA;DIR ALCOVA;25.4901960784;5582.3529411765;1.5506535948
55;69;;DIM;25;219;2 Dimmer 00 (2)                     ;1000.0;ALCOVA;BANHEIRA DIR;98.0392156863;21470.5882352941;5.9640522876
55;70;;DIM;6.5;219;2 Dimmer 00 (2)                     ;750.0;ALCOVA;ESQ ALCOVA;19.1176470588;4186.7647058824;1.1629901961
55;71;;DIM;25;219;2 Dimmer 00 (2)                     ;750.0;ALCOVA;BANHEIRA ESQ;73.5294117647;16102.9411764706;4.4730392157
55;72;;DIM;0;219;2 Dimmer 00 (2)                     ;3000.0;FUMO  ;VAPOR;0.0;0.0;0.0
55;236;;DIM;0;219;2 Dimmer 00 (2)                     ;3000.0;FUMO  ;Fumo 1;0.0;0.0;0.0
55;237;;DIM;0;219;2 Dimmer 00 (2)                     ;100.0;FUMO  ;Fumo 2;0.0;0.0;0.0
55;238;;DIM;0;219;2 Dimmer 00 (2)                     ;3000.0;FUMO  ;Fumo 3;0.0;0.0;0.0
55;239;;DIM;0;219;2 Dimmer 00 (2)                     ;100.0;FUMO  ;Fumo 4;0.0;0.0;0.0
55;240;;DIM;0;219;2 Dimmer 00 (2)                     ;3000.0;FUMO  ;Fumo 5;0.0;0.0;0.0
55;231;;DIM;0;219;2 Dimmer 00 (2)                     ;3000.0;VENTOI;FAN 1;0.0;0.0;0.0
55;241;;DIM;0;219;2 Dimmer 00 (2)                     ;3000.0;VENTOI;FAN 2;0.0;0.0;0.0
55;232;;DIM;0;219;2 Dimmer 00 (2)                     ;1000.0;CODA P;PUB 1;0.0;0.0;0.0
55;233;;DIM;0;219;2 Dimmer 00 (2)                     ;1000.0;CODA P;PUB 2;0.0;0.0;0.0
55;234;;DIM;0;219;2 Dimmer 00 (2)                     ;1000.0;CODA P;PUB 3;0.0;0.0;0.0
55;235;;DIM;0;219;2 Dimmer 00 (2)                     ;1000.0;CODA P;PUB 4;0.0;0.0;0.0
55;1;;DIM;0;219;2 Dimmer 00 (2)                     ;2000.0;FRENTE;FT 1.1;0.0;0.0;0.0
55;2;;DIM;0;219;2 Dimmer 00 (2)                     ;2000.0;FRENTE;FT 1.2;0.0;0.0;0.0
55;3;;DIM;0;219;2 Dimmer 00 (2)                     ;2000.0;FRENTE;FT 1.3;0.0;0.0;0.0
55;4;;DIM;0;219;2 Dimmer 00 (2)                     ;2000.0;FRENTE;FT 1.4;0.0;0.0;0.0
55;5;;DIM;0;219;2 Dimmer 00 (2)                     ;2000.0;FRENTE;FT 1.5;0.0;0.0;0.0
55;6;;DIM;0;219;2 Dimmer 00 (2)                     ;2000.0;FRENTE;FT 2.1;0.0;0.0;0.0
55;7;;DIM;0;219;2 Dimmer 00 (2)                     ;2000.0;FRENTE;FT 2.2;0.0;0.0;0.0
55;8;;DIM;0;219;2 Dimmer 00 (2)                     ;2000.0;FRENTE;FT 2.3;0.0;0.0;0.0
55;9;;DIM;0;219;2 Dimmer 00 (2)                     ;2000.0;FRENTE;FT 2.4;0.0;0.0;0.0
55;10;;DIM;0;219;2 Dimmer 00 (2)                     ;2000.0;FRENTE;FT 2.5;0.0;0.0;0.0
55;11;;DIM;0;219;2 Dimmer 00 (2)                     ;1000.0;FRENTE;FT 201_3.1;0.0;0.0;0.0
55;12;;DIM;0;219;2 Dimmer 00 (2)                     ;1000.0;FRENTE;FT 201_3.2;0.0;0.0;0.0
55;13;;DIM;0;219;2 Dimmer 00 (2)                     ;1000.0;FRENTE;FT 201_3.3;0.0;0.0;0.0
55;14;;DIM;0;219;2 Dimmer 00 (2)                     ;1000.0;FRENTE;FT 201_3.4;0.0;0.0;0.0
55;15;;DIM;0;219;2 Dimmer 00 (2)                     ;1000.0;FRENTE;FT 201_3.5;0.0;0.0;0.0
55;16;;DIM;0;219;2 Dimmer 00 (2)                     ;1000.0;FRENTE;FT 201_4.1;0.0;0.0;0.0
55;17;;DIM;0;219;2 Dimmer 00 (2)                     ;1000.0;FRENTE;FT 201_4.2;0.0;0.0;0.0
55;18;;DIM;0;219;2 Dimmer 00 (2)                     ;1000.0;FRENTE;FT 201_4.3;0.0;0.0;0.0
55;19;;DIM;5.5;219;2 Dimmer 00 (2)                     ;1000.0;FRENTE;FT 115_3.1;21.568627451;4723.5294117647;1.3120915033
55;20;;DIM;5.5;219;2 Dimmer 00 (2)                     ;1000.0;FRENTE;FT 115_3.2;21.568627451;4723.5294117647;1.3120915033
55;21;;DIM;5.5;219;2 Dimmer 00 (2)                     ;1000.0;FRENTE;FT 115_3.3;21.568627451;4723.5294117647;1.3120915033
55;22;;DIM;5.5;219;2 Dimmer 00 (2)                     ;1000.0;FRENTE;FT 115_3.4;21.568627451;4723.5294117647;1.3120915033
55;23;;DIM;5.5;219;2 Dimmer 00 (2)                     ;1000.0;FRENTE;FT 115_3.5;21.568627451;4723.5294117647;1.3120915033
55;24;;DIM;5.5;219;2 Dimmer 00 (2)                     ;1000.0;FRENTE;FT 115_4.1;21.568627451;4723.5294117647;1.3120915033
55;25;;DIM;5.5;219;2 Dimmer 00 (2)                     ;1000.0;FRENTE;FT 115_4.2;21.568627451;4723.5294117647;1.3120915033
55;26;;DIM;5.5;219;2 Dimmer 00 (2)                     ;1000.0;FRENTE;FT 115_4.3;21.568627451;4723.5294117647;1.3120915033
55;27;;DIM;0;219;2 Dimmer 00 (2)                     ;1000.0;CONTRA;CRT 201_1.1;0.0;0.0;0.0
55;28;;DIM;0;219;2 Dimmer 00 (2)                     ;1000.0;CONTRA;CRT 201_1.2;0.0;0.0;0.0
55;29;;DIM;0;219;2 Dimmer 00 (2)                     ;1000.0;CONTRA;CRT 201_1.3;0.0;0.0;0.0
55;30;;DIM;0;219;2 Dimmer 00 (2)                     ;1000.0;CONTRA;CRT 201_1.4;0.0;0.0;0.0
55;31;;DIM;0;219;2 Dimmer 00 (2)                     ;1000.0;CONTRA;CRT 201_2.1;0.0;0.0;0.0
55;32;;DIM;0;219;2 Dimmer 00 (2)                     ;1000.0;CONTRA;CRT 201_2.2;0.0;0.0;0.0
55;33;;DIM;0;219;2 Dimmer 00 (2)                     ;1000.0;CONTRA;CRT 201_2.3;0.0;0.0;0.0
55;34;;DIM;0;219;2 Dimmer 00 (2)                     ;1000.0;CONTRA;CRT 115_1.1;0.0;0.0;0.0
55;35;;DIM;0;219;2 Dimmer 00 (2)                     ;1000.0;CONTRA;CRT 115_1.2;0.0;0.0;0.0
55;36;;DIM;0;219;2 Dimmer 00 (2)                     ;1000.0;CONTRA;CRT 115_1.3;0.0;0.0;0.0
55;37;;DIM;0;219;2 Dimmer 00 (2)                     ;1000.0;CONTRA;CRT 115_1.4;0.0;0.0;0.0
55;38;;DIM;0;219;2 Dimmer 00 (2)                     ;1000.0;CONTRA;CRT 115_2.1;0.0;0.0;0.0
55;39;;DIM;0;219;2 Dimmer 00 (2)                     ;1000.0;CONTRA;CRT 115_2.2;0.0;0.0;0.0
55;40;;DIM;0;219;2 Dimmer 00 (2)                     ;1000.0;CONTRA;CRT 115_2.3;0.0;0.0;0.0
55;41;;DIM;100;219;2 Dimmer 00 (2)                     ;750.0;LEQUE ;PAREDE 1;294.1176470588;64411.7647058824;17.8921568627
55;42;;DIM;100;219;2 Dimmer 00 (2)                     ;750.0;LEQUE ;PAREDE 2;294.1176470588;64411.7647058824;17.8921568627
55;43;;DIM;100;219;2 Dimmer 00 (2)                     ;750.0;LEQUE ;PAREDE 3;294.1176470588;64411.7647058824;17.8921568627
55;44;;DIM;100;219;2 Dimmer 00 (2)                     ;750.0;LEQUE ;PAREDE 4;294.1176470588;64411.7647058824;17.8921568627
55;45;;DIM;100;219;2 Dimmer 00 (2)                     ;750.0;LEQUE ;PAREDE 5;294.1176470588;64411.7647058824;17.8921568627
55;46;;DIM;100;219;2 Dimmer 00 (2)                     ;750.0;LEQUE ;PAREDE 6;294.1176470588;64411.7647058824;17.8921568627
55;47;;DIM;100;219;2 Dimmer 00 (2)                     ;750.0;LEQUE ;PAREDE 7;294.1176470588;64411.7647058824;17.8921568627
55;48;;DIM;0;219;2 Dimmer 00 (2)                     ;1000.0;LATERA;RED 1;0.0;0.0;0.0
55;49;;DIM;0;219;2 Dimmer 00 (2)                     ;1000.0;LATERA;RED 2;0.0;0.0;0.0
55;50;;DIM;0;219;2 Dimmer 00 (2)                     ;1000.0;LATERA;RED 3;0.0;0.0;0.0
55;51;;DIM;0;219;2 Dimmer 00 (2)                     ;1000.0;LATERA;RED 4;0.0;0.0;0.0
55;52;;DIM;0;219;2 Dimmer 00 (2)                     ;750.0;BANHEI;BANHEIRA FRT;0.0;0.0;0.0
55;53;;DIM;0;219;2 Dimmer 00 (2)                     ;750.0;BANHEI;BANHEIRA PIC.;0.0;0.0;0.0
55;54;;DIM;0;219;2 Dimmer 00 (2)                     ;750.0;BANHEI;BANHEIRA CRT;0.0;0.0;0.0
55;55;;DIM;0;219;2 Dimmer 00 (2)                     ;1000.0;BANCOS;BANCO FR L;0.0;0.0;0.0
55;56;;DIM;0;219;2 Dimmer 00 (2)                     ;1000.0;BANCOS;BANCO CRT L;0.0;0.0;0.0
55;57;;DIM;0;219;2 Dimmer 00 (2)                     ;1000.0;BANCOS;BANCO FR R;0.0;0.0;0.0
55;58;;DIM;0;219;2 Dimmer 00 (2)                     ;1000.0;BANCOS;BANCO CRT R;0.0;0.0;0.0
55;59;;DIM;0;219;2 Dimmer 00 (2)                     ;750.0;CADEIR;COUMIER;0.0;0.0;0.0
55;60;;DIM;0;219;2 Dimmer 00 (2)                     ;750.0;GUILHO;GUILHO PIC.;0.0;0.0;0.0
55;61;;DIM;0;219;2 Dimmer 00 (2)                     ;750.0;GUILHO;GUILHO CRT;0.0;0.0;0.0
55;62;;DIM;0;219;2 Dimmer 00 (2)                     ;1000.0;CANTOR;CANTORES CRT;0.0;0.0;0.0
55;63;;DIM;0;219;2 Dimmer 00 (2)                     ;1000.0;PORTA ;PORTA FR PICADO;0.0;0.0;0.0
55;64;;DIM;0;219;2 Dimmer 00 (2)                     ;1000.0;PORTA ;PORTA CRT;0.0;0.0;0.0
55;73;;DIM;84;219;2 Dimmer 00 (2)                     ;750.0;PORTA ;PORTA RÉGIE;247.0588235294;54105.8823529412;15.0294117647
55;65;;DIM;0;219;2 Dimmer 00 (2)                     ;1000.0;MUSICO;MUSICO FR;0.0;0.0;0.0
55;66;;DIM;0;219;2 Dimmer 00 (2)                     ;1000.0;MUSICO;PAUTAS CRT;0.0;0.0;0.0
55;67;;DIM;0;219;2 Dimmer 00 (2)                     ;750.0;MUSICO;KEYS;0.0;0.0;0.0
55;68;;DIM;6.5;219;2 Dimmer 00 (2)                     ;1000.0;ALCOVA;DIR ALCOVA;25.4901960784;5582.3529411765;1.5506535948
55;69;;DIM;0;219;2 Dimmer 00 (2)                     ;1000.0;ALCOVA;BANHEIRA DIR;0.0;0.0;0.0
55;70;;DIM;6.5;219;2 Dimmer 00 (2)                     ;750.0;ALCOVA;ESQ ALCOVA;19.1176470588;4186.7647058824;1.1629901961
55;71;;DIM;0;219;2 Dimmer 00 (2)                     ;750.0;ALCOVA;BANHEIRA ESQ;0.0;0.0;0.0
55;72;;DIM;0;219;2 Dimmer 00 (2)                     ;3000.0;FUMO  ;VAPOR;0.0;0.0;0.0
55;236;;DIM;0;219;2 Dimmer 00 (2)                     ;3000.0;FUMO  ;Fumo 1;0.0;0.0;0.0
55;237;;DIM;0;219;2 Dimmer 00 (2)                     ;100.0;FUMO  ;Fumo 2;0.0;0.0;0.0
55;238;;DIM;0;219;2 Dimmer 00 (2)                     ;3000.0;FUMO  ;Fumo 3;0.0;0.0;0.0
55;239;;DIM;0;219;2 Dimmer 00 (2)                     ;100.0;FUMO  ;Fumo 4;0.0;0.0;0.0
55;240;;DIM;0;219;2 Dimmer 00 (2)                     ;3000.0;FUMO  ;Fumo 5;0.0;0.0;0.0
55;231;;DIM;0;219;2 Dimmer 00 (2)                     ;3000.0;VENTOI;FAN 1;0.0;0.0;0.0
55;241;;DIM;0;219;2 Dimmer 00 (2)                     ;3000.0;VENTOI;FAN 2;0.0;0.0;0.0
55;232;;DIM;0;219;2 Dimmer 00 (2)                     ;1000.0;CODA P;PUB 1;0.0;0.0;0.0
55;233;;DIM;0;219;2 Dimmer 00 (2)                     ;1000.0;CODA P;PUB 2;0.0;0.0;0.0
55;234;;DIM;0;219;2 Dimmer 00 (2)                     ;1000.0;CODA P;PUB 3;0.0;0.0;0.0
55;235;;DIM;0;219;2 Dimmer 00 (2)                     ;1000.0;CODA P;PUB 4;0.0;0.0;0.0
56;1;;DIM;0;331;2 Dimmer 00 (2)                     ;2000.0;FRENTE;FT 1.1;0.0;0.0;0.0
56;2;;DIM;0;331;2 Dimmer 00 (2)                     ;2000.0;FRENTE;FT 1.2;0.0;0.0;0.0
56;3;;DIM;0;331;2 Dimmer 00 (2)                     ;2000.0;FRENTE;FT 1.3;0.0;0.0;0.0
56;4;;DIM;0;331;2 Dimmer 00 (2)                     ;2000.0;FRENTE;FT 1.4;0.0;0.0;0.0
56;5;;DIM;0;331;2 Dimmer 00 (2)                     ;2000.0;FRENTE;FT 1.5;0.0;0.0;0.0
56;6;;DIM;0;331;2 Dimmer 00 (2)                     ;2000.0;FRENTE;FT 2.1;0.0;0.0;0.0
56;7;;DIM;0;331;2 Dimmer 00 (2)                     ;2000.0;FRENTE;FT 2.2;0.0;0.0;0.0
56;8;;DIM;0;331;2 Dimmer 00 (2)                     ;2000.0;FRENTE;FT 2.3;0.0;0.0;0.0
56;9;;DIM;0;331;2 Dimmer 00 (2)                     ;2000.0;FRENTE;FT 2.4;0.0;0.0;0.0
56;10;;DIM;0;331;2 Dimmer 00 (2)                     ;2000.0;FRENTE;FT 2.5;0.0;0.0;0.0
56;11;;DIM;0;331;2 Dimmer 00 (2)                     ;1000.0;FRENTE;FT 201_3.1;0.0;0.0;0.0
56;12;;DIM;0;331;2 Dimmer 00 (2)                     ;1000.0;FRENTE;FT 201_3.2;0.0;0.0;0.0
56;13;;DIM;0;331;2 Dimmer 00 (2)                     ;1000.0;FRENTE;FT 201_3.3;0.0;0.0;0.0
56;14;;DIM;0;331;2 Dimmer 00 (2)                     ;1000.0;FRENTE;FT 201_3.4;0.0;0.0;0.0
56;15;;DIM;0;331;2 Dimmer 00 (2)                     ;1000.0;FRENTE;FT 201_3.5;0.0;0.0;0.0
56;16;;DIM;0;331;2 Dimmer 00 (2)                     ;1000.0;FRENTE;FT 201_4.1;0.0;0.0;0.0
56;17;;DIM;0;331;2 Dimmer 00 (2)                     ;1000.0;FRENTE;FT 201_4.2;0.0;0.0;0.0
56;18;;DIM;0;331;2 Dimmer 00 (2)                     ;1000.0;FRENTE;FT 201_4.3;0.0;0.0;0.0
56;19;;DIM;0;331;2 Dimmer 00 (2)                     ;1000.0;FRENTE;FT 115_3.1;0.0;0.0;0.0
56;20;;DIM;0;331;2 Dimmer 00 (2)                     ;1000.0;FRENTE;FT 115_3.2;0.0;0.0;0.0
56;21;;DIM;0;331;2 Dimmer 00 (2)                     ;1000.0;FRENTE;FT 115_3.3;0.0;0.0;0.0
56;22;;DIM;0;331;2 Dimmer 00 (2)                     ;1000.0;FRENTE;FT 115_3.4;0.0;0.0;0.0
56;23;;DIM;0;331;2 Dimmer 00 (2)                     ;1000.0;FRENTE;FT 115_3.5;0.0;0.0;0.0
56;24;;DIM;0;331;2 Dimmer 00 (2)                     ;1000.0;FRENTE;FT 115_4.1;0.0;0.0;0.0
56;25;;DIM;0;331;2 Dimmer 00 (2)                     ;1000.0;FRENTE;FT 115_4.2;0.0;0.0;0.0
56;26;;DIM;0;331;2 Dimmer 00 (2)                     ;1000.0;FRENTE;FT 115_4.3;0.0;0.0;0.0
56;27;;DIM;0;331;2 Dimmer 00 (2)                     ;1000.0;CONTRA;CRT 201_1.1;0.0;0.0;0.0
56;28;;DIM;0;331;2 Dimmer 00 (2)                     ;1000.0;CONTRA;CRT 201_1.2;0.0;0.0;0.0
56;29;;DIM;0;331;2 Dimmer 00 (2)                     ;1000.0;CONTRA;CRT 201_1.3;0.0;0.0;0.0
56;30;;DIM;0;331;2 Dimmer 00 (2)                     ;1000.0;CONTRA;CRT 201_1.4;0.0;0.0;0.0
56;31;;DIM;0;331;2 Dimmer 00 (2)                     ;1000.0;CONTRA;CRT 201_2.1;0.0;0.0;0.0
56;32;;DIM;0;331;2 Dimmer 00 (2)                     ;1000.0;CONTRA;CRT 201_2.2;0.0;0.0;0.0
56;33;;DIM;0;331;2 Dimmer 00 (2)                     ;1000.0;CONTRA;CRT 201_2.3;0.0;0.0;0.0
56;34;;DIM;0;331;2 Dimmer 00 (2)                     ;1000.0;CONTRA;CRT 115_1.1;0.0;0.0;0.0
56;35;;DIM;0;331;2 Dimmer 00 (2)                     ;1000.0;CONTRA;CRT 115_1.2;0.0;0.0;0.0
56;36;;DIM;0;331;2 Dimmer 00 (2)                     ;1000.0;CONTRA;CRT 115_1.3;0.0;0.0;0.0
56;37;;DIM;0;331;2 Dimmer 00 (2)                     ;1000.0;CONTRA;CRT 115_1.4;0.0;0.0;0.0
56;38;;DIM;0;331;2 Dimmer 00 (2)                     ;1000.0;CONTRA;CRT 115_2.1;0.0;0.0;0.0
56;39;;DIM;0;331;2 Dimmer 00 (2)                     ;1000.0;CONTRA;CRT 115_2.2;0.0;0.0;0.0
56;40;;DIM;0;331;2 Dimmer 00 (2)                     ;1000.0;CONTRA;CRT 115_2.3;0.0;0.0;0.0
56;41;;DIM;0;331;2 Dimmer 00 (2)                     ;750.0;LEQUE ;PAREDE 1;0.0;0.0;0.0
56;42;;DIM;0;331;2 Dimmer 00 (2)                     ;750.0;LEQUE ;PAREDE 2;0.0;0.0;0.0
56;43;;DIM;0;331;2 Dimmer 00 (2)                     ;750.0;LEQUE ;PAREDE 3;0.0;0.0;0.0
56;44;;DIM;0;331;2 Dimmer 00 (2)                     ;750.0;LEQUE ;PAREDE 4;0.0;0.0;0.0
56;45;;DIM;0;331;2 Dimmer 00 (2)                     ;750.0;LEQUE ;PAREDE 5;0.0;0.0;0.0
56;46;;DIM;0;331;2 Dimmer 00 (2)                     ;750.0;LEQUE ;PAREDE 6;0.0;0.0;0.0
56;47;;DIM;0;331;2 Dimmer 00 (2)                     ;750.0;LEQUE ;PAREDE 7;0.0;0.0;0.0
56;48;;DIM;0;331;2 Dimmer 00 (2)                     ;1000.0;LATERA;RED 1;0.0;0.0;0.0
56;49;;DIM;0;331;2 Dimmer 00 (2)                     ;1000.0;LATERA;RED 2;0.0;0.0;0.0
56;50;;DIM;0;331;2 Dimmer 00 (2)                     ;1000.0;LATERA;RED 3;0.0;0.0;0.0
56;51;;DIM;0;331;2 Dimmer 00 (2)                     ;1000.0;LATERA;RED 4;0.0;0.0;0.0
56;52;;DIM;0;331;2 Dimmer 00 (2)                     ;750.0;BANHEI;BANHEIRA FRT;0.0;0.0;0.0
56;53;;DIM;0;331;2 Dimmer 00 (2)                     ;750.0;BANHEI;BANHEIRA PIC.;0.0;0.0;0.0
56;54;;DIM;0;331;2 Dimmer 00 (2)                     ;750.0;BANHEI;BANHEIRA CRT;0.0;0.0;0.0
56;55;;DIM;0;331;2 Dimmer 00 (2)                     ;1000.0;BANCOS;BANCO FR L;0.0;0.0;0.0
56;56;;DIM;0;331;2 Dimmer 00 (2)                     ;1000.0;BANCOS;BANCO CRT L;0.0;0.0;0.0
56;57;;DIM;0;331;2 Dimmer 00 (2)                     ;1000.0;BANCOS;BANCO FR R;0.0;0.0;0.0
56;58;;DIM;0;331;2 Dimmer 00 (2)                     ;1000.0;BANCOS;BANCO CRT R;0.0;0.0;0.0
56;59;;DIM;0;331;2 Dimmer 00 (2)                     ;750.0;CADEIR;COUMIER;0.0;0.0;0.0
56;60;;DIM;0;331;2 Dimmer 00 (2)                     ;750.0;GUILHO;GUILHO PIC.;0.0;0.0;0.0
56;61;;DIM;0;331;2 Dimmer 00 (2)                     ;750.0;GUILHO;GUILHO CRT;0.0;0.0;0.0
56;62;;DIM;0;331;2 Dimmer 00 (2)                     ;1000.0;CANTOR;CANTORES CRT;0.0;0.0;0.0
56;63;;DIM;0;331;2 Dimmer 00 (2)                     ;1000.0;PORTA ;PORTA FR PICADO;0.0;0.0;0.0
56;64;;DIM;0;331;2 Dimmer 00 (2)                     ;1000.0;PORTA ;PORTA CRT;0.0;0.0;0.0
56;73;;DIM;0;331;2 Dimmer 00 (2)                     ;750.0;PORTA ;PORTA RÉGIE;0.0;0.0;0.0
56;65;;DIM;0;331;2 Dimmer 00 (2)                     ;1000.0;MUSICO;MUSICO FR;0.0;0.0;0.0
56;66;;DIM;0;331;2 Dimmer 00 (2)                     ;1000.0;MUSICO;PAUTAS CRT;0.0;0.0;0.0
56;67;;DIM;0;331;2 Dimmer 00 (2)                     ;750.0;MUSICO;KEYS;0.0;0.0;0.0
56;68;;DIM;0;331;2 Dimmer 00 (2)                     ;1000.0;ALCOVA;DIR ALCOVA;0.0;0.0;0.0
56;69;;DIM;0;331;2 Dimmer 00 (2)                     ;1000.0;ALCOVA;BANHEIRA DIR;0.0;0.0;0.0
56;70;;DIM;0;331;2 Dimmer 00 (2)                     ;750.0;ALCOVA;ESQ ALCOVA;0.0;0.0;0.0
56;71;;DIM;0;331;2 Dimmer 00 (2)                     ;750.0;ALCOVA;BANHEIRA ESQ;0.0;0.0;0.0
56;72;;DIM;0;331;2 Dimmer 00 (2)                     ;3000.0;FUMO  ;VAPOR;0.0;0.0;0.0
56;231;;DIM;0;331;2 Dimmer 00 (2)                     ;3000.0;VENTOI;FAN 1;0.0;0.0;0.0
56;232;;DIM;0;331;2 Dimmer 00 (2)                     ;1000.0;CODA P;PUB 1;0.0;0.0;0.0
56;233;;DIM;0;331;2 Dimmer 00 (2)                     ;1000.0;CODA P;PUB 2;0.0;0.0;0.0
56;234;;DIM;0;331;2 Dimmer 00 (2)                     ;1000.0;CODA P;PUB 3;0.0;0.0;0.0
56;235;;DIM;0;331;2 Dimmer 00 (2)                     ;1000.0;CODA P;PUB 4;0.0;0.0;0.0
57;1;;DIM;0;309;2 Dimmer 00 (2)                     ;2000.0;FRENTE;FT 1.1;0.0;0.0;0.0
57;2;;DIM;0;309;2 Dimmer 00 (2)                     ;2000.0;FRENTE;FT 1.2;0.0;0.0;0.0
57;3;;DIM;0;309;2 Dimmer 00 (2)                     ;2000.0;FRENTE;FT 1.3;0.0;0.0;0.0
57;4;;DIM;0;309;2 Dimmer 00 (2)                     ;2000.0;FRENTE;FT 1.4;0.0;0.0;0.0
57;5;;DIM;0;309;2 Dimmer 00 (2)                     ;2000.0;FRENTE;FT 1.5;0.0;0.0;0.0
57;6;;DIM;0;309;2 Dimmer 00 (2)                     ;2000.0;FRENTE;FT 2.1;0.0;0.0;0.0
57;7;;DIM;0;309;2 Dimmer 00 (2)                     ;2000.0;FRENTE;FT 2.2;0.0;0.0;0.0
57;8;;DIM;0;309;2 Dimmer 00 (2)                     ;2000.0;FRENTE;FT 2.3;0.0;0.0;0.0
57;9;;DIM;0;309;2 Dimmer 00 (2)                     ;2000.0;FRENTE;FT 2.4;0.0;0.0;0.0
57;10;;DIM;0;309;2 Dimmer 00 (2)                     ;2000.0;FRENTE;FT 2.5;0.0;0.0;0.0
57;11;;DIM;0;309;2 Dimmer 00 (2)                     ;1000.0;FRENTE;FT 201_3.1;0.0;0.0;0.0
57;12;;DIM;0;309;2 Dimmer 00 (2)                     ;1000.0;FRENTE;FT 201_3.2;0.0;0.0;0.0
57;13;;DIM;0;309;2 Dimmer 00 (2)                     ;1000.0;FRENTE;FT 201_3.3;0.0;0.0;0.0
57;14;;DIM;0;309;2 Dimmer 00 (2)                     ;1000.0;FRENTE;FT 201_3.4;0.0;0.0;0.0
57;15;;DIM;0;309;2 Dimmer 00 (2)                     ;1000.0;FRENTE;FT 201_3.5;0.0;0.0;0.0
57;16;;DIM;0;309;2 Dimmer 00 (2)                     ;1000.0;FRENTE;FT 201_4.1;0.0;0.0;0.0
57;17;;DIM;0;309;2 Dimmer 00 (2)                     ;1000.0;FRENTE;FT 201_4.2;0.0;0.0;0.0
57;18;;DIM;0;309;2 Dimmer 00 (2)                     ;1000.0;FRENTE;FT 201_4.3;0.0;0.0;0.0
57;19;;DIM;20;309;2 Dimmer 00 (2)                     ;1000.0;FRENTE;FT 115_3.1;78.431372549;24235.2941176471;6.7320261438
57;20;;DIM;20;309;2 Dimmer 00 (2)                     ;1000.0;FRENTE;FT 115_3.2;78.431372549;24235.2941176471;6.7320261438
57;21;;DIM;20;309;2 Dimmer 00 (2)                     ;1000.0;FRENTE;FT 115_3.3;78.431372549;24235.2941176471;6.7320261438
57;22;;DIM;20;309;2 Dimmer 00 (2)                     ;1000.0;FRENTE;FT 115_3.4;78.431372549;24235.2941176471;6.7320261438
57;23;;DIM;20;309;2 Dimmer 00 (2)                     ;1000.0;FRENTE;FT 115_3.5;78.431372549;24235.2941176471;6.7320261438
57;24;;DIM;20;309;2 Dimmer 00 (2)                     ;1000.0;FRENTE;FT 115_4.1;78.431372549;24235.2941176471;6.7320261438
57;25;;DIM;20;309;2 Dimmer 00 (2)                     ;1000.0;FRENTE;FT 115_4.2;78.431372549;24235.2941176471;6.7320261438
57;26;;DIM;20;309;2 Dimmer 00 (2)                     ;1000.0;FRENTE;FT 115_4.3;78.431372549;24235.2941176471;6.7320261438
57;27;;DIM;0;309;2 Dimmer 00 (2)                     ;1000.0;CONTRA;CRT 201_1.1;0.0;0.0;0.0
57;28;;DIM;0;309;2 Dimmer 00 (2)                     ;1000.0;CONTRA;CRT 201_1.2;0.0;0.0;0.0
57;29;;DIM;0;309;2 Dimmer 00 (2)                     ;1000.0;CONTRA;CRT 201_1.3;0.0;0.0;0.0
57;30;;DIM;0;309;2 Dimmer 00 (2)                     ;1000.0;CONTRA;CRT 201_1.4;0.0;0.0;0.0
57;31;;DIM;0;309;2 Dimmer 00 (2)                     ;1000.0;CONTRA;CRT 201_2.1;0.0;0.0;0.0
57;32;;DIM;0;309;2 Dimmer 00 (2)                     ;1000.0;CONTRA;CRT 201_2.2;0.0;0.0;0.0
57;33;;DIM;0;309;2 Dimmer 00 (2)                     ;1000.0;CONTRA;CRT 201_2.3;0.0;0.0;0.0
57;34;;DIM;35.5;309;2 Dimmer 00 (2)                     ;1000.0;CONTRA;CRT 115_1.1;139.2156862745;43017.6470588235;11.9493464052
57;35;;DIM;35.5;309;2 Dimmer 00 (2)                     ;1000.0;CONTRA;CRT 115_1.2;139.2156862745;43017.6470588235;11.9493464052
57;36;;DIM;35.5;309;2 Dimmer 00 (2)                     ;1000.0;CONTRA;CRT 115_1.3;139.2156862745;43017.6470588235;11.9493464052
57;37;;DIM;35.5;309;2 Dimmer 00 (2)                     ;1000.0;CONTRA;CRT 115_1.4;139.2156862745;43017.6470588235;11.9493464052
57;38;;DIM;35.5;309;2 Dimmer 00 (2)                     ;1000.0;CONTRA;CRT 115_2.1;139.2156862745;43017.6470588235;11.9493464052
57;39;;DIM;35.5;309;2 Dimmer 00 (2)                     ;1000.0;CONTRA;CRT 115_2.2;139.2156862745;43017.6470588235;11.9493464052
57;40;;DIM;35.5;309;2 Dimmer 00 (2)                     ;1000.0;CONTRA;CRT 115_2.3;139.2156862745;43017.6470588235;11.9493464052
57;41;;DIM;50;309;2 Dimmer 00 (2)                     ;750.0;LEQUE ;PAREDE 1;147.0588235294;45441.1764705882;12.6225490196
57;42;;DIM;50;309;2 Dimmer 00 (2)                     ;750.0;LEQUE ;PAREDE 2;147.0588235294;45441.1764705882;12.6225490196
57;43;;DIM;50;309;2 Dimmer 00 (2)                     ;750.0;LEQUE ;PAREDE 3;147.0588235294;45441.1764705882;12.6225490196
57;44;;DIM;50;309;2 Dimmer 00 (2)                     ;750.0;LEQUE ;PAREDE 4;147.0588235294;45441.1764705882;12.6225490196
57;45;;DIM;50;309;2 Dimmer 00 (2)                     ;750.0;LEQUE ;PAREDE 5;147.0588235294;45441.1764705882;12.6225490196
57;46;;DIM;50;309;2 Dimmer 00 (2)                     ;750.0;LEQUE ;PAREDE 6;147.0588235294;45441.1764705882;12.6225490196
57;47;;DIM;50;309;2 Dimmer 00 (2)                     ;750.0;LEQUE ;PAREDE 7;147.0588235294;45441.1764705882;12.6225490196
57;48;;DIM;0;309;2 Dimmer 00 (2)                     ;1000.0;LATERA;RED 1;0.0;0.0;0.0
57;49;;DIM;0;309;2 Dimmer 00 (2)                     ;1000.0;LATERA;RED 2;0.0;0.0;0.0
57;50;;DIM;0;309;2 Dimmer 00 (2)                     ;1000.0;LATERA;RED 3;0.0;0.0;0.0
57;51;;DIM;0;309;2 Dimmer 00 (2)                     ;1000.0;LATERA;RED 4;0.0;0.0;0.0
57;52;;DIM;0;309;2 Dimmer 00 (2)                     ;750.0;BANHEI;BANHEIRA FRT;0.0;0.0;0.0
57;53;;DIM;0;309;2 Dimmer 00 (2)                     ;750.0;BANHEI;BANHEIRA PIC.;0.0;0.0;0.0
57;54;;DIM;0;309;2 Dimmer 00 (2)                     ;750.0;BANHEI;BANHEIRA CRT;0.0;0.0;0.0
57;55;;DIM;0;309;2 Dimmer 00 (2)                     ;1000.0;BANCOS;BANCO FR L;0.0;0.0;0.0
57;56;;DIM;0;309;2 Dimmer 00 (2)                     ;1000.0;BANCOS;BANCO CRT L;0.0;0.0;0.0
57;57;;DIM;0;309;2 Dimmer 00 (2)                     ;1000.0;BANCOS;BANCO FR R;0.0;0.0;0.0
57;58;;DIM;0;309;2 Dimmer 00 (2)                     ;1000.0;BANCOS;BANCO CRT R;0.0;0.0;0.0
57;59;;DIM;0;309;2 Dimmer 00 (2)                     ;750.0;CADEIR;COUMIER;0.0;0.0;0.0
57;60;;DIM;0;309;2 Dimmer 00 (2)                     ;750.0;GUILHO;GUILHO PIC.;0.0;0.0;0.0
57;61;;DIM;0;309;2 Dimmer 00 (2)                     ;750.0;GUILHO;GUILHO CRT;0.0;0.0;0.0
57;62;;DIM;0;309;2 Dimmer 00 (2)                     ;1000.0;CANTOR;CANTORES CRT;0.0;0.0;0.0
57;63;;DIM;0;309;2 Dimmer 00 (2)                     ;1000.0;PORTA ;PORTA FR PICADO;0.0;0.0;0.0
57;64;;DIM;0;309;2 Dimmer 00 (2)                     ;1000.0;PORTA ;PORTA CRT;0.0;0.0;0.0
57;73;;DIM;0;309;2 Dimmer 00 (2)                     ;750.0;PORTA ;PORTA RÉGIE;0.0;0.0;0.0
57;65;;DIM;0;309;2 Dimmer 00 (2)                     ;1000.0;MUSICO;MUSICO FR;0.0;0.0;0.0
57;66;;DIM;0;309;2 Dimmer 00 (2)                     ;1000.0;MUSICO;PAUTAS CRT;0.0;0.0;0.0
57;67;;DIM;0;309;2 Dimmer 00 (2)                     ;750.0;MUSICO;KEYS;0.0;0.0;0.0
57;68;;DIM;0;309;2 Dimmer 00 (2)                     ;1000.0;ALCOVA;DIR ALCOVA;0.0;0.0;0.0
57;69;;DIM;0;309;2 Dimmer 00 (2)                     ;1000.0;ALCOVA;BANHEIRA DIR;0.0;0.0;0.0
57;70;;DIM;0;309;2 Dimmer 00 (2)                     ;750.0;ALCOVA;ESQ ALCOVA;0.0;0.0;0.0
57;71;;DIM;0;309;2 Dimmer 00 (2)                     ;750.0;ALCOVA;BANHEIRA ESQ;0.0;0.0;0.0
57;72;;DIM;0;309;2 Dimmer 00 (2)                     ;3000.0;FUMO  ;VAPOR;0.0;0.0;0.0
57;231;;DIM;0;309;2 Dimmer 00 (2)                     ;3000.0;VENTOI;FAN 1;0.0;0.0;0.0
57;232;;DIM;50;309;2 Dimmer 00 (2)                     ;1000.0;CODA P;PUB 1;196.0784313725;60588.2352941176;16.8300653595
57;233;;DIM;50;309;2 Dimmer 00 (2)                     ;1000.0;CODA P;PUB 2;196.0784313725;60588.2352941176;16.8300653595
57;234;;DIM;50;309;2 Dimmer 00 (2)                     ;1000.0;CODA P;PUB 3;196.0784313725;60588.2352941176;16.8300653595
57;235;;DIM;50;309;2 Dimmer 00 (2)                     ;1000.0;CODA P;PUB 4;196.0784313725;60588.2352941176;16.8300653595
58;19;;DIM;40;346;2 Dimmer 00 (2)                     ;1000.0;FRENTE;FT 115_3.1;156.862745098;54274.5098039216;15.0762527233
58;20;;DIM;40;346;2 Dimmer 00 (2)                     ;1000.0;FRENTE;FT 115_3.2;156.862745098;54274.5098039216;15.0762527233
58;21;;DIM;40;346;2 Dimmer 00 (2)                     ;1000.0;FRENTE;FT 115_3.3;156.862745098;54274.5098039216;15.0762527233
58;22;;DIM;40;346;2 Dimmer 00 (2)                     ;1000.0;FRENTE;FT 115_3.4;156.862745098;54274.5098039216;15.0762527233
58;23;;DIM;40;346;2 Dimmer 00 (2)                     ;1000.0;FRENTE;FT 115_3.5;156.862745098;54274.5098039216;15.0762527233
58;24;;DIM;40;346;2 Dimmer 00 (2)                     ;1000.0;FRENTE;FT 115_4.1;156.862745098;54274.5098039216;15.0762527233
58;25;;DIM;40;346;2 Dimmer 00 (2)                     ;1000.0;FRENTE;FT 115_4.2;156.862745098;54274.5098039216;15.0762527233
58;26;;DIM;40;346;2 Dimmer 00 (2)                     ;1000.0;FRENTE;FT 115_4.3;156.862745098;54274.5098039216;15.0762527233
58;232;;DIM;70;346;2 Dimmer 00 (2)                     ;1000.0;CODA P;PUB 1;274.5098039216;94980.3921568628;26.3834422658
58;233;;DIM;70;346;2 Dimmer 00 (2)                     ;1000.0;CODA P;PUB 2;274.5098039216;94980.3921568628;26.3834422658
58;234;;DIM;70;346;2 Dimmer 00 (2)                     ;1000.0;CODA P;PUB 3;274.5098039216;94980.3921568628;26.3834422658
58;235;;DIM;70;346;2 Dimmer 00 (2)                     ;1000.0;CODA P;PUB 4;274.5098039216;94980.3921568628;26.3834422658
